polymorphic_index,alignment,HXB2_index,nucleotide,TF,consensus,epitope,escape,sc_old,sc_MPL,tc_MPL,f_at_0,f_at_13,f_at_41,f_at_69,f_at_174,f_at_420
0,55,5096,A,A,G,RIKTWKSLVK,False,0.0,0.0,nan,1.0,1.0,0.96429,1.0,0.92,0.90909
0,55,5096,G,A,G,RIKTWKSLVK,True,0.014329635,-0.0008140913,0.08368699,0.0,0.0,0.035714,0.0,0.08,0.090909
1,56,5097,A,A,A,RIKTWKSLVK,False,0.0,0.0,nan,1.0,1.0,1.0,0.043478,0.08,0.090909
1,56,5097,T,A,A,RIKTWKSLVK,True,0.054756639999999995,0.02815752,0.08368699,0.0,0.0,0.0,0.95652,0.92,0.90909
2,65,5106,A,A,A,RIKTWKSLVK,False,0.0,0.0,nan,1.0,1.0,0.96429,1.0,1.0,1.0
2,65,5106,C,A,A,RIKTWKSLVK,True,-0.004824794,-0.014215808,0.08368699,0.0,0.0,0.035714,0.0,0.0,0.0
3,66,5107,A,A,A,RIKTWKSLVK,False,0.0,0.0,nan,1.0,1.0,0.96429,1.0,1.0,1.0
3,66,5107,G,A,A,RIKTWKSLVK,True,-0.001450432,-0.010993718,0.08368699,0.0,0.0,0.035714,0.0,0.0,0.0
4,78,5119,C,C,C,nan,False,0.0,0.0,nan,1.0,1.0,1.0,1.0,1.0,0.45455
4,78,5119,T,C,C,nan,False,-0.004903413,-0.002379427,nan,0.0,0.0,0.0,0.0,0.0,0.54545
5,87,5128,C,C,T,nan,False,0.0,0.0,nan,1.0,1.0,1.0,1.0,1.0,0.90909
5,87,5128,T,C,T,nan,False,-0.0011236483,-0.0014291703000000001,nan,0.0,0.0,0.0,0.0,0.0,0.090909
6,90,5131,A,A,A,nan,False,0.0,0.0,nan,1.0,1.0,1.0,1.0,0.96,1.0
6,90,5131,G,A,A,nan,False,-0.004056781000000001,-0.0034869569999999997,nan,0.0,0.0,0.0,0.0,0.04,0.0
7,98,5139,A,G,G,nan,False,0.0043414809999999995,0.003454991,nan,0.0,0.0,0.0,0.0,0.04,0.0
7,98,5139,G,G,G,nan,False,0.0,0.0,nan,1.0,1.0,1.0,1.0,0.96,1.0
8,114,5155,G,T,T,nan,False,-0.003301782,-0.002768462,nan,0.0,0.0,0.0,0.0,0.04,0.0
8,114,5155,T,T,T,nan,False,0.0,0.0,nan,1.0,1.0,1.0,1.0,0.96,1.0
9,124,5165,A,A,A,nan,False,0.0,0.0,nan,1.0,0.92857,1.0,1.0,1.0,1.0
9,124,5165,C,A,A,nan,False,0.004290214,0.008734683,nan,0.0,0.071429,0.0,0.0,0.0,0.0
10,134,5175,A,A,A,nan,False,0.0,0.0,nan,1.0,1.0,0.46429,0.043478,0.0,0.0
10,134,5175,C,A,A,nan,False,0.0238977826,0.00594499499,nan,0.0,0.0,0.071429,0.0,0.0,0.0
10,134,5175,T,A,A,nan,False,0.04665393,0.012224157999999999,nan,0.0,0.0,0.46429,0.95652,1.0,1.0
11,135,5176,A,A,A,nan,False,0.0,0.0,nan,1.0,0.92857,1.0,1.0,1.0,1.0
11,135,5176,C,A,A,nan,False,0.005063053,0.010514281,nan,0.0,0.071429,0.0,0.0,0.0,0.0
12,136,5177,A,G,G,nan,False,0.010928008,-0.0014914495,nan,0.0,0.14286,0.14286,0.0,0.0,0.0
12,136,5177,G,G,G,nan,False,0.0,0.0,nan,1.0,0.85714,0.85714,1.0,1.0,1.0
13,138,5179,A,A,A,nan,False,0.0,0.0,nan,1.0,1.0,0.89286,0.95652,1.0,1.0
13,138,5179,G,A,A,nan,False,0.02973636,0.02418114,nan,0.0,0.0,0.10714,0.043478,0.0,0.0
14,139,5180,A,C,C,nan,False,0.010419034,0.002115418,nan,0.0,0.0,0.071429,0.0,0.0,0.0
14,139,5180,C,C,C,nan,False,0.0,0.0,nan,1.0,1.0,0.89286,1.0,1.0,1.0
14,139,5180,T,C,C,nan,False,0.006832316,0.0011362431099999999,nan,0.0,0.0,0.035714,0.0,0.0,0.0
15,151,5192,A,T,T,nan,False,0.009915838000000001,0.009561555999999999,nan,0.0,0.071429,0.0,0.0,0.0,0.0
15,151,5192,C,T,T,nan,False,0.015213912,0.0062081283,nan,0.0,0.0,0.10714,0.0,0.0,0.0
15,151,5192,T,T,T,nan,False,0.0,0.0,nan,1.0,0.92857,0.89286,1.0,1.0,1.0
16,153,5194,A,A,A,nan,False,0.0,0.0,nan,1.0,1.0,0.96429,1.0,1.0,1.0
16,153,5194,G,A,A,nan,False,0.0025254179999999998,0.0006278384000000001,nan,0.0,0.0,0.035714,0.0,0.0,0.0
17,178,5219,A,G,G,nan,False,-0.0022728590000000003,-0.0008629495,nan,0.0,0.0,0.0,0.0,0.0,0.090909
17,178,5219,G,G,G,nan,False,0.0,0.0,nan,1.0,1.0,1.0,1.0,1.0,0.90909
18,187,5228,A,G,A,nan,False,-0.0013255702,-0.0016310921,nan,0.0,0.0,0.0,0.0,0.0,0.090909
18,187,5228,G,G,A,nan,False,0.0,0.0,nan,1.0,1.0,1.0,1.0,1.0,0.90909
19,215,5256,A,G,G,nan,False,-0.0013255702,-0.0016310921,nan,0.0,0.0,0.0,0.0,0.0,0.090909
19,215,5256,G,G,G,nan,False,0.0,0.0,nan,1.0,1.0,1.0,1.0,1.0,0.90909
20,242,5283,A,G,G,nan,False,-0.002693811,-0.0003784015,nan,0.0,0.0,0.0,0.043478,0.0,0.0
20,242,5283,G,G,G,nan,False,0.0,0.0,nan,1.0,1.0,1.0,0.95652,1.0,1.0
21,274,5315,A,G,A,nan,False,-0.00015005815,-0.0005765944000000001,nan,0.0,0.0,0.035714,0.0,0.0,0.0
21,274,5315,G,G,A,nan,False,0.0,0.0,nan,1.0,1.0,0.96429,1.0,1.0,1.0
22,278,5319,A,A,A,nan,False,0.0,0.0,nan,1.0,1.0,0.96429,1.0,1.0,1.0
22,278,5319,G,A,A,nan,False,-0.001450432,-0.010993718,nan,0.0,0.0,0.035714,0.0,0.0,0.0
23,282,5323,A,A,A,nan,False,0.0,0.0,nan,1.0,1.0,1.0,1.0,0.96,1.0
23,282,5323,T,A,A,nan,False,-0.0005163305999999999,-0.00020163463,nan,0.0,0.0,0.0,0.0,0.04,0.0
24,284,5325,C,C,C,nan,False,0.0,0.0,nan,1.0,1.0,1.0,1.0,1.0,0.90909
24,284,5325,T,C,C,nan,False,2.993189999999999e-05,0.00028403168999999997,nan,0.0,0.0,0.0,0.0,0.0,0.090909
25,293,5334,A,A,A,nan,False,0.0,0.0,nan,1.0,1.0,1.0,1.0,1.0,0.90909
25,293,5334,G,A,A,nan,False,-0.00013048391,-0.00013824809,nan,0.0,0.0,0.0,0.0,0.0,0.090909
26,311,5352,C,C,C,nan,False,0.0,0.0,nan,1.0,1.0,1.0,0.95652,0.96,1.0
26,311,5352,T,C,C,nan,False,-0.0004979341,-0.0008783560000000001,nan,0.0,0.0,0.0,0.043478,0.04,0.0
27,317,5358,A,A,A,nan,False,0.0,0.0,nan,1.0,1.0,1.0,1.0,0.96,1.0
27,317,5358,G,A,A,nan,False,-0.003280171,-0.002084721,nan,0.0,0.0,0.0,0.0,0.04,0.0
28,369,5410,A,C,A,nan,False,-0.0013168459,-0.00068505556,nan,0.0,0.0,0.0,0.0,0.0,0.18182
28,369,5410,C,C,A,nan,False,0.0,0.0,nan,1.0,1.0,1.0,0.95652,1.0,0.81818
28,369,5410,T,C,A,nan,False,-0.00079496681,-0.0011879673,nan,0.0,0.0,0.0,0.043478,0.0,0.0
29,389,5430,A,C,T,nan,False,0.01069187,0.007995832,nan,0.0,0.0,0.0,0.0,0.04,0.0
29,389,5430,C,C,T,nan,False,0.0,0.0,nan,1.0,1.0,1.0,1.0,0.96,1.0
30,401,5442,A,G,A,nan,False,-0.000850348,-0.0014789244,nan,0.0,0.0,0.0,0.043478,0.0,0.0
30,401,5442,G,G,A,nan,False,0.0,0.0,nan,1.0,1.0,1.0,0.95652,1.0,1.0
31,405,5446,A,C,C,nan,False,0.003371496,0.004768048,nan,0.0,0.0,0.0,0.0,0.04,0.0
31,405,5446,C,C,C,nan,False,0.0,0.0,nan,1.0,1.0,1.0,1.0,0.96,1.0
32,406,5447,A,A,A,nan,False,0.0,0.0,nan,1.0,1.0,1.0,1.0,0.76,1.0
32,406,5447,G,A,A,nan,False,0.015709812,0.013504032,nan,0.0,0.0,0.0,0.0,0.24,0.0
33,407,5448,A,A,A,nan,False,0.0,0.0,nan,1.0,1.0,1.0,1.0,0.48,1.0
33,407,5448,C,A,A,nan,False,0.018163778,0.01705473,nan,0.0,0.0,0.0,0.0,0.48,0.0
33,407,5448,T,A,A,nan,False,0.013115961,0.011896572000000001,nan,0.0,0.0,0.0,0.0,0.04,0.0
34,417,5458,A,A,A,nan,False,0.0,0.0,nan,1.0,1.0,1.0,1.0,0.96,1.0
34,417,5458,G,A,A,nan,False,0.003866793,0.0029526789999999997,nan,0.0,0.0,0.0,0.0,0.04,0.0
35,418,5459,A,A,A,nan,False,0.0,0.0,nan,1.0,1.0,1.0,1.0,1.0,0.0
35,418,5459,G,A,A,nan,False,-4.2350319999999995e-05,0.002972062,nan,0.0,0.0,0.0,0.0,0.0,1.0
36,419,5460,A,C,C,nan,False,-0.0009574214,0.00011239479999999998,nan,0.0,0.0,0.0,0.0,0.04,0.0
36,419,5460,C,C,C,nan,False,0.0,0.0,nan,1.0,1.0,1.0,1.0,0.96,1.0
37,420,5461,A,A,A,nan,False,0.0,0.0,nan,1.0,1.0,1.0,1.0,0.96,1.0
37,420,5461,C,A,A,nan,False,0.004200943,0.004303991,nan,0.0,0.0,0.0,0.0,0.04,0.0
38,451,5492,C,C,C,nan,False,0.0,0.0,nan,1.0,1.0,1.0,1.0,0.96,1.0
38,451,5492,T,C,C,nan,False,0.000705884,-0.0007846702,nan,0.0,0.0,0.0,0.0,0.04,0.0
39,461,5502,A,A,A,LVAPKKTKP,False,0.0,0.0,nan,1.0,1.0,1.0,1.0,0.96,1.0
39,461,5502,G,A,A,LVAPKKTKP,False,-0.0013762552,-0.0011171622000000002,nan,0.0,0.0,0.0,0.0,0.04,0.0
40,465,5506,C,C,C,LVAPKKTKP,False,0.0,0.0,nan,1.0,1.0,0.96429,1.0,0.88,0.81818
40,465,5506,T,C,C,LVAPKKTKP,True,-0.0013148919999999998,-0.006566272,nan,0.0,0.0,0.035714,0.0,0.12,0.18182
41,479,5520,A,G,G,LVAPKKTKP,False,-0.0013770535,-0.0011451801,nan,0.0,0.0,0.0,0.0,0.0,0.090909
41,479,5520,G,G,G,LVAPKKTKP,False,0.0,0.0,nan,1.0,1.0,1.0,1.0,1.0,0.90909
42,485,5526,C,T,T,nan,False,-0.003675993,-0.0011201613999999999,nan,0.0,0.0,0.0,0.0,0.04,0.0
42,485,5526,T,T,T,nan,False,0.0,0.0,nan,1.0,1.0,1.0,1.0,0.96,1.0
43,495,5536,A,G,G,nan,False,0.00024208947,0.0009705465,nan,0.0,0.0,0.0,0.0,0.0,0.63636
43,495,5536,G,G,G,nan,False,0.0,0.0,nan,1.0,1.0,1.0,1.0,1.0,0.36364
44,526,5567,A,A,A,nan,False,0.0,0.0,nan,1.0,1.0,1.0,1.0,0.96,1.0
44,526,5567,C,A,A,nan,False,0.0008606619999999999,0.0007438752,nan,0.0,0.0,0.0,0.0,0.04,0.0
45,532,5573,A,A,A,nan,False,0.0,0.0,nan,1.0,1.0,1.0,1.0,0.96,1.0
45,532,5573,G,A,A,nan,False,-0.002252903,-0.0007347272,nan,0.0,0.0,0.0,0.0,0.04,0.0
46,556,5597,A,G,G,nan,False,-0.0006122138,0.0029245549999999997,nan,0.0,0.0,0.0,0.0,0.08,0.18182
46,556,5597,G,G,G,nan,False,0.0,0.0,nan,1.0,1.0,1.0,1.0,0.92,0.81818
47,559,5600,A,A,A,nan,False,0.0,0.0,nan,1.0,1.0,1.0,1.0,1.0,0.90909
47,559,5600,C,A,A,nan,False,6.504249999999999e-05,5.727830000000001e-05,nan,0.0,0.0,0.0,0.0,0.0,0.090909
48,595,5636,A,T,T,nan,False,-2.7934800000000023e-05,-0.00059014699,nan,0.0,0.0,0.035714,0.0,0.0,0.0
48,595,5636,T,T,T,nan,False,0.0,0.0,nan,1.0,1.0,0.96429,1.0,1.0,1.0
49,598,5639,A,G,G,nan,False,-0.00020281461,-0.0003196014,nan,0.0,0.0,0.0,0.0,0.04,0.0
49,598,5639,G,G,G,nan,False,0.0,0.0,nan,1.0,1.0,1.0,1.0,0.96,1.0
50,626,5667,A,C,A,nan,False,-0.0018259020000000001,-0.011369188,nan,0.0,0.0,0.035714,0.0,0.0,0.0
50,626,5667,C,C,A,nan,False,0.0,0.0,nan,1.0,1.0,0.96429,1.0,1.0,1.0
51,673,5714,C,T,T,nan,False,-0.011524020999999999,-0.011386277,nan,0.083333,0.0,0.0,0.0,0.0,0.0
51,673,5714,T,T,T,nan,False,0.0,0.0,nan,0.91667,1.0,1.0,1.0,1.0,1.0
52,701,5742,A,A,A,nan,False,0.0,0.0,nan,1.0,0.92857,1.0,1.0,1.0,1.0
52,701,5742,C,A,A,nan,False,0.005063053,0.010514281,nan,0.0,0.071429,0.0,0.0,0.0,0.0
53,702,5743,A,G,G,nan,False,0.005374958,0.0012426294,nan,0.0,0.0,0.035714,0.0,0.0,0.0
53,702,5743,G,G,G,nan,False,0.0,0.0,nan,1.0,1.0,0.96429,1.0,1.0,1.0
54,718,5759,A,G,G,nan,False,0.003668983,0.0033962890000000003,nan,0.0,0.0,0.0,0.0,0.04,0.0
54,718,5759,G,G,G,nan,False,0.0,0.0,nan,1.0,1.0,1.0,1.0,0.96,1.0
55,775,5816,A,A,A,nan,False,0.0,0.0,nan,1.0,1.0,0.96429,1.0,1.0,1.0
55,775,5816,C,A,A,nan,False,0.0009234718,0.0004969356,nan,0.0,0.0,0.035714,0.0,0.0,0.0
56,776,5817,A,G,G,nan,False,0.007287526,0.002621448,nan,0.0,0.0,0.035714,0.0,0.0,0.0
56,776,5817,G,G,G,nan,False,0.0,0.0,nan,1.0,1.0,0.96429,1.0,1.0,1.0
57,793,5834,A,G,G,nan,False,-0.002311432,-0.011854718,nan,0.0,0.0,0.035714,0.0,0.0,0.0
57,793,5834,G,G,G,nan,False,0.0,0.0,nan,1.0,1.0,0.96429,1.0,1.0,1.0
58,802,5843,A,G,G,nan,False,-0.017856621,-0.017569789000000002,nan,0.083333,0.0,0.0,0.0,0.0,0.0
58,802,5843,G,G,G,nan,False,0.0,0.0,nan,0.91667,1.0,1.0,1.0,1.0,1.0
59,850,5891,A,G,G,nan,False,-0.0014328980000000002,-0.00036308179999999996,nan,0.0,0.0,0.0,0.0,0.04,0.0
59,850,5891,G,G,G,nan,False,0.0,0.0,nan,1.0,1.0,1.0,1.0,0.96,1.0
60,973,6014,A,A,A,nan,False,0.0,0.0,nan,1.0,1.0,1.0,0.95652,1.0,1.0
60,973,6014,G,A,A,nan,False,1.0651949999999999e-05,-0.0006179244,nan,0.0,0.0,0.0,0.043478,0.0,0.0
61,1013,6054,A,A,T,nan,False,0.0,0.0,nan,1.0,1.0,1.0,1.0,0.96,1.0
61,1013,6054,C,A,T,nan,False,-0.0012401226,-0.00011454562,nan,0.0,0.0,0.0,0.0,0.04,0.0
62,1029,6070,C,T,T,nan,False,0.005715938,0.0015836093999999998,nan,0.0,0.0,0.035714,0.0,0.0,0.0
62,1029,6070,T,T,T,nan,False,0.0,0.0,nan,1.0,1.0,0.96429,1.0,1.0,1.0
63,1039,6080,C,T,T,nan,False,-0.0037954950000000003,-0.002600045,nan,0.0,0.0,0.0,0.0,0.04,0.0
63,1039,6080,T,T,T,nan,False,0.0,0.0,nan,1.0,1.0,1.0,1.0,0.96,1.0
64,1053,6094,G,T,A,nan,False,-0.0007524698,-0.00052059647,nan,0.0,0.0,0.0,0.0,0.0,0.090909
64,1053,6094,T,T,A,nan,False,0.0,0.0,nan,1.0,1.0,1.0,1.0,1.0,0.90909
65,1063,6104,A,G,G,nan,False,-0.0009278011,-0.0020169869,nan,0.0,0.0,0.0,0.043478,0.0,0.0
65,1063,6104,G,G,G,nan,False,0.0,0.0,nan,1.0,1.0,1.0,0.95652,1.0,1.0
66,1064,6105,G,T,C,nan,False,0.006375817000000001,0.0073911310000000004,nan,0.0,0.0,0.0,0.0,0.04,0.81818
66,1064,6105,T,T,C,nan,False,0.0,0.0,nan,1.0,1.0,1.0,1.0,0.96,0.18182
67,1075,6116,A,G,G,nan,False,-0.00020281461,-0.0003196014,nan,0.0,0.0,0.0,0.0,0.04,0.0
67,1075,6116,G,G,G,nan,False,0.0,0.0,nan,1.0,1.0,1.0,1.0,0.96,1.0
68,1113,6154,A,G,G,nan,False,0.002548791,0.00022091197,nan,0.0,0.0,0.0,0.0,0.04,0.0
68,1113,6154,G,G,G,nan,False,0.0,0.0,nan,1.0,1.0,1.0,1.0,0.96,1.0
69,1124,6165,A,G,G,nan,False,0.0009600553999999999,0.0018828114,nan,0.0,0.0,0.0,0.0,0.08,0.0
69,1124,6165,G,G,G,nan,False,0.0,0.0,nan,1.0,1.0,1.0,1.0,0.92,1.0
70,1131,6172,A,A,A,nan,False,0.0,0.0,nan,1.0,1.0,1.0,1.0,1.0,0.72727
70,1131,6172,G,A,A,nan,False,0.0007708819,0.0011331626999999999,nan,0.0,0.0,0.0,0.0,0.0,0.27273
71,1132,6173,A,A,A,nan,False,0.0,0.0,nan,1.0,1.0,1.0,1.0,0.92,1.0
71,1132,6173,C,A,A,nan,False,0.015155609,0.010194233,nan,0.0,0.0,0.0,0.0,0.08,0.0
72,1240,6272,C,C,A,nan,False,0.0,0.0,nan,1.0,1.0,1.0,1.0,1.0,0.90909
72,1240,6272,T,C,A,nan,False,-0.0020825729,-0.0008932409,nan,0.0,0.0,0.0,0.0,0.0,0.090909
73,1243,6275,A,G,G,nan,False,-0.002693811,-0.0003784015,nan,0.0,0.0,0.0,0.043478,0.0,0.0
73,1243,6275,G,G,G,nan,False,0.0,0.0,nan,1.0,1.0,1.0,0.95652,1.0,1.0
74,1245,6277,A,G,G,nan,False,0.0009799776000000001,-0.001167187,nan,0.0,0.0,0.035714,0.0,0.0,0.0
74,1245,6277,G,G,G,nan,False,0.0,0.0,nan,1.0,1.0,0.96429,1.0,1.0,1.0
75,1268,6300,A,G,A,nan,False,-0.002284495,-0.0010951627,nan,0.0,0.0,0.0,0.0,0.0,0.090909
75,1268,6300,G,G,A,nan,False,0.0,0.0,nan,1.0,1.0,1.0,1.0,1.0,0.90909
76,1270,6302,A,G,G,nan,False,0.0031374669999999997,0.0032405150000000002,nan,0.0,0.0,0.0,0.0,0.04,0.0
76,1270,6302,G,G,G,nan,False,0.0,0.0,nan,1.0,1.0,1.0,1.0,0.96,1.0
77,1279,6311,C,T,T,nan,False,0.002689918,0.005943421,nan,0.0,0.071429,0.0,0.0,0.0,0.0
77,1279,6311,T,T,T,nan,False,0.0,0.0,nan,1.0,0.92857,1.0,1.0,1.0,1.0
78,1283,6314a,-,-,-,nan,False,0.0,0.0,nan,1.0,1.0,1.0,1.0,0.88,0.54545
78,1283,6314a,A,-,-,nan,False,0.00428044,0.003981024,nan,0.0,0.0,0.0,0.0,0.12,0.36364
78,1283,6314a,C,-,-,nan,False,0.0021715782799999997,0.0017927293,nan,0.0,0.0,0.0,0.0,0.0,0.090909
79,1284,6314b,-,-,-,nan,False,0.0,0.0,nan,1.0,1.0,1.0,1.0,0.88,0.54545
79,1284,6314b,A,-,-,nan,False,0.004321195999999999,0.003869019,nan,0.0,0.0,0.0,0.0,0.12,0.45455
80,1285,6314c,-,-,-,nan,False,0.0,0.0,nan,1.0,1.0,1.0,1.0,0.88,0.54545
80,1285,6314c,A,-,-,nan,False,0.004825418,0.003848814,nan,0.0,0.0,0.0,0.0,0.08,0.36364
80,1285,6314c,C,-,-,nan,False,0.00206301546,0.0017985662,nan,0.0,0.0,0.0,0.0,0.0,0.090909
80,1285,6314c,G,-,-,nan,False,0.0016557291,0.00199242962,nan,0.0,0.0,0.0,0.0,0.04,0.0
81,1286,6315,A,A,G,nan,False,0.0,0.0,nan,1.0,1.0,1.0,1.0,0.96,0.45455
81,1286,6315,G,A,G,nan,False,-0.0013391377,0.0019197025,nan,0.0,0.0,0.0,0.0,0.04,0.54545
82,1288,6317,A,A,A,nan,False,0.0,0.0,nan,1.0,1.0,1.0,1.0,0.96,1.0
82,1288,6317,G,A,A,nan,False,-0.0014425992,-0.0003170222,nan,0.0,0.0,0.0,0.0,0.04,0.0
83,1289,6317a,-,A,-,nan,False,0.0035461880000000005,0.003540516,nan,0.0,0.0,0.0,0.0,0.08,0.63636
83,1289,6317a,A,A,-,nan,False,0.0,0.0,nan,1.0,1.0,1.0,1.0,0.88,0.36364
83,1289,6317a,G,A,-,nan,False,0.0007985073,0.00163985378,nan,0.0,0.0,0.0,0.0,0.04,0.0
84,1290,6317b,-,A,-,nan,False,0.003982042,0.003413582,nan,0.0,0.0,0.0,0.0,0.08,0.63636
84,1290,6317b,A,A,-,nan,False,0.0,0.0,nan,1.0,1.0,1.0,1.0,0.92,0.36364
85,1291,6317c,-,A,-,nan,False,0.003982042,0.003413582,nan,0.0,0.0,0.0,0.0,0.08,0.63636
85,1291,6317c,A,A,-,nan,False,0.0,0.0,nan,1.0,1.0,1.0,1.0,0.92,0.36364
86,1292,6317d,-,G,-,nan,False,-0.006626965,-0.006233331,nan,0.0,0.0,0.0,0.0,0.08,0.72727
86,1292,6317d,A,G,-,nan,False,-0.021344903,-0.020086099,nan,0.16667,0.0,0.0,0.0,0.04,0.0
86,1292,6317d,G,G,-,nan,False,0.0,0.0,nan,0.83333,1.0,1.0,1.0,0.88,0.27273
87,1293,6317e,-,A,-,nan,False,-0.005859184999999999,-0.00602834,nan,0.0,0.0,0.0,0.0,0.08,0.72727
87,1293,6317e,A,A,-,nan,False,0.0,0.0,nan,0.83333,1.0,1.0,1.0,0.92,0.27273
87,1293,6317e,G,A,-,nan,False,-0.019824713,-0.019691478,nan,0.16667,0.0,0.0,0.0,0.0,0.0
88,1294,6317f,-,G,-,nan,False,-0.006191462,-0.006360616999999999,nan,0.0,0.0,0.0,0.0,0.08,0.72727
88,1294,6317f,A,G,-,nan,False,-0.02047355,-0.020340314999999998,nan,0.16667,0.0,0.0,0.0,0.0,0.0
88,1294,6317f,G,G,-,nan,False,0.0,0.0,nan,0.83333,1.0,1.0,1.0,0.92,0.27273
89,1295,6318,-,G,G,nan,False,-0.0020668165,-0.00043659219999999993,nan,0.0,0.0,0.0,0.0,0.04,0.0
89,1295,6318,A,G,G,nan,False,-0.002690642,-0.0011185594,nan,0.0,0.0,0.0,0.0,0.0,0.18182
89,1295,6318,G,G,G,nan,False,0.0,0.0,nan,1.0,1.0,1.0,1.0,0.96,0.81818
90,1296,6319,-,A,A,nan,False,-0.0012187879000000001,-9.321089999999999e-05,nan,0.0,0.0,0.0,0.0,0.04,0.0
90,1296,6319,A,A,A,nan,False,0.0,0.0,nan,1.0,1.0,1.0,1.0,0.96,1.0
91,1297,6320,-,A,A,nan,False,0.0015301485000000002,0.001866849,nan,0.0,0.0,0.0,0.0,0.04,0.0
91,1297,6320,A,A,A,nan,False,0.0,0.0,nan,1.0,1.0,1.0,1.0,0.88,0.54545
91,1297,6320,G,A,A,nan,False,0.004487255000000001,0.003472289,nan,0.0,0.0,0.0,0.0,0.08,0.45455
92,1298,6321,-,A,A,nan,False,-0.0008289242,0.0011450920000000001,nan,0.0,0.0,0.0,0.0,0.04,0.0
92,1298,6321,A,A,A,nan,False,0.0,0.0,nan,1.0,1.0,1.0,1.0,0.92,0.36364
92,1298,6321,G,A,A,nan,False,-0.00023012410000000001,0.0020295423999999998,nan,0.0,0.0,0.0,0.0,0.04,0.63636
93,1299,6322,-,A,A,nan,False,-0.0012187879000000001,-9.321089999999999e-05,nan,0.0,0.0,0.0,0.0,0.04,0.0
93,1299,6322,A,A,A,nan,False,0.0,0.0,nan,1.0,1.0,1.0,1.0,0.96,1.0
94,1300,6323,-,G,A,nan,False,0.0006856185,0.0015269650000000001,nan,0.0,0.0,0.0,0.0,0.04,0.0
94,1300,6323,A,G,A,nan,False,0.00281073,0.002805057,nan,0.0,0.0,0.0,0.0,0.08,0.63636
94,1300,6323,G,G,A,nan,False,0.0,0.0,nan,1.0,1.0,1.0,1.0,0.88,0.36364
95,1301,6324,-,-,T,nan,False,0.0,0.0,nan,1.0,1.0,1.0,1.0,0.92,0.36364
95,1301,6324,A,-,T,nan,False,0.004301116000000001,0.003732656,nan,0.0,0.0,0.0,0.0,0.08,0.63636
96,1302,6325,-,-,T,nan,False,0.0,0.0,nan,1.0,1.0,1.0,1.0,0.92,0.36364
96,1302,6325,A,-,T,nan,False,0.0043779760000000004,0.003652167,nan,0.0,0.0,0.0,0.0,0.04,0.63636
96,1302,6325,G,-,T,nan,False,0.0019835012,0.0018566191600000001,nan,0.0,0.0,0.0,0.0,0.04,0.0
97,1303,6326,-,-,G,nan,False,0.0,0.0,nan,1.0,1.0,1.0,1.0,0.92,0.36364
97,1303,6326,G,-,G,nan,False,0.004398045,0.0038295840000000005,nan,0.0,0.0,0.0,0.0,0.08,0.63636
98,1305,6328,A,G,G,nan,False,-0.002693811,-0.0003784015,nan,0.0,0.0,0.0,0.043478,0.0,0.0
98,1305,6328,G,G,G,nan,False,0.0,0.0,nan,1.0,1.0,1.0,0.95652,1.0,1.0
99,1321,6344,C,T,T,nan,False,-0.0018915793,-0.0016324866,nan,0.0,0.0,0.0,0.0,0.04,0.0
99,1321,6344,T,T,T,nan,False,0.0,0.0,nan,1.0,1.0,1.0,1.0,0.96,1.0
100,1324,6347,-,G,G,nan,False,-0.015655982,-0.015394689999999999,nan,0.083333,0.0,0.0,0.0,0.0,0.0
100,1324,6347,G,G,G,nan,False,0.0,0.0,nan,0.91667,1.0,1.0,1.0,1.0,1.0
101,1395,6418,C,C,T,nan,False,0.0,0.0,nan,1.0,1.0,1.0,0.95652,1.0,1.0
101,1395,6418,T,C,T,nan,False,-0.0008039589,-0.0018931452,nan,0.0,0.0,0.0,0.043478,0.0,0.0
102,1435,6458,C,T,C,nan,False,0.002747543,0.0019562051,nan,0.0,0.0,0.0,0.0,0.0,0.090909
102,1435,6458,T,T,C,nan,False,0.0,0.0,nan,1.0,1.0,1.0,1.0,1.0,0.90909
103,1440,6463,A,A,A,nan,False,0.0,0.0,nan,1.0,1.0,0.96429,1.0,1.0,1.0
103,1440,6463,G,A,A,nan,False,0.0018409776,-0.00030618700000000003,nan,0.0,0.0,0.035714,0.0,0.0,0.0
104,1451,6474,A,G,G,nan,False,-0.005605307,-0.003055186,nan,0.0,0.0,0.0,0.0,0.0,0.54545
104,1451,6474,G,G,G,nan,False,0.0,0.0,nan,1.0,1.0,1.0,1.0,1.0,0.45455
105,1507,6530,C,C,A,nan,False,0.0,0.0,nan,1.0,1.0,1.0,1.0,1.0,0.90909
105,1507,6530,T,C,A,nan,False,-0.0020825729,-0.0008932409,nan,0.0,0.0,0.0,0.0,0.0,0.090909
106,1565,6588,A,T,T,nan,False,-0.017285407,-0.016998576,nan,0.083333,0.0,0.0,0.0,0.0,0.0
106,1565,6588,T,T,T,nan,False,0.0,0.0,nan,0.91667,1.0,1.0,1.0,1.0,1.0
107,1597,6620,G,T,T,nan,False,0.000814081,-0.0001697902,nan,0.0,0.0,0.071429,0.0,0.0,0.0
107,1597,6620,T,T,T,nan,False,0.0,0.0,nan,1.0,1.0,0.92857,1.0,1.0,1.0
108,1601,6624,A,G,T,nan,False,0.002398621,0.0016072833,nan,0.0,0.0,0.0,0.0,0.0,0.090909
108,1601,6624,G,G,T,nan,False,0.0,0.0,nan,1.0,1.0,1.0,1.0,1.0,0.90909
109,1605,6628,G,G,A,nan,False,0.0,0.0,nan,1.0,1.0,0.82143,1.0,1.0,0.18182
109,1605,6628,T,G,A,nan,False,0.005527366000000001,0.004342339,nan,0.0,0.0,0.17857,0.0,0.0,0.81818
110,1610,6633,A,G,G,nan,False,0.005097463,0.003950798,nan,0.0,0.0,0.17857,0.0,0.0,0.72727
110,1610,6633,G,G,G,nan,False,0.0,0.0,nan,1.0,1.0,0.82143,1.0,1.0,0.18182
110,1610,6633,T,G,G,nan,False,0.0023362212,0.0017053468999999998,nan,0.0,0.0,0.0,0.0,0.0,0.090909
111,1611,6634,A,G,C,nan,False,0.005030214,0.003845187,nan,0.0,0.0,0.17857,0.0,0.0,0.81818
111,1611,6634,G,G,C,nan,False,0.0,0.0,nan,1.0,1.0,0.82143,1.0,1.0,0.18182
112,1612,6635,C,C,T,nan,False,0.0,0.0,nan,1.0,1.0,1.0,1.0,1.0,0.90909
112,1612,6635,T,C,T,nan,False,0.0026005430000000003,0.001809205,nan,0.0,0.0,0.0,0.0,0.0,0.090909
113,1617,6640,A,G,A,nan,False,-0.0013255702,-0.0016310921,nan,0.0,0.0,0.0,0.0,0.0,0.090909
113,1617,6640,G,G,A,nan,False,0.0,0.0,nan,1.0,1.0,1.0,1.0,1.0,0.90909
114,1619,6642,A,A,A,nan,False,0.0,0.0,nan,1.0,0.92857,1.0,1.0,1.0,1.0
114,1619,6642,G,A,A,nan,False,0.004045097,0.008489567,nan,0.0,0.071429,0.0,0.0,0.0,0.0
115,1622,6645,A,G,A,nan,False,0.0003713152,-0.00047519779999999996,nan,0.0,0.0,0.21429,0.0,0.0,0.81818
115,1622,6645,G,G,A,nan,False,0.0,0.0,nan,1.0,1.0,0.78571,1.0,1.0,0.18182
116,1625,6648,-,G,C,nan,False,0.00072768287,-0.00011883020000000001,nan,0.0,0.0,0.21429,0.0,0.0,0.81818
116,1625,6648,G,G,C,nan,False,0.0,0.0,nan,1.0,1.0,0.78571,1.0,1.0,0.18182
117,1626,6649,-,C,T,nan,False,0.00074648469,-0.00010002829999999999,nan,0.0,0.0,0.21429,0.0,0.0,0.81818
117,1626,6649,C,C,T,nan,False,0.0,0.0,nan,1.0,1.0,0.78571,1.0,1.0,0.18182
118,1627,6650,-,T,A,nan,False,0.0007934892,-5.302379999999997e-05,nan,0.0,0.0,0.21429,0.0,0.0,0.81818
118,1627,6650,T,T,A,nan,False,0.0,0.0,nan,1.0,1.0,0.78571,1.0,1.0,0.18182
119,1628,6650a,-,A,-,nan,False,0.0010567147,0.00021020166,nan,0.0,0.0,0.21429,0.0,0.0,0.81818
119,1628,6650a,A,A,-,nan,False,0.0,0.0,nan,1.0,1.0,0.78571,1.0,1.0,0.18182
120,1629,6650b,-,T,-,nan,False,0.0010032284,-4.7474499999999994e-05,nan,0.0,0.0,0.21429,0.0,0.0,0.81818
120,1629,6650b,A,T,-,nan,False,0.0004578545,-0.0003737817,nan,0.0,0.0,0.0,0.0,0.0,0.18182
120,1629,6650b,T,T,-,nan,False,0.0,0.0,nan,1.0,1.0,0.78571,1.0,1.0,0.0
121,1630,6650c,-,T,-,nan,False,0.0010284993,-2.2203599999999978e-05,nan,0.0,0.0,0.21429,0.0,0.0,0.81818
121,1630,6650c,C,T,-,nan,False,0.00030156537,-0.0005300708,nan,0.0,0.0,0.0,0.0,0.0,0.18182
121,1630,6650c,T,T,-,nan,False,0.0,0.0,nan,1.0,1.0,0.78571,1.0,1.0,0.0
122,1631,6650d,-,G,-,nan,False,0.0009539711,-9.673169999999999e-05,nan,0.0,0.0,0.21429,0.0,0.0,0.81818
122,1631,6650d,A,G,-,nan,False,3.02972e-05,-0.0008013389,nan,0.0,0.0,0.0,0.0,0.0,0.18182
122,1631,6650d,G,G,-,nan,False,0.0,0.0,nan,1.0,1.0,0.78571,1.0,1.0,0.0
123,1632,6650e,-,C,-,nan,False,0.0009600256,-9.067720000000001e-05,nan,0.0,0.0,0.21429,0.0,0.0,0.81818
123,1632,6650e,A,C,-,nan,False,0.00035645167,-0.00047518440000000005,nan,0.0,0.0,0.0,0.0,0.0,0.18182
123,1632,6650e,C,C,-,nan,False,0.0,0.0,nan,1.0,1.0,0.78571,1.0,1.0,0.0
124,1633,6650f,-,T,-,nan,False,0.0007934892,-5.302379999999997e-05,nan,0.0,0.0,0.21429,0.0,0.0,0.81818
124,1633,6650f,T,T,-,nan,False,0.0,0.0,nan,1.0,1.0,0.78571,1.0,1.0,0.18182
125,1634,6650g,-,A,-,nan,False,0.0014185061,0.00016361332,nan,0.0,0.0,0.21429,0.0,0.0,1.0
125,1634,6650g,A,A,-,nan,False,0.0,0.0,nan,1.0,1.0,0.78571,1.0,1.0,0.0
126,1635,6650h,-,A,-,nan,False,0.0014185061,0.00016361332,nan,0.0,0.0,0.21429,0.0,0.0,1.0
126,1635,6650h,A,A,-,nan,False,0.0,0.0,nan,1.0,1.0,0.78571,1.0,1.0,0.0
127,1636,6650i,-,C,-,nan,False,0.0011304161,-0.00012447670000000001,nan,0.0,0.0,0.21429,0.0,0.0,1.0
127,1636,6650i,C,C,-,nan,False,0.0,0.0,nan,1.0,1.0,0.78571,1.0,1.0,0.0
128,1637,6650j,-,A,-,nan,False,0.0014185061,0.00016361332,nan,0.0,0.0,0.21429,0.0,0.0,1.0
128,1637,6650j,A,A,-,nan,False,0.0,0.0,nan,1.0,1.0,0.78571,1.0,1.0,0.0
129,1638,6650k,-,A,-,nan,False,0.0014185061,0.00016361332,nan,0.0,0.0,0.21429,0.0,0.0,1.0
129,1638,6650k,A,A,-,nan,False,0.0,0.0,nan,1.0,1.0,0.78571,1.0,1.0,0.0
130,1639,6650l,-,T,-,nan,False,0.001791693,0.0004784069,nan,0.0,0.0,0.21429,0.0,0.0,1.0
130,1639,6650l,C,T,-,nan,False,0.0012981037,0.0005538705999999999,nan,0.0,0.0,0.0,0.0,0.04,0.0
130,1639,6650l,T,T,-,nan,False,0.0,0.0,nan,1.0,1.0,0.78571,1.0,0.96,0.0
131,1640,6650m,-,G,-,nan,False,0.00072768287,-0.00011883020000000001,nan,0.0,0.0,0.21429,0.0,0.0,0.81818
131,1640,6650m,G,G,-,nan,False,0.0,0.0,nan,1.0,1.0,0.78571,1.0,1.0,0.18182
132,1641,6650n,-,G,-,nan,False,0.00072768287,-0.00011883020000000001,nan,0.0,0.0,0.21429,0.0,0.0,0.81818
132,1641,6650n,G,G,-,nan,False,0.0,0.0,nan,1.0,1.0,0.78571,1.0,1.0,0.18182
133,1642,6650o,-,T,-,nan,False,0.0007934892,-5.302379999999997e-05,nan,0.0,0.0,0.21429,0.0,0.0,0.81818
133,1642,6650o,T,T,-,nan,False,0.0,0.0,nan,1.0,1.0,0.78571,1.0,1.0,0.18182
134,1643,6651,-,A,-,nan,False,0.0010567147,0.00021020166,nan,0.0,0.0,0.21429,0.0,0.0,0.81818
134,1643,6651,A,A,-,nan,False,0.0,0.0,nan,1.0,1.0,0.78571,1.0,1.0,0.18182
135,1644,6652,-,C,G,nan,False,0.0003133684,2.9643800000000016e-05,nan,0.0,0.0,0.21429,0.0,0.0,0.81818
135,1644,6652,C,C,G,nan,False,0.0,0.0,nan,1.0,1.0,0.78571,1.0,0.96,0.18182
135,1644,6652,T,C,G,nan,False,-0.0011428954,-0.000440575,nan,0.0,0.0,0.0,0.0,0.04,0.0
136,1645,6653,-,T,T,nan,False,0.0007934892,-5.302379999999997e-05,nan,0.0,0.0,0.21429,0.0,0.0,0.81818
136,1645,6653,T,T,T,nan,False,0.0,0.0,nan,1.0,1.0,0.78571,1.0,1.0,0.18182
137,1646,6654,-,A,A,nan,False,0.0010567147,0.00021020166,nan,0.0,0.0,0.21429,0.0,0.0,0.81818
137,1646,6654,A,A,A,nan,False,0.0,0.0,nan,1.0,1.0,0.78571,1.0,1.0,0.18182
138,1647,6655,-,A,G,nan,False,0.0010567147,0.00021020166,nan,0.0,0.0,0.21429,0.0,0.0,0.81818
138,1647,6655,A,A,G,nan,False,0.0,0.0,nan,1.0,1.0,0.78571,1.0,1.0,0.18182
139,1648,6656,-,T,T,nan,False,0.0007934892,-5.302379999999997e-05,nan,0.0,0.0,0.21429,0.0,0.0,0.81818
139,1648,6656,T,T,T,nan,False,0.0,0.0,nan,1.0,1.0,0.78571,1.0,1.0,0.18182
140,1655,6663,A,A,A,nan,False,0.0,0.0,nan,1.0,1.0,1.0,1.0,1.0,0.90909
140,1655,6663,G,A,A,nan,False,0.0006890100999999999,0.0009431099,nan,0.0,0.0,0.0,0.0,0.0,0.090909
141,1659,6667,A,G,C,nan,False,-0.00017198988,8.2109847e-05,nan,0.0,0.0,0.0,0.0,0.0,0.090909
141,1659,6667,G,G,C,nan,False,0.0,0.0,nan,1.0,1.0,1.0,1.0,1.0,0.90909
142,1660,6668,C,T,G,nan,False,-0.003582759,-0.0020285253,nan,0.0,0.0,0.0,0.0,0.0,0.090909
142,1660,6668,T,T,G,nan,False,0.0,0.0,nan,1.0,1.0,1.0,1.0,1.0,0.90909
143,1666,6674,A,T,G,nan,False,-0.0005649178199999999,0.0016640045,nan,0.0,0.0,0.0,0.0,0.0,0.18182
143,1666,6674,G,T,G,nan,False,-0.00058239632,0.0017103004,nan,0.0,0.0,0.0,0.0,0.0,0.81818
143,1666,6674,T,T,G,nan,False,0.0,0.0,nan,1.0,1.0,1.0,1.0,1.0,0.0
144,1693,6701,C,C,C,nan,False,0.0,0.0,nan,1.0,1.0,1.0,1.0,1.0,0.90909
144,1693,6701,T,C,C,nan,False,-0.0020825729,-0.0008932409,nan,0.0,0.0,0.0,0.0,0.0,0.090909
145,1717,6725,G,T,T,nan,False,-0.0003749304,0.002639482,nan,0.0,0.0,0.0,0.0,0.0,1.0
145,1717,6725,T,T,T,nan,False,0.0,0.0,nan,1.0,1.0,1.0,1.0,1.0,0.0
146,1741,6749,-,T,T,nan,False,-0.017172312,-0.016885482,nan,0.083333,0.0,0.0,0.0,0.0,0.0
146,1741,6749,T,T,T,nan,False,0.0,0.0,nan,0.91667,1.0,1.0,1.0,1.0,1.0
147,1757,6765,A,G,G,nan,False,0.0017171506,0.0016959651999999999,nan,0.0,0.0,0.0,0.0,0.04,0.0
147,1757,6765,G,G,G,nan,False,0.0,0.0,nan,1.0,1.0,1.0,1.0,0.96,1.0
148,1763,6771,C,T,C,nan,False,0.0020053983,0.00010781840999999999,nan,0.0,0.0,0.035714,0.0,0.0,0.0
148,1763,6771,T,T,C,nan,False,0.0,0.0,nan,1.0,1.0,0.96429,1.0,1.0,1.0
149,1807,6815,C,C,C,nan,False,0.0,0.0,nan,1.0,1.0,1.0,1.0,0.96,1.0
149,1807,6815,T,C,C,nan,False,-0.0019989809,-0.0017398880000000002,nan,0.0,0.0,0.0,0.0,0.04,0.0
150,1817,6825,A,G,A,nan,False,-0.0015438191000000001,-0.0016205415,nan,0.0,0.0,0.0,0.0,0.0,0.090909
150,1817,6825,G,G,A,nan,False,0.0,0.0,nan,1.0,1.0,1.0,1.0,1.0,0.90909
151,1819,6827,C,T,T,nan,False,0.0006232824,-0.00022008661,nan,0.0,0.0,0.035714,0.0,0.0,0.0
151,1819,6827,T,T,T,nan,False,0.0,0.0,nan,1.0,1.0,0.96429,1.0,1.0,1.0
152,1847,6855,C,G,G,nan,False,0.006041608,0.0019092797,nan,0.0,0.0,0.035714,0.0,0.0,0.0
152,1847,6855,G,G,G,nan,False,0.0,0.0,nan,1.0,1.0,0.96429,1.0,1.0,1.0
153,1858,6866,A,C,C,nan,False,0.002867148,0.0020758096,nan,0.0,0.0,0.0,0.0,0.0,0.090909
153,1858,6866,C,C,C,nan,False,0.0,0.0,nan,1.0,1.0,1.0,1.0,1.0,0.90909
154,1864,6872,C,T,T,nan,False,-0.0019239371,-0.0005140277,nan,0.0,0.0,0.0,0.0,0.0,0.090909
154,1864,6872,T,T,T,nan,False,0.0,0.0,nan,1.0,1.0,1.0,1.0,1.0,0.90909
155,1877,6885,A,G,G,nan,False,-0.00015005815,-0.0005765944000000001,nan,0.0,0.0,0.035714,0.0,0.0,0.0
155,1877,6885,G,G,G,nan,False,0.0,0.0,nan,1.0,1.0,0.96429,1.0,1.0,1.0
156,1897,6905,A,G,G,nan,False,0.002946051,0.001841427,nan,0.0,0.0,0.0,0.0,0.0,0.27273
156,1897,6905,G,G,G,nan,False,0.0,0.0,nan,1.0,1.0,1.0,1.0,1.0,0.72727
157,1918,6926,A,C,T,nan,False,0.00029653650000000003,0.0005506362299999999,nan,0.0,0.0,0.0,0.0,0.0,0.090909
157,1918,6926,C,C,T,nan,False,0.0,0.0,nan,1.0,1.0,1.0,1.0,1.0,0.90909
158,1924,6932,A,A,A,nan,False,0.0,0.0,nan,1.0,0.92857,1.0,1.0,1.0,1.0
158,1924,6932,G,A,A,nan,False,-0.003232305,-0.017941681,nan,0.0,0.071429,0.0,0.0,0.0,0.0
159,1940,6948,A,G,G,nan,False,0.002348575,0.005602079,nan,0.0,0.071429,0.0,0.0,0.0,0.0
159,1940,6948,G,G,G,nan,False,0.0,0.0,nan,1.0,0.92857,1.0,1.0,1.0,1.0
160,1972,6980,A,G,G,nan,False,0.002398621,0.0016072833,nan,0.0,0.0,0.0,0.0,0.0,0.090909
160,1972,6980,G,G,G,nan,False,0.0,0.0,nan,1.0,1.0,1.0,1.0,1.0,0.90909
161,2009,7017,C,C,C,nan,False,0.0,0.0,nan,1.0,1.0,1.0,1.0,0.96,1.0
161,2009,7017,T,C,C,nan,False,0.010415068999999999,0.0077190309999999995,nan,0.0,0.0,0.0,0.0,0.04,0.0
162,2015,7023,A,G,G,nan,False,-0.016266647000000002,-0.016005356999999998,nan,0.083333,0.0,0.0,0.0,0.0,0.0
162,2015,7023,G,G,G,nan,False,0.0,0.0,nan,0.91667,1.0,1.0,1.0,1.0,1.0
163,2018,7026,A,G,G,nan,False,-0.002396072,-0.0012834622,nan,0.0,0.0,0.0,0.0,0.0,0.18182
163,2018,7026,G,G,G,nan,False,0.0,0.0,nan,1.0,1.0,1.0,1.0,1.0,0.81818
164,2027,7035,A,G,G,nan,False,0.02480473,0.012631981,nan,0.0,0.0,0.0,0.91304,0.76,0.63636
164,2027,7035,G,G,G,nan,False,0.0,0.0,nan,1.0,1.0,1.0,0.086957,0.24,0.36364
165,2061,7069,A,A,A,nan,False,0.0,0.0,nan,1.0,1.0,1.0,1.0,0.96,1.0
165,2061,7069,G,A,A,nan,False,0.0006581854,0.0005413986,nan,0.0,0.0,0.0,0.0,0.04,0.0
166,2104,7112,C,T,T,nan,False,-0.004572105,-0.004002283,nan,0.0,0.0,0.0,0.0,0.04,0.0
166,2104,7112,T,T,T,nan,False,0.0,0.0,nan,1.0,1.0,1.0,1.0,0.96,1.0
167,2107,7115,A,A,A,nan,False,0.0,0.0,nan,1.0,1.0,1.0,1.0,1.0,0.81818
167,2107,7115,C,A,A,nan,False,2.52459e-05,0.0016892551,nan,0.0,0.0,0.0,0.0,0.0,0.18182
168,2128,7136,-,A,A,nan,False,-0.004982192,-0.004643678,nan,0.0,0.0,0.035714,0.0,0.0,0.0
168,2128,7136,A,A,A,nan,False,0.0,0.0,nan,1.0,1.0,0.96429,1.0,1.0,1.0
169,2140,7148,A,T,T,nan,False,-0.000547783463,-0.0002408517,nan,0.0,0.0,0.0,0.0,0.04,0.090909
169,2140,7148,T,T,T,nan,False,0.0,0.0,nan,1.0,1.0,1.0,1.0,0.96,0.90909
170,2147,7155,A,T,A,nan,False,-0.0051524610000000005,-0.003234829,nan,0.0,0.0,0.0,0.0,0.0,0.54545
170,2147,7155,T,T,A,nan,False,0.0,0.0,nan,1.0,1.0,1.0,1.0,1.0,0.45455
171,2149,7157,A,A,A,nan,False,0.0,0.0,nan,1.0,1.0,1.0,1.0,1.0,0.72727
171,2149,7157,C,A,A,nan,False,0.0038374359999999996,0.004710107,nan,0.0,0.0,0.0,0.0,0.0,0.27273
172,2169,7177,A,A,A,nan,False,0.0,0.0,nan,1.0,1.0,1.0,1.0,1.0,0.90909
172,2169,7177,T,A,A,nan,False,-0.00031626434,-8.439109999999999e-05,nan,0.0,0.0,0.0,0.0,0.0,0.090909
173,2205,7210,C,C,C,nan,False,0.0,0.0,nan,1.0,1.0,0.96429,1.0,1.0,1.0
173,2205,7210,T,C,C,nan,False,0.00073414,-0.002339832,nan,0.0,0.0,0.035714,0.0,0.0,0.0
174,2223,7228,A,A,G,nan,False,0.0,0.0,nan,1.0,1.0,1.0,1.0,1.0,0.81818
174,2223,7228,C,A,G,nan,False,-0.00074022059,0.00019660750000000002,nan,0.0,0.0,0.0,0.0,0.0,0.090909
174,2223,7228,G,A,G,nan,False,-0.0013906942000000001,0.00013515191,nan,0.0,0.0,0.0,0.0,0.0,0.090909
175,2224,7229,A,G,A,nan,False,0.002896019,0.004292571,nan,0.0,0.0,0.0,0.0,0.04,0.0
175,2224,7229,G,G,A,nan,False,0.0,0.0,nan,1.0,1.0,1.0,1.0,0.96,1.0
176,2251,7256,A,A,G,nan,False,0.0,0.0,nan,1.0,1.0,0.96429,1.0,1.0,1.0
176,2251,7256,G,A,G,nan,False,0.006235958,0.00210363,nan,0.0,0.0,0.035714,0.0,0.0,0.0
177,2259,7264,A,A,A,nan,False,0.0,0.0,nan,1.0,1.0,0.96429,1.0,1.0,1.0
177,2259,7264,G,A,A,nan,False,-0.0049208459999999996,-0.003224088,nan,0.0,0.0,0.035714,0.0,0.0,0.0
178,2274,7279,A,A,A,nan,False,0.0,0.0,nan,1.0,1.0,1.0,1.0,0.96,1.0
178,2274,7279,G,A,A,nan,False,0.011839225,0.011809619,nan,0.0,0.0,0.0,0.0,0.04,0.0
179,2280,7285,A,G,G,nan,False,0.0019871692,0.0075186490000000005,nan,0.0,0.071429,0.0,0.0,0.0,0.0
179,2280,7285,G,G,G,nan,False,0.0,0.0,nan,1.0,0.92857,1.0,1.0,1.0,1.0
180,2287,7286f,A,A,-,nan,False,0.0,0.0,nan,1.0,1.0,1.0,1.0,0.96,1.0
180,2287,7286f,G,A,-,nan,False,-0.0013366564,-0.0010775636,nan,0.0,0.0,0.0,0.0,0.04,0.0
181,2296,7292,C,T,T,nan,False,-0.0019355730000000001,-0.0007462408999999999,nan,0.0,0.0,0.0,0.0,0.0,0.090909
181,2296,7292,T,T,T,nan,False,0.0,0.0,nan,1.0,1.0,1.0,1.0,1.0,0.90909
182,2307,7303,C,T,T,nan,False,0.0006232824,-0.00022008661,nan,0.0,0.0,0.035714,0.0,0.0,0.0
182,2307,7303,T,T,T,nan,False,0.0,0.0,nan,1.0,1.0,0.96429,1.0,1.0,1.0
183,2332,7328,C,C,C,nan,False,0.0,0.0,nan,1.0,1.0,1.0,1.0,0.96,1.0
183,2332,7328,T,C,C,nan,False,0.0019158266,0.0018946409,nan,0.0,0.0,0.0,0.0,0.04,0.0
184,2335,7331,A,A,A,nan,False,0.0,0.0,nan,1.0,1.0,0.96429,1.0,1.0,1.0
184,2335,7331,G,A,A,nan,False,0.0031370540000000002,0.0006069478000000001,nan,0.0,0.0,0.035714,0.0,0.0,0.0
185,2351,7347,-,A,A,nan,False,0.0013912509,0.0005478818999999999,nan,0.0,0.0,0.035714,0.0,0.0,0.0
185,2351,7347,A,A,A,nan,False,0.0,0.0,nan,1.0,1.0,0.96429,1.0,1.0,1.0
186,2352,7348,-,G,G,nan,False,0.00095130089,0.00010793189999999995,nan,0.0,0.0,0.035714,0.0,0.0,0.0
186,2352,7348,G,G,G,nan,False,0.0,0.0,nan,1.0,1.0,0.96429,1.0,1.0,1.0
187,2353,7349,-,T,T,nan,False,0.0010392909,0.00019592189999999998,nan,0.0,0.0,0.035714,0.0,0.0,0.0
187,2353,7349,T,T,T,nan,False,0.0,0.0,nan,1.0,1.0,0.96429,1.0,1.0,1.0
188,2354,7350,-,T,T,nan,False,0.0010392909,0.00019592189999999998,nan,0.0,0.0,0.035714,0.0,0.0,0.0
188,2354,7350,T,T,T,nan,False,0.0,0.0,nan,1.0,1.0,0.96429,1.0,1.0,1.0
189,2355,7351,-,T,T,nan,False,0.0010392909,0.00019592189999999998,nan,0.0,0.0,0.035714,0.0,0.0,0.0
189,2355,7351,T,T,T,nan,False,0.0,0.0,nan,1.0,1.0,0.96429,1.0,1.0,1.0
190,2356,7352,-,T,T,nan,False,0.0010392909,0.00019592189999999998,nan,0.0,0.0,0.035714,0.0,0.0,0.0
190,2356,7352,T,T,T,nan,False,0.0,0.0,nan,1.0,1.0,0.96429,1.0,1.0,1.0
191,2357,7353,-,A,A,nan,False,0.0013912509,0.0005478818999999999,nan,0.0,0.0,0.035714,0.0,0.0,0.0
191,2357,7353,A,A,A,nan,False,0.0,0.0,nan,1.0,1.0,0.96429,1.0,1.0,1.0
192,2358,7354,-,A,A,nan,False,0.0013912509,0.0005478818999999999,nan,0.0,0.0,0.035714,0.0,0.0,0.0
192,2358,7354,A,A,A,nan,False,0.0,0.0,nan,1.0,1.0,0.96429,1.0,1.0,1.0
193,2359,7355,-,T,T,nan,False,0.0010392909,0.00019592189999999998,nan,0.0,0.0,0.035714,0.0,0.0,0.0
193,2359,7355,T,T,T,nan,False,0.0,0.0,nan,1.0,1.0,0.96429,1.0,1.0,1.0
194,2360,7356,A,T,T,nan,False,0.0009144623999999999,7.109339999999997e-05,nan,0.0,0.0,0.035714,0.0,0.0,0.0
194,2360,7356,T,T,T,nan,False,0.0,0.0,nan,1.0,1.0,0.96429,1.0,1.0,1.0
195,2398,7394,A,G,G,nan,False,-0.002303599,-0.0011780222,nan,0.0,0.0,0.0,0.0,0.04,0.0
195,2398,7394,G,G,G,nan,False,0.0,0.0,nan,1.0,1.0,1.0,1.0,0.96,1.0
196,2401,7397,C,T,T,nan,False,-0.002768227,-0.0012500516,nan,0.0,0.0,0.0,0.0,0.04,0.0
196,2401,7397,T,T,T,nan,False,0.0,0.0,nan,1.0,1.0,1.0,1.0,0.96,1.0
197,2421,7417,A,A,A,nan,False,0.0,0.0,nan,1.0,1.0,0.96429,1.0,1.0,0.45455
197,2421,7417,C,A,A,nan,False,-0.0021779968,-0.000598157,nan,0.0,0.0,0.035714,0.0,0.0,0.54545
198,2423,7419,A,A,T,nan,False,0.0,0.0,nan,1.0,1.0,0.96429,1.0,1.0,0.45455
198,2423,7419,T,A,T,nan,False,-0.0021947903,-0.0006149506,nan,0.0,0.0,0.035714,0.0,0.0,0.54545
199,2424,7420,C,C,A,nan,False,0.0,0.0,nan,1.0,1.0,0.96429,1.0,1.0,0.45455
199,2424,7420,G,C,A,nan,False,-0.002541589,-0.0009617497,nan,0.0,0.0,0.035714,0.0,0.0,0.54545
200,2425,7421,G,T,A,nan,False,-0.0025638423,-0.0009840034,nan,0.0,0.0,0.035714,0.0,0.0,0.54545
200,2425,7421,T,T,A,nan,False,0.0,0.0,nan,1.0,1.0,0.96429,1.0,1.0,0.45455
201,2426,7422,-,T,T,nan,False,-0.0016132165,0.0003178406,nan,0.0,0.0,0.071429,0.0,0.0,0.54545
201,2426,7422,A,T,T,nan,False,-0.00126647995,0.0007712803,nan,0.0,0.0,0.0,0.0,0.0,0.27273
201,2426,7422,G,T,T,nan,False,-0.001765618,-0.0003168129,nan,0.0,0.0,0.0,0.0,0.0,0.18182
201,2426,7422,T,T,T,nan,False,0.0,0.0,nan,1.0,1.0,0.92857,1.0,1.0,0.0
202,2427,7423,-,G,-,nan,False,-0.0013898175,-0.00023651420000000002,nan,0.0,0.0,0.071429,0.0,0.0,0.54545
202,2427,7423,G,G,-,nan,False,0.0,0.0,nan,1.0,1.0,0.92857,1.0,1.0,0.45455
203,2428,7424,-,G,-,nan,False,-0.0018190184999999999,-7.104950000000001e-05,nan,0.0,0.0,0.071429,0.0,0.0,0.54545
203,2428,7424,G,G,-,nan,False,0.0,0.0,nan,1.0,1.0,0.92857,1.0,1.0,0.36364
203,2428,7424,T,G,-,nan,False,-0.0019445495,-0.00017856591,nan,0.0,0.0,0.0,0.0,0.0,0.090909
204,2438,7434,-,A,G,nan,False,0.0009588902999999999,0.0005323541,nan,0.0,0.0,0.035714,0.0,0.0,0.0
204,2438,7434,A,A,G,nan,False,0.0,0.0,nan,1.0,1.0,0.96429,1.0,1.0,1.0
205,2439,7435,-,A,A,nan,False,0.0009588902999999999,0.0005323541,nan,0.0,0.0,0.035714,0.0,0.0,0.0
205,2439,7435,A,A,A,nan,False,0.0,0.0,nan,1.0,1.0,0.96429,1.0,1.0,1.0
206,2440,7436,-,T,T,nan,False,0.00060693035,0.0001803941,nan,0.0,0.0,0.035714,0.0,0.0,0.0
206,2440,7436,T,T,T,nan,False,0.0,0.0,nan,1.0,1.0,0.96429,1.0,1.0,1.0
207,2441,7437,G,G,A,nan,False,0.0,0.0,nan,1.0,1.0,0.96429,1.0,1.0,1.0
207,2441,7437,T,G,A,nan,False,0.00043708180000000003,1.0545599999999976e-05,nan,0.0,0.0,0.035714,0.0,0.0,0.0
208,2442,7438,A,A,C,nan,False,0.0,0.0,nan,1.0,1.0,0.96429,1.0,1.0,1.0
208,2442,7438,G,A,C,nan,False,0.0007109417999999999,0.0002844056,nan,0.0,0.0,0.035714,0.0,0.0,0.0
209,2443,7439,G,T,A,nan,False,0.00048328185,5.6745600000000015e-05,nan,0.0,0.0,0.035714,0.0,0.0,0.0
209,2443,7439,T,T,A,nan,False,0.0,0.0,nan,1.0,1.0,0.96429,1.0,1.0,1.0
210,2445,7441,A,C,A,nan,False,0.00033547184999999997,-9.106439999999997e-05,nan,0.0,0.0,0.035714,0.0,0.0,0.0
210,2445,7441,C,C,A,nan,False,0.0,0.0,nan,1.0,1.0,0.96429,1.0,1.0,1.0
211,2447,7443,A,A,A,nan,False,0.0,0.0,nan,1.0,1.0,0.96429,1.0,1.0,1.0
211,2447,7443,G,A,A,nan,False,0.0007109417999999999,0.0002844056,nan,0.0,0.0,0.035714,0.0,0.0,0.0
212,2448,7444,A,C,A,nan,False,0.00033547184999999997,-9.106439999999997e-05,nan,0.0,0.0,0.035714,0.0,0.0,0.0
212,2448,7444,C,C,A,nan,False,0.0,0.0,nan,1.0,1.0,0.96429,1.0,1.0,1.0
213,2449,7445,A,A,T,nan,False,0.0,0.0,nan,1.0,1.0,0.96429,1.0,1.0,1.0
213,2449,7445,T,A,T,nan,False,0.0009315018,0.0005049656,nan,0.0,0.0,0.035714,0.0,0.0,0.0
214,2450,7446,A,G,A,nan,False,-0.00015005815,-0.0005765944000000001,nan,0.0,0.0,0.035714,0.0,0.0,0.0
214,2450,7446,G,G,A,nan,False,0.0,0.0,nan,1.0,1.0,0.96429,1.0,1.0,1.0
215,2451,7447,C,G,C,nan,False,0.0005165918,9.00556e-05,nan,0.0,0.0,0.035714,0.0,0.0,0.0
215,2451,7447,G,G,C,nan,False,0.0,0.0,nan,1.0,1.0,0.96429,1.0,1.0,1.0
216,2452,7448,A,G,T,nan,False,-0.003450339,-0.002635975,nan,0.0,0.0,0.035714,0.0,0.0,0.0
216,2452,7448,G,G,T,nan,False,0.0,0.0,nan,1.0,1.0,0.92857,1.0,1.0,1.0
216,2452,7448,T,G,T,nan,False,-0.0008928701000000001,-0.0008055902,nan,0.0,0.0,0.035714,0.0,0.0,0.0
217,2453,7449,A,T,A,nan,False,5.837960000000005e-05,0.0002265093,nan,0.0,0.0,0.035714,0.0,0.0,0.0
217,2453,7449,C,T,A,nan,False,-0.001294286,-0.0003182221,nan,0.0,0.0,0.0,0.0,0.0,0.090909
217,2453,7449,T,T,A,nan,False,0.0,0.0,nan,1.0,1.0,0.96429,1.0,1.0,0.90909
218,2456,7452,A,A,G,nan,False,0.0,0.0,nan,1.0,1.0,0.96429,1.0,1.0,1.0
218,2456,7452,G,A,G,nan,False,0.0007109417999999999,0.0002844056,nan,0.0,0.0,0.035714,0.0,0.0,0.0
219,2457,7453,A,A,G,nan,False,0.0,0.0,nan,1.0,1.0,0.96429,1.0,1.0,1.0
219,2457,7453,G,A,G,nan,False,0.0007109417999999999,0.0002844056,nan,0.0,0.0,0.035714,0.0,0.0,0.0
220,2458,7454,G,T,A,nan,False,0.00048328185,5.6745600000000015e-05,nan,0.0,0.0,0.035714,0.0,0.0,0.0
220,2458,7454,T,T,A,nan,False,0.0,0.0,nan,1.0,1.0,0.96429,1.0,1.0,1.0
221,2459,7455,A,A,A,nan,False,0.0,0.0,nan,1.0,1.0,0.96429,1.0,1.0,1.0
221,2459,7455,T,A,A,nan,False,0.0009315018,0.0005049656,nan,0.0,0.0,0.035714,0.0,0.0,0.0
222,2460,7456,A,A,A,nan,False,0.0,0.0,nan,1.0,1.0,0.96429,1.0,1.0,1.0
222,2460,7456,C,A,A,nan,False,0.0009234718,0.0004969356,nan,0.0,0.0,0.035714,0.0,0.0,0.0
223,2461,7457,A,C,T,nan,False,0.00033547184999999997,-9.106439999999997e-05,nan,0.0,0.0,0.035714,0.0,0.0,0.0
223,2461,7457,C,C,T,nan,False,0.0,0.0,nan,1.0,1.0,0.96429,1.0,1.0,1.0
224,2463,7459,A,G,A,nan,False,0.002810169,0.002313345,nan,0.0,0.0,0.071429,0.0,0.0,0.090909
224,2463,7459,G,G,A,nan,False,0.0,0.0,nan,1.0,1.0,0.92857,1.0,1.0,0.90909
225,2464,7460,C,C,C,nan,False,0.0,0.0,nan,1.0,1.0,0.96429,1.0,1.0,1.0
225,2464,7460,T,C,C,nan,False,4.392185000000001e-05,-0.00038261443,nan,0.0,0.0,0.035714,0.0,0.0,0.0
226,2466,7462,A,C,C,nan,False,0.0014692999,0.0011344126,nan,0.0,0.0,0.035714,0.0,0.0,0.0
226,2466,7462,C,C,C,nan,False,0.0,0.0,nan,1.0,1.0,0.96429,1.0,1.0,0.27273
226,2466,7462,T,C,C,nan,False,0.0016389821,0.0016090116999999998,nan,0.0,0.0,0.0,0.0,0.0,0.72727
227,2467,7463,A,A,T,nan,False,0.0,0.0,nan,1.0,1.0,0.96429,1.0,1.0,1.0
227,2467,7463,C,A,T,nan,False,0.0009234718,0.0004969356,nan,0.0,0.0,0.035714,0.0,0.0,0.0
228,2469,7465,G,T,T,nan,False,0.00048328185,5.6745600000000015e-05,nan,0.0,0.0,0.035714,0.0,0.0,0.0
228,2469,7465,T,T,T,nan,False,0.0,0.0,nan,1.0,1.0,0.96429,1.0,1.0,1.0
229,2545,7541,C,C,C,nan,False,0.0,0.0,nan,1.0,1.0,1.0,1.0,1.0,0.90909
229,2545,7541,T,C,C,nan,False,-0.002070937,-0.0006610277,nan,0.0,0.0,0.0,0.0,0.0,0.090909
230,2554,7550,A,A,A,nan,False,0.0,0.0,nan,1.0,1.0,1.0,1.0,1.0,0.90909
230,2554,7550,G,A,A,nan,False,-0.0005160535,-0.0002841801,nan,0.0,0.0,0.0,0.0,0.0,0.090909
231,2603,7599,A,G,G,nan,False,-0.002693811,-0.0003784015,nan,0.0,0.0,0.0,0.043478,0.0,0.0
231,2603,7599,G,G,G,nan,False,0.0,0.0,nan,1.0,1.0,1.0,0.95652,1.0,1.0
232,2617,7607,C,C,C,nan,False,0.0,0.0,nan,1.0,1.0,1.0,0.95652,1.0,1.0
232,2617,7607,T,C,C,nan,False,-0.0008039589,-0.0018931452,nan,0.0,0.0,0.0,0.043478,0.0,0.0
233,2629,7619,C,T,C,nan,False,-0.003751963,-0.018461339,nan,0.0,0.071429,0.0,0.0,0.0,0.0
233,2629,7619,T,T,C,nan,False,0.0,0.0,nan,1.0,0.92857,1.0,1.0,1.0,1.0
234,2635,7625,C,C,C,nan,False,0.0,0.0,nan,1.0,0.92857,1.0,1.0,1.0,1.0
234,2635,7625,T,C,C,nan,False,0.003411801,0.007856271,nan,0.0,0.071429,0.0,0.0,0.0,0.0
235,2681,7671,-,T,T,nan,False,-0.0006523362039999999,-0.0004204629,nan,0.0,0.0,0.0,0.0,0.0,0.090909
235,2681,7671,T,T,T,nan,False,0.0,0.0,nan,1.0,1.0,1.0,1.0,1.0,0.90909
236,2682,7672,-,T,T,nan,False,-0.0006523362039999999,-0.0004204629,nan,0.0,0.0,0.0,0.0,0.0,0.090909
236,2682,7672,T,T,T,nan,False,0.0,0.0,nan,1.0,1.0,1.0,1.0,1.0,0.90909
237,2683,7673,-,A,A,nan,False,-0.00030892900400000003,-7.70556e-05,nan,0.0,0.0,0.0,0.0,0.0,0.090909
237,2683,7673,A,A,A,nan,False,0.0,0.0,nan,1.0,1.0,1.0,1.0,1.0,0.90909
238,2684,7674,-,T,T,nan,False,-0.0006523362039999999,-0.0004204629,nan,0.0,0.0,0.0,0.0,0.0,0.090909
238,2684,7674,T,T,T,nan,False,0.0,0.0,nan,1.0,1.0,1.0,1.0,1.0,0.90909
239,2685,7675,-,A,A,nan,False,-0.00030892900400000003,-7.70556e-05,nan,0.0,0.0,0.0,0.0,0.0,0.090909
239,2685,7675,A,A,A,nan,False,0.0,0.0,nan,1.0,1.0,1.0,1.0,1.0,0.90909
240,2686,7676,-,T,T,nan,False,-0.0006523362039999999,-0.0004204629,nan,0.0,0.0,0.0,0.0,0.0,0.090909
240,2686,7676,T,T,T,nan,False,0.0,0.0,nan,1.0,1.0,1.0,1.0,1.0,0.90909
241,2687,7677,-,A,A,nan,False,-0.00030892900400000003,-7.70556e-05,nan,0.0,0.0,0.0,0.0,0.0,0.090909
241,2687,7677,A,A,A,nan,False,0.0,0.0,nan,1.0,1.0,1.0,1.0,1.0,0.90909
242,2688,7678,-,A,A,nan,False,-0.00030892900400000003,-7.70556e-05,nan,0.0,0.0,0.0,0.0,0.0,0.090909
242,2688,7678,A,A,A,nan,False,0.0,0.0,nan,1.0,1.0,1.0,1.0,1.0,0.90909
243,2689,7679,-,A,A,nan,False,-0.00030892900400000003,-7.70556e-05,nan,0.0,0.0,0.0,0.0,0.0,0.090909
243,2689,7679,A,A,A,nan,False,0.0,0.0,nan,1.0,1.0,1.0,1.0,1.0,0.90909
244,2732,7722,A,G,A,nan,False,-0.004077043000000001,-0.0013171279999999999,nan,0.0,0.0,0.035714,0.0,0.0,0.63636
244,2732,7722,G,G,A,nan,False,0.0,0.0,nan,1.0,1.0,0.96429,1.0,1.0,0.36364
245,2733,7723,A,A,A,nan,False,0.0,0.0,nan,1.0,1.0,1.0,1.0,1.0,0.90909
245,2733,7723,G,A,A,nan,False,-0.0004645702,-0.0007700921,nan,0.0,0.0,0.0,0.0,0.0,0.090909
246,2749,7739,A,G,G,nan,False,0.0016644186,-0.00023316158999999999,nan,0.0,0.0,0.035714,0.0,0.0,0.0
246,2749,7739,G,G,G,nan,False,0.0,0.0,nan,1.0,1.0,0.96429,1.0,1.0,1.0
247,2768,7758,A,A,G,nan,False,0.0,0.0,nan,1.0,1.0,1.0,1.0,0.96,0.0
247,2768,7758,G,A,G,nan,False,0.004395685,0.006495983,nan,0.0,0.0,0.0,0.0,0.04,1.0
248,2795,7785,A,G,G,nan,False,-0.002693811,-0.0003784015,nan,0.0,0.0,0.0,0.043478,0.0,0.0
248,2795,7785,G,G,G,nan,False,0.0,0.0,nan,1.0,1.0,1.0,0.95652,1.0,1.0
249,2875,7865,C,T,T,nan,False,0.0008528839999999999,-0.0006376702,nan,0.0,0.0,0.0,0.0,0.04,0.0
249,2875,7865,T,T,T,nan,False,0.0,0.0,nan,1.0,1.0,1.0,1.0,0.96,1.0
250,2896,7886,C,T,T,nan,False,-0.0019239371,-0.0005140277,nan,0.0,0.0,0.0,0.0,0.0,0.090909
250,2896,7886,T,T,T,nan,False,0.0,0.0,nan,1.0,1.0,1.0,1.0,1.0,0.90909
251,2956,7946,A,G,G,nan,False,0.005378678,0.004794992,nan,0.0,0.0,0.0,0.0,0.24,0.0
251,2956,7946,G,G,G,nan,False,0.0,0.0,nan,1.0,1.0,1.0,1.0,0.76,1.0
252,2981,7971,A,G,G,nan,False,0.010940192,0.006043054,nan,0.0,0.0,0.32143,0.0,0.44,0.90909
252,2981,7971,G,G,G,nan,False,0.0,0.0,nan,1.0,1.0,0.67857,1.0,0.56,0.090909
253,2987,7977,A,A,A,nan,False,0.0,0.0,nan,1.0,1.0,1.0,1.0,0.96,1.0
253,2987,7977,C,A,A,nan,False,-0.0035014959999999998,-0.002939769,nan,0.0,0.0,0.0,0.0,0.04,0.0
254,3016,8006,A,G,G,nan,False,0.0006985782,0.0009571320000000001,nan,0.0,0.0,0.035714,0.0,0.04,0.0
254,3016,8006,G,G,G,nan,False,0.0,0.0,nan,1.0,1.0,0.96429,1.0,0.96,1.0
255,3047,8037,A,A,A,nan,False,0.0,0.0,nan,1.0,1.0,1.0,1.0,0.96,1.0
255,3047,8037,G,A,A,nan,False,0.003998467,0.004101515,nan,0.0,0.0,0.0,0.0,0.04,0.0
256,3052,8042,C,T,T,nan,False,0.005389327,0.005331023,nan,0.0,0.0,0.0,0.0,0.04,0.0
256,3052,8042,T,T,T,nan,False,0.0,0.0,nan,1.0,1.0,1.0,1.0,0.96,1.0
257,3068,8058,A,G,G,nan,False,-0.016326337,-0.016065045,nan,0.083333,0.0,0.0,0.0,0.0,0.0
257,3068,8058,G,G,G,nan,False,0.0,0.0,nan,0.91667,1.0,1.0,1.0,1.0,1.0
258,3070,8060,C,C,T,nan,False,0.0,0.0,nan,1.0,1.0,1.0,1.0,0.96,1.0
258,3070,8060,T,C,T,nan,False,-0.0021049233,-0.0009793466,nan,0.0,0.0,0.0,0.0,0.04,0.0
259,3081,8071,A,A,A,nan,False,0.0,0.0,nan,1.0,1.0,1.0,1.0,1.0,0.90909
259,3081,8071,G,A,A,nan,False,-0.0014234948,-0.00023416266999999998,nan,0.0,0.0,0.0,0.0,0.0,0.090909
260,3084,8074,A,G,A,nan,False,-0.0006365322,-0.0015817264,nan,0.0,0.0,0.0,0.043478,0.0,0.0
260,3084,8074,G,G,A,nan,False,0.0,0.0,nan,1.0,1.0,1.0,0.95652,1.0,1.0
261,3085,8075,A,A,A,nan,False,0.0,0.0,nan,1.0,1.0,1.0,1.0,1.0,0.90909
261,3085,8075,G,A,A,nan,False,0.0006890100999999999,0.0009431099,nan,0.0,0.0,0.0,0.0,0.0,0.090909
262,3097,8087,A,G,G,nan,False,-0.000100818303,0.000662078,nan,0.0,0.0,0.0,0.0,0.0,0.18182
262,3097,8087,G,G,G,nan,False,0.0,0.0,nan,1.0,1.0,1.0,1.0,1.0,0.81818
263,3104,8094,A,A,A,nan,False,0.0,0.0,nan,1.0,1.0,1.0,1.0,1.0,0.54545
263,3104,8094,G,A,A,nan,False,-0.0005524013,0.0018925603999999999,nan,0.0,0.0,0.0,0.0,0.0,0.45455
264,3130,8120,A,G,A,nan,False,-0.002284495,-0.0010951627,nan,0.0,0.0,0.0,0.0,0.0,0.090909
264,3130,8120,G,G,A,nan,False,0.0,0.0,nan,1.0,1.0,1.0,1.0,1.0,0.90909
265,3148,8138,C,T,C,nan,False,0.0020900478,3.10282e-05,nan,0.0,0.0,0.035714,0.0,0.0,0.0
265,3148,8138,T,T,C,nan,False,0.0,0.0,nan,1.0,1.0,0.96429,1.0,1.0,1.0
266,3157,8147,A,G,A,nan,False,0.00038674499999999997,-0.0019187337,nan,0.0,0.0,0.035714,0.0,0.0,0.0
266,3157,8147,G,G,A,nan,False,0.0,0.0,nan,1.0,1.0,0.96429,1.0,1.0,1.0
267,3163,8153,C,C,C,nan,False,0.0,0.0,nan,1.0,1.0,0.96429,1.0,1.0,1.0
267,3163,8153,T,C,C,nan,False,-0.0009305766,-0.0020689681,nan,0.0,0.0,0.035714,0.0,0.0,0.0
268,3199,8189,-,A,G,nan,False,-0.016854407000000002,-0.016567576,nan,0.083333,0.0,0.0,0.0,0.0,0.0
268,3199,8189,A,A,G,nan,False,0.0,0.0,nan,0.91667,1.0,1.0,1.0,1.0,1.0
269,3205,8195,A,A,A,nan,False,0.0,0.0,nan,1.0,1.0,1.0,1.0,1.0,0.90909
269,3205,8195,G,A,A,nan,False,-0.0014118589,-1.9494699999999968e-06,nan,0.0,0.0,0.0,0.0,0.0,0.090909
270,3229,8219,A,C,A,nan,False,-0.003583398,-0.002880024,nan,0.0,0.0,0.035714,0.0,0.0,0.0
270,3229,8219,C,C,A,nan,False,0.0,0.0,nan,1.0,1.0,0.96429,1.0,1.0,1.0
271,3254,8244,A,G,G,nan,False,-0.0003253577,0.00024343793000000002,nan,0.0,0.0,0.0,0.0,0.04,0.090909
271,3254,8244,G,G,G,nan,False,0.0,0.0,nan,1.0,1.0,1.0,1.0,0.96,0.90909
272,3271,8261,A,G,G,nan,False,-0.016266647000000002,-0.016005356999999998,nan,0.083333,0.0,0.0,0.0,0.0,0.0
272,3271,8261,G,G,G,nan,False,0.0,0.0,nan,0.91667,1.0,1.0,1.0,1.0,1.0
273,3272,8262,A,T,T,nan,False,0.004216767,0.006514555,nan,0.0,0.0,0.0,0.0,0.08,0.90909
273,3272,8262,G,T,T,nan,False,0.00411127,0.0043328231,nan,0.0,0.0,0.0,0.0,0.04,0.090909
273,3272,8262,T,T,T,nan,False,0.0,0.0,nan,1.0,1.0,1.0,1.0,0.88,0.0
274,3289,8279,C,C,C,nan,False,0.0,0.0,nan,1.0,1.0,0.96429,1.0,1.0,1.0
274,3289,8279,T,C,C,nan,False,-0.00039656616999999997,-0.0008182252,nan,0.0,0.0,0.035714,0.0,0.0,0.0
275,3307,8297,C,T,C,nan,False,0.0020628266,0.0020416409,nan,0.0,0.0,0.0,0.0,0.04,0.0
275,3307,8297,T,T,C,nan,False,0.0,0.0,nan,1.0,1.0,1.0,1.0,0.96,1.0
276,3336,8326,C,T,T,nan,False,0.0006232824,-0.00022008661,nan,0.0,0.0,0.035714,0.0,0.0,0.0
276,3336,8326,T,T,T,nan,False,0.0,0.0,nan,1.0,1.0,0.96429,1.0,1.0,1.0
277,3337,8327,A,A,A,nan,False,0.0,0.0,nan,1.0,1.0,0.96429,1.0,1.0,1.0
277,3337,8327,G,A,A,nan,False,0.0002704538,-0.00015120521,nan,0.0,0.0,0.035714,0.0,0.0,0.0
278,3338,8328,C,C,C,nan,False,0.0,0.0,nan,0.91667,1.0,1.0,1.0,1.0,1.0
278,3338,8328,T,C,C,nan,False,-0.017681923,-0.017395093,nan,0.083333,0.0,0.0,0.0,0.0,0.0
279,3385,8375,A,T,T,nan,False,-0.0016731053,-0.00048377352999999995,nan,0.0,0.0,0.0,0.0,0.0,0.090909
279,3385,8375,T,T,T,nan,False,0.0,0.0,nan,1.0,1.0,1.0,1.0,1.0,0.90909
280,3437,8427,A,G,G,nan,False,0.0017490676,-0.0003099518,nan,0.0,0.0,0.035714,0.0,0.0,0.0
280,3437,8427,G,G,G,nan,False,0.0,0.0,nan,1.0,1.0,0.96429,1.0,1.0,1.0
281,3472,8462,A,A,T,nan,False,0.0,0.0,nan,1.0,1.0,1.0,0.95652,1.0,1.0
281,3472,8462,G,A,T,nan,False,0.03496677,0.03975471,nan,0.0,0.0,0.0,0.043478,0.0,0.0
282,3512,8502,C,C,C,nan,False,0.0,0.0,nan,1.0,1.0,0.96429,1.0,1.0,1.0
282,3512,8502,T,C,C,nan,False,-0.002117452,-0.011660738,nan,0.0,0.0,0.035714,0.0,0.0,0.0
283,3520,8510,C,C,C,nan,False,0.0,0.0,nan,1.0,1.0,1.0,1.0,1.0,0.90909
283,3520,8510,T,C,C,nan,False,-0.002070937,-0.0006610277,nan,0.0,0.0,0.0,0.0,0.0,0.090909
284,3529,8519,C,C,C,nan,False,0.0,0.0,nan,1.0,1.0,1.0,1.0,0.96,1.0
284,3529,8519,T,C,C,nan,False,0.002747467,0.00041958757,nan,0.0,0.0,0.0,0.0,0.04,0.0
285,3542,8532,A,C,C,nan,False,-0.00013194959999999998,-0.0018207858,nan,0.0,0.0,0.035714,0.0,0.0,0.0
285,3542,8532,C,C,C,nan,False,0.0,0.0,nan,1.0,1.0,0.96429,1.0,1.0,1.0
286,3591,8581,A,G,G,nan,False,-0.0009278011,-0.0020169869,nan,0.0,0.0,0.0,0.043478,0.0,0.0
286,3591,8581,G,G,G,nan,False,0.0,0.0,nan,1.0,1.0,1.0,0.95652,1.0,1.0
287,3592,8582,A,A,A,nan,False,0.0,0.0,nan,1.0,1.0,1.0,1.0,0.96,1.0
287,3592,8582,G,A,A,nan,False,-0.003068945,-0.002535625,nan,0.0,0.0,0.0,0.0,0.04,0.0
288,3608,8598,A,G,G,nan,False,-0.0022728590000000003,-0.0008629495,nan,0.0,0.0,0.0,0.0,0.0,0.090909
288,3608,8598,G,G,G,nan,False,0.0,0.0,nan,1.0,1.0,1.0,1.0,1.0,0.90909
289,3619,8609,C,T,T,nan,False,0.000727725,-0.0015777534,nan,0.0,0.0,0.035714,0.0,0.0,0.0
289,3619,8609,T,T,T,nan,False,0.0,0.0,nan,1.0,1.0,0.96429,1.0,1.0,1.0
290,3646,8636,C,T,T,nan,False,0.00011532970000000008,0.0016253583999999998,nan,0.0,0.0,0.0,0.0,0.0,0.27273
290,3646,8636,G,T,T,nan,False,0.0026489268,0.005844068,nan,0.0,0.071429,0.0,0.0,0.0,0.0
290,3646,8636,T,T,T,nan,False,0.0,0.0,nan,1.0,0.92857,1.0,1.0,1.0,0.72727
291,3652,8642,A,A,A,nan,False,0.0,0.0,nan,1.0,1.0,1.0,1.0,1.0,0.90909
291,3652,8642,C,A,A,nan,False,-0.0012473716,-0.001290446,nan,0.0,0.0,0.0,0.0,0.0,0.090909
292,3667,8657,A,T,T,nan,False,-0.0002220463,-0.0008506227,nan,0.0,0.0,0.0,0.043478,0.0,0.0
292,3667,8657,T,T,T,nan,False,0.0,0.0,nan,1.0,1.0,1.0,0.95652,1.0,1.0
293,3674,8664,C,T,T,nan,False,-0.0018915793,-0.0016324866,nan,0.0,0.0,0.0,0.0,0.04,0.0
293,3674,8664,T,T,T,nan,False,0.0,0.0,nan,1.0,1.0,1.0,1.0,0.96,1.0
294,3684,8674,A,C,C,nan,False,-0.0029617460000000003,-0.002862741,nan,0.0,0.0,0.0,0.0,0.04,0.0
294,3684,8674,C,C,C,nan,False,0.0,0.0,nan,1.0,1.0,1.0,0.95652,0.96,1.0
294,3684,8674,T,C,C,nan,False,-0.001499353576,-0.0021013234999999997,nan,0.0,0.0,0.0,0.043478,0.0,0.0
295,3695,8685,A,G,G,nan,False,-0.0040924559999999995,-0.003064824,nan,0.0,0.0,0.035714,0.0,0.0,0.0
295,3695,8685,G,G,G,nan,False,0.0,0.0,nan,1.0,1.0,0.96429,1.0,1.0,1.0
296,3698,8688,A,G,G,nan,False,0.002208729,0.002715821,nan,0.0,0.0,0.0,0.0,0.04,0.18182
296,3698,8688,G,G,G,nan,False,0.0,0.0,nan,1.0,1.0,1.0,1.0,0.96,0.81818
297,3706,8696,A,G,G,nan,False,0.0031374669999999997,0.0032405150000000002,nan,0.0,0.0,0.0,0.0,0.04,0.0
297,3706,8696,G,G,G,nan,False,0.0,0.0,nan,1.0,1.0,1.0,1.0,0.96,1.0
298,3708,8698,A,G,G,nan,False,-0.0011245565999999999,-0.002262948,nan,0.0,0.0,0.035714,0.0,0.0,0.0
298,3708,8698,G,G,G,nan,False,0.0,0.0,nan,1.0,1.0,0.96429,1.0,1.0,1.0
299,3713,8703,A,G,G,nan,False,0.00038674499999999997,-0.0019187337,nan,0.0,0.0,0.035714,0.0,0.0,0.0
299,3713,8703,G,G,G,nan,False,0.0,0.0,nan,1.0,1.0,0.96429,1.0,1.0,1.0
300,3757,8747,C,C,C,nan,False,0.0,0.0,nan,1.0,1.0,1.0,1.0,1.0,0.90909
300,3757,8747,T,C,C,nan,False,-0.0012196199,-0.0016202355,nan,0.0,0.0,0.0,0.0,0.0,0.090909
301,3774,8764,G,T,T,nan,False,0.002981516,0.00623502,nan,0.0,0.071429,0.0,0.0,0.0,0.0
301,3774,8764,T,T,T,nan,False,0.0,0.0,nan,1.0,0.92857,1.0,1.0,1.0,1.0
302,3786,8776,C,T,T,RQGLERALI,True,0.0020628266,0.0020416409,nan,0.0,0.0,0.0,0.0,0.04,0.0
302,3786,8776,T,T,T,RQGLERALI,False,0.0,0.0,nan,1.0,1.0,1.0,1.0,0.96,1.0
303,3794,8784,A,G,G,RQGLERALI,True,0.02111325,0.019467916000000002,nan,0.0,0.0,0.0,0.0,0.76,0.45455
303,3794,8784,G,G,G,RQGLERALI,False,0.0,0.0,nan,1.0,1.0,1.0,1.0,0.24,0.54545
304,3795,8785,C,C,C,RQGLERALI,False,0.0,0.0,nan,1.0,1.0,1.0,1.0,0.92,0.45455
304,3795,8785,T,C,C,RQGLERALI,True,0.006571943,0.007883461,nan,0.0,0.0,0.0,0.0,0.08,0.54545
305,3799,8789,A,A,G,RQGLERALI,False,0.0,0.0,nan,1.0,1.0,1.0,1.0,0.96,1.0
305,3799,8789,T,A,G,RQGLERALI,True,0.003965298,0.00536185,nan,0.0,0.0,0.0,0.0,0.04,0.0
306,3828,8818,C,C,C,nan,False,0.0,0.0,nan,1.0,1.0,1.0,1.0,1.0,0.90909
306,3828,8818,T,C,C,nan,False,-0.0012196199,-0.0016202355,nan,0.0,0.0,0.0,0.0,0.0,0.090909
307,3829,8819,A,G,G,nan,False,-0.0005454971,-0.0012406149,nan,0.0,0.0,0.0,0.043478,0.0,0.0
307,3829,8819,G,G,G,nan,False,0.0,0.0,nan,1.0,1.0,1.0,0.95652,1.0,1.0
308,3838,8828,A,A,T,nan,False,0.0,0.0,nan,1.0,1.0,1.0,1.0,1.0,0.90909
308,3838,8828,G,A,T,nan,False,-0.0004645702,-0.0007700921,nan,0.0,0.0,0.0,0.0,0.0,0.090909
309,3847,8837,A,C,C,nan,False,-0.0009530154,-0.0013536309,nan,0.0,0.0,0.0,0.0,0.0,0.090909
309,3847,8837,C,C,C,nan,False,0.0,0.0,nan,1.0,1.0,1.0,1.0,1.0,0.90909
310,3849,8839,A,G,A,nan,False,-0.002303898,-0.002346973,nan,0.0,0.0,0.0,0.0,0.0,0.090909
310,3849,8839,G,G,A,nan,False,0.0,0.0,nan,1.0,1.0,1.0,1.0,1.0,0.90909
311,3850,8840,A,C,C,nan,False,-0.0010900512,0.0017625026,nan,0.0,0.0,0.0,0.0,0.0,0.63636
311,3850,8840,C,C,C,nan,False,0.0,0.0,nan,1.0,1.0,1.0,1.0,0.96,0.36364
311,3850,8840,T,C,C,nan,False,-0.0013119326999999998,0.0003503661,nan,0.0,0.0,0.0,0.0,0.04,0.0
312,3858,8848,A,G,G,nan,False,-0.0015856097999999998,-0.0012709138,nan,0.0,0.0,0.0,0.0,0.04,0.0
312,3858,8848,G,G,G,nan,False,0.0,0.0,nan,1.0,1.0,1.0,1.0,0.96,1.0
313,3860,8850,A,A,A,nan,False,0.0,0.0,nan,1.0,1.0,1.0,1.0,1.0,0.81818
313,3860,8850,C,A,A,nan,False,0.0009370345,0.0016999307000000001,nan,0.0,0.0,0.0,0.0,0.0,0.18182
314,3873,8863,A,G,G,nan,False,-0.00025777583,-0.002096927,nan,0.0,0.0,0.0,0.0,0.04,0.18182
314,3873,8863,G,G,G,nan,False,0.0,0.0,nan,1.0,1.0,1.0,1.0,0.96,0.81818
315,3877,8865b,A,A,-,nan,False,0.0,0.0,nan,1.0,1.0,1.0,1.0,1.0,0.90909
315,3877,8865b,G,A,-,nan,False,-0.0004645702,-0.0007700921,nan,0.0,0.0,0.0,0.0,0.0,0.090909
316,3892,8870,C,C,C,nan,False,0.0,0.0,nan,1.0,1.0,1.0,0.95652,1.0,1.0
316,3892,8870,T,C,C,nan,False,-0.00025460888,-0.0011232387000000002,nan,0.0,0.0,0.0,0.043478,0.0,0.0
317,3904,8882,A,G,G,nan,False,-0.002693811,-0.0003784015,nan,0.0,0.0,0.0,0.043478,0.0,0.0
317,3904,8882,G,G,G,nan,False,0.0,0.0,nan,1.0,1.0,1.0,0.95652,1.0,1.0
318,3908,8886,A,G,G,nan,False,-0.002693811,-0.0003784015,nan,0.0,0.0,0.0,0.043478,0.0,0.0
318,3908,8886,G,G,G,nan,False,0.0,0.0,nan,1.0,1.0,1.0,0.95652,1.0,1.0
319,3926,8904,C,C,C,nan,False,0.0,0.0,nan,1.0,1.0,1.0,1.0,1.0,0.81818
319,3926,8904,T,C,C,nan,False,-0.0020186622,-0.0005974572,nan,0.0,0.0,0.0,0.0,0.0,0.18182
320,3927,8905,C,T,C,nan,False,0.00017693192,0.00043103168,nan,0.0,0.0,0.0,0.0,0.0,0.090909
320,3927,8905,T,T,C,nan,False,0.0,0.0,nan,1.0,1.0,1.0,1.0,1.0,0.90909
321,3944,8922,A,A,A,nan,False,0.0,0.0,nan,1.0,1.0,1.0,1.0,1.0,0.36364
321,3944,8922,G,A,A,nan,False,-0.0005767098,0.00025360092,nan,0.0,0.0,0.0,0.0,0.0,0.63636
322,3947,8925,C,C,C,nan,False,0.0,0.0,nan,1.0,1.0,1.0,1.0,1.0,0.81818
322,3947,8925,T,C,C,nan,False,0.00010982537,0.0008727216000000001,nan,0.0,0.0,0.0,0.0,0.0,0.18182
323,3952,8930,A,G,G,nan,False,-0.004141171,-0.002945721,nan,0.0,0.0,0.0,0.0,0.04,0.0
323,3952,8930,G,G,G,nan,False,0.0,0.0,nan,1.0,1.0,1.0,1.0,0.96,1.0
324,3953,8931,A,T,T,nan,False,0.007919686,0.003253608,nan,0.0,0.0,0.035714,0.0,0.0,0.0
324,3953,8931,T,T,T,nan,False,0.0,0.0,nan,1.0,1.0,0.96429,1.0,1.0,1.0
325,3954,8932,A,A,A,nan,False,0.0,0.0,nan,0.91667,1.0,1.0,1.0,1.0,1.0
325,3954,8932,G,A,A,nan,False,-0.017079779000000003,-0.016792947000000003,nan,0.083333,0.0,0.0,0.0,0.0,0.0
326,3955,8933,A,G,G,nan,False,-0.002303599,-0.0011780222,nan,0.0,0.0,0.0,0.0,0.04,0.0
326,3955,8933,G,G,G,nan,False,0.0,0.0,nan,1.0,1.0,1.0,1.0,0.96,1.0
327,3956,8934,C,C,C,nan,False,0.0,0.0,nan,1.0,1.0,1.0,1.0,1.0,0.90909
327,3956,8934,T,C,C,nan,False,-0.0011236483,-0.0014291703000000001,nan,0.0,0.0,0.0,0.0,0.0,0.090909
328,3982,8960,A,G,G,nan,False,0.0017490676,-0.0003099518,nan,0.0,0.0,0.035714,0.0,0.0,0.0
328,3982,8960,G,G,G,nan,False,0.0,0.0,nan,1.0,1.0,0.96429,1.0,1.0,1.0
329,3996,8974,C,G,G,nan,False,-0.005115196,-0.003418438,nan,0.0,0.0,0.035714,0.0,0.0,0.0
329,3996,8974,G,G,G,nan,False,0.0,0.0,nan,1.0,1.0,0.96429,1.0,1.0,1.0
330,3997,8975,C,C,C,nan,False,0.0,0.0,nan,0.91667,1.0,1.0,1.0,1.0,1.0
330,3997,8975,T,C,C,nan,False,-0.017681923,-0.017395093,nan,0.083333,0.0,0.0,0.0,0.0,0.0
331,4016,8994,A,G,G,nan,False,-0.002693811,-0.0003784015,nan,0.0,0.0,0.0,0.043478,0.0,0.0
331,4016,8994,G,G,G,nan,False,0.0,0.0,nan,1.0,1.0,1.0,0.95652,1.0,1.0
332,4043,9021,C,T,T,VPLRPMTFK,False,0.00014286099,2.6074199999999995e-05,nan,0.0,0.0,0.0,0.0,0.04,0.0
332,4043,9021,T,T,T,VPLRPMTFK,False,0.0,0.0,nan,1.0,1.0,1.0,1.0,0.96,1.0
333,4058,9036,G,T,T,VPLRPMTFK,False,-0.0016599114000000002,-0.00047057901999999997,nan,0.0,0.0,0.0,0.0,0.0,0.090909
333,4058,9036,T,T,T,VPLRPMTFK,False,0.0,0.0,nan,1.0,1.0,1.0,1.0,1.0,0.90909
334,4060,9038,A,T,A,VPLRPMTFK,True,-0.0017575113,0.0010028012,nan,0.0,0.0,0.0,0.0,0.0,0.90909
334,4060,9038,T,T,A,VPLRPMTFK,False,0.0,0.0,nan,1.0,1.0,1.0,1.0,1.0,0.090909
335,4064,9042,A,G,G,VPLRPMTFK,False,-0.002693811,-0.0003784015,nan,0.0,0.0,0.0,0.043478,0.0,0.0
335,4064,9042,G,G,G,VPLRPMTFK,False,0.0,0.0,nan,1.0,1.0,1.0,0.95652,1.0,1.0
336,4103,9081,G,G,G,nan,False,0.0,0.0,nan,1.0,0.92857,1.0,1.0,1.0,1.0
336,4103,9081,T,G,G,nan,False,0.0037708380000000003,0.008215308,nan,0.0,0.071429,0.0,0.0,0.0,0.0
337,4132,9110,A,A,A,nan,False,0.0,0.0,nan,1.0,1.0,0.92857,1.0,1.0,0.72727
337,4132,9110,G,A,A,nan,False,-0.008018295,-0.013235314,nan,0.0,0.0,0.071429,0.0,0.0,0.27273
338,4196,9174,C,T,C,nan,False,-0.000249566172,-0.0006712252,nan,0.0,0.0,0.035714,0.0,0.0,0.0
338,4196,9174,T,T,C,nan,False,0.0,0.0,nan,1.0,1.0,0.96429,1.0,1.0,1.0
339,4269,9247,A,G,G,nan,False,0.002896019,0.004292571,nan,0.0,0.0,0.0,0.0,0.04,0.0
339,4269,9247,G,G,G,nan,False,0.0,0.0,nan,1.0,1.0,1.0,1.0,0.96,1.0
340,4298,9276,A,G,G,nan,False,0.0005072084,-0.0009833457999999999,nan,0.0,0.0,0.0,0.0,0.04,0.0
340,4298,9276,G,G,G,nan,False,0.0,0.0,nan,1.0,1.0,1.0,1.0,0.96,1.0
341,4303,9281,A,A,A,nan,False,0.0,0.0,nan,1.0,1.0,1.0,1.0,0.64,0.63636
341,4303,9281,G,A,A,nan,False,0.005298123,0.005930947000000001,nan,0.0,0.0,0.0,0.0,0.36,0.36364
342,4304,9282,A,C,C,nan,False,0.00348127,0.002567156,nan,0.0,0.0,0.0,0.0,0.04,0.0
342,4304,9282,C,C,C,nan,False,0.0,0.0,nan,1.0,1.0,1.0,1.0,0.96,1.0
343,4308,9286,C,C,T,nan,False,0.0,0.0,nan,1.0,1.0,1.0,1.0,1.0,0.90909
343,4308,9286,T,C,T,nan,False,-0.0013418973,-0.0014186197,nan,0.0,0.0,0.0,0.0,0.0,0.090909
344,4311,9289,C,C,T,nan,False,0.0,0.0,nan,1.0,1.0,1.0,1.0,1.0,0.90909
344,4311,9289,T,C,T,nan,False,-0.0007895621,-0.0007973263,nan,0.0,0.0,0.0,0.0,0.0,0.090909
345,4316,9294,G,T,C,nan,False,0.00496295,0.0051462769999999994,nan,0.0,0.0,0.0,0.0,0.08,0.0
345,4316,9294,T,T,C,nan,False,0.0,0.0,nan,1.0,1.0,1.0,1.0,0.92,1.0
346,4320,9298,A,A,A,nan,False,0.0,0.0,nan,1.0,1.0,1.0,1.0,1.0,0.45455
346,4320,9298,C,A,A,nan,False,-0.0015582134,0.00011944032900000001,nan,0.0,0.0,0.0,0.0,0.0,0.18182
346,4320,9298,T,A,A,nan,False,-0.0013731575,0.0004682086,nan,0.0,0.0,0.0,0.0,0.0,0.36364
347,4321,9299,C,T,T,nan,False,0.011751553,0.007985629,nan,0.0,0.0,0.0,0.0,0.12,0.0
347,4321,9299,T,T,T,nan,False,0.0,0.0,nan,1.0,1.0,1.0,1.0,0.88,1.0
348,4323,9301,A,A,A,nan,False,0.0,0.0,nan,1.0,1.0,1.0,1.0,0.88,0.90909
348,4323,9301,G,A,A,nan,False,0.011690542,0.00884703,nan,0.0,0.0,0.0,0.0,0.12,0.090909
349,4324,9302,A,G,G,nan,False,-0.0014734608,0.00345343,nan,0.0,0.0,0.0,0.0,0.16,0.0
349,4324,9302,G,G,G,nan,False,0.0,0.0,nan,1.0,1.0,1.0,1.0,0.84,1.0
350,4329,9307,C,C,C,nan,False,0.0,0.0,nan,1.0,1.0,1.0,1.0,0.96,1.0
350,4329,9307,T,C,C,nan,False,-0.0013869341999999999,-0.0010722382,nan,0.0,0.0,0.0,0.0,0.04,0.0
351,4346,9324,A,G,G,nan,False,-0.000100818303,0.000662078,nan,0.0,0.0,0.0,0.0,0.0,0.18182
351,4346,9324,G,G,G,nan,False,0.0,0.0,nan,1.0,1.0,1.0,1.0,1.0,0.81818
352,4381,9359,A,G,G,RLAYQHIAKEK,True,0.028721859,-0.0014090720000000004,0.1462615,0.0,0.071429,0.14286,0.043478,0.0,0.0
352,4381,9359,G,G,G,RLAYQHIAKEK,False,0.0,0.0,nan,1.0,0.92857,0.57143,0.95652,0.96,0.36364
352,4381,9359,T,G,G,RLAYQHIAKEK,True,0.02961447,0.008127803,0.1462615,0.0,0.0,0.28571,0.0,0.04,0.63636
353,4392,9370,A,C,C,RLAYQHIAKEK,True,-0.0002176196,-7.591380000000002e-05,0.1462615,0.0,0.0,0.071429,0.0,0.04,0.0
353,4392,9370,C,C,C,RLAYQHIAKEK,False,0.0,0.0,nan,1.0,1.0,0.92857,1.0,0.96,1.0
354,4397,9375,C,C,C,RLAYQHIAKEK,False,0.0,0.0,nan,1.0,1.0,1.0,1.0,1.0,0.90909
354,4397,9375,T,C,C,RLAYQHIAKEK,False,2.993189999999999e-05,0.00028403168999999997,nan,0.0,0.0,0.0,0.0,0.0,0.090909
355,4405,9383,A,A,G,RLAYQHIAKEK,False,0.0,0.0,nan,1.0,1.0,0.42857,0.0,0.0,0.0
355,4405,9383,G,A,G,RLAYQHIAKEK,True,0.07213686999999999,0.02848941,0.1462615,0.0,0.0,0.57143,1.0,1.0,1.0
356,4409,9387,A,G,G,RLAYQHIAKEK,False,-0.0013255702,-0.0016310921,nan,0.0,0.0,0.0,0.0,0.0,0.090909
356,4409,9387,G,G,G,RLAYQHIAKEK,False,0.0,0.0,nan,1.0,1.0,1.0,1.0,1.0,0.90909
357,4430,9408,A,G,G,nan,False,-0.0009914839,-0.0009992481,nan,0.0,0.0,0.0,0.0,0.0,0.090909
357,4430,9408,G,G,G,nan,False,0.0,0.0,nan,1.0,1.0,1.0,1.0,1.0,0.90909
358,4464,9434c,A,G,-,nan,False,-0.002303898,-0.002346973,nan,0.0,0.0,0.0,0.0,0.0,0.090909
358,4464,9434c,G,G,-,nan,False,0.0,0.0,nan,1.0,1.0,1.0,1.0,1.0,0.90909
359,4470,9434i,C,T,-,nan,False,-0.0018519809,-0.001592888,nan,0.0,0.0,0.0,0.0,0.04,0.0
359,4470,9434i,T,T,-,nan,False,0.0,0.0,nan,1.0,1.0,1.0,1.0,0.96,1.0
360,4497,9455,G,T,T,nan,False,-0.00052754187,-0.0016167278,nan,0.0,0.0,0.0,0.043478,0.0,0.0
360,4497,9455,T,T,T,nan,False,0.0,0.0,nan,1.0,1.0,1.0,0.95652,1.0,1.0
361,4532,9489,A,G,G,nan,False,-0.0005454971,-0.0012406149,nan,0.0,0.0,0.0,0.043478,0.0,0.0
361,4532,9489,G,G,G,nan,False,0.0,0.0,nan,1.0,1.0,1.0,0.95652,1.0,1.0
362,4555,9512,C,T,T,nan,False,-0.0007108184,-0.0018000046,nan,0.0,0.0,0.0,0.043478,0.0,0.0
362,4555,9512,T,T,T,nan,False,0.0,0.0,nan,1.0,1.0,1.0,0.95652,1.0,1.0
363,4565,9522,C,T,T,nan,False,0.00019092185,-0.00023561443399999998,nan,0.0,0.0,0.035714,0.0,0.0,0.0
363,4565,9522,T,T,T,nan,False,0.0,0.0,nan,1.0,1.0,0.96429,1.0,1.0,1.0
364,4578,9535,C,T,T,nan,False,-0.0023513559999999998,-3.594620000000001e-05,nan,0.0,0.0,0.0,0.043478,0.0,0.0
364,4578,9535,T,T,T,nan,False,0.0,0.0,nan,1.0,1.0,1.0,0.95652,1.0,1.0
365,4580,9537,A,C,C,nan,False,-0.003702892,-0.003581956,nan,0.0,0.0,0.035714,0.0,0.0,0.0
365,4580,9537,C,C,C,nan,False,0.0,0.0,nan,1.0,1.0,0.96429,1.0,1.0,1.0
366,4581,9538,G,T,T,nan,False,-0.0008313112,-0.0020400156,nan,0.0,0.0,0.10714,0.0,0.0,0.090909
366,4581,9538,T,T,T,nan,False,0.0,0.0,nan,1.0,1.0,0.89286,1.0,1.0,0.90909
