trajectory,t0,T,ns,delta_t,sc_0,sc_1,sc_2,sc_3,sc_4,sc_5,sc_6,sc_7,sc_8,sc_9,sc_10,sc_11,sc_12,sc_13,sc_14,sc_15,sc_16,sc_17,sc_18,sc_19,sc_20,sc_21,sc_22,sc_23,sc_24,sc_25,sc_26,sc_27,sc_28,sc_29,sc_30,sc_31,sc_32,sc_33,sc_34,sc_35,sc_36,sc_37,sc_38,sc_39,sc_40,sc_41,sc_42,sc_43,sc_44,sc_45,sc_46,sc_47,sc_48,sc_49
0,0,1000,1000,1,0.019509,0.018300,0.013519,0.043868,0.024360,0.010957,0.017195,0.021327,0.017081,0.019507,0.005817,0.030635,-0.013546,0.030942,0.007262,0.004804,-0.016402,0.004674,0.005372,-0.004271,0.001092,0.003301,0.000889,-0.011164,-0.005623,-0.001234,-0.000622,-0.002466,-0.010591,-0.004526,-0.000961,-0.007290,-0.006513,-0.019093,-0.005846,-0.006599,-0.041723,0.006503,-0.008045,-0.002031,-0.013054,-0.007516,-0.012214,-0.006690,0.001540,0.003002,-0.015524,-0.003786,-0.007186,-0.031195
1,0,1000,1000,1,0.013322,0.032484,0.021020,0.032491,0.018553,0.007306,0.010259,0.009260,0.014987,0.011047,-0.000738,0.023824,0.065397,0.003238,-0.014874,0.005742,-0.004069,-0.000620,-0.004759,0.004171,0.005931,-0.000877,0.000769,-0.016259,-0.009531,0.004689,0.001450,-0.001644,-0.007058,-0.002898,-0.020429,-0.004497,0.003543,0.003995,-0.009468,-0.008156,0.009591,-0.001736,0.002692,0.002287,-0.013493,-0.012863,-0.012424,-0.013950,-0.004168,-0.010485,-0.011482,-0.023444,-0.011683,-0.015098
2,0,1000,1000,1,0.023805,0.032171,0.028244,0.031067,0.020786,-0.001282,0.013565,0.013897,0.014657,0.006008,-0.004980,0.038592,0.047567,-0.003359,-0.001374,-0.003314,-0.002719,-0.008858,-0.002584,0.001092,0.003409,0.005004,0.009845,-0.008815,0.006713,0.001879,-0.006747,0.001707,-0.015199,-0.011733,0.014121,-0.022206,-0.012471,0.006906,-0.004055,-0.002612,-0.011339,-0.009238,-0.000326,-0.001082,-0.011373,-0.001658,-0.022688,-0.008968,-0.007313,-0.012206,-0.008152,-0.012511,-0.011442,-0.023695
3,0,1000,1000,1,0.013250,0.083502,0.015706,0.011771,0.017514,0.003056,0.004018,0.013983,-0.008279,0.004436,-0.001990,0.005375,0.015273,0.009098,-0.008799,-0.015362,-0.010354,0.006439,0.006208,-0.003374,-0.023828,-0.014596,-0.000543,-0.014825,-0.003139,0.007136,0.007636,0.005635,-0.018944,-0.005465,-0.006432,-0.005879,0.004233,0.002221,-0.002845,0.006326,-0.008226,0.006518,0.007293,0.001449,-0.011438,-0.001016,-0.042982,-0.023429,-0.017739,-0.012106,-0.011009,-0.013677,-0.009334,-0.015577
4,0,1000,1000,1,0.022339,0.016116,0.026332,0.058055,-0.008476,0.009768,0.018682,0.017476,0.015803,0.012642,-0.019788,-0.004921,0.024888,0.011841,-0.001477,-0.013655,-0.011137,0.000005,-0.007414,-0.000010,-0.005198,-0.005502,-0.010905,-0.008334,-0.003942,-0.013078,0.000264,0.001413,-0.001936,0.005045,-0.003518,-0.009596,-0.001013,0.007404,-0.002951,-0.001009,0.002179,-0.012698,-0.006690,-0.007155,-0.019615,-0.017981,-0.022360,-0.010114,-0.005947,-0.015981,-0.008556,-0.011536,-0.033352,-0.012292
5,0,1000,1000,1,0.013686,0.013383,0.078492,0.022003,0.020519,0.017378,-0.010482,0.004596,0.010891,0.021904,0.004426,0.065663,0.016624,-0.003560,0.005294,0.010019,-0.015926,0.006804,-0.016191,-0.000346,-0.009622,-0.010093,-0.010489,-0.013793,0.001869,0.006287,0.001820,-0.016920,-0.008937,-0.002558,-0.001821,0.008094,-0.001641,0.010051,-0.002311,0.002802,-0.003077,-0.000846,0.003937,0.001274,-0.039258,-0.026432,-0.002994,-0.023074,-0.028774,-0.031468,-0.008918,-0.030186,-0.014502,-0.014900
6,0,1000,1000,1,0.012441,0.027305,0.014171,0.050695,0.019178,0.020775,0.006981,0.013252,0.017047,0.016747,-0.008187,0.039032,0.034055,0.018429,-0.007971,-0.005606,-0.011689,0.009315,-0.005597,-0.015561,-0.008481,0.000415,-0.006654,-0.006395,0.011731,0.001849,-0.016116,0.000995,0.000333,-0.004233,-0.001747,0.002762,-0.003103,-0.011399,-0.018640,-0.005563,0.006247,0.005456,0.009876,-0.002155,-0.025701,-0.016028,-0.029964,-0.009706,-0.013393,-0.016492,-0.028440,-0.018116,0.001883,-0.016643
7,0,1000,1000,1,0.020633,0.035757,0.036108,0.017598,0.003215,0.016827,0.015839,0.009486,0.020817,0.021391,0.005214,-0.016405,0.026481,0.037363,0.000858,-0.011746,0.006005,0.000420,-0.001468,0.002646,-0.008294,0.003668,-0.006451,0.003040,-0.004148,-0.000739,-0.005574,0.009330,-0.003232,0.004044,0.009527,-0.006616,-0.001851,-0.000902,-0.001516,-0.011931,0.005816,-0.025736,0.000360,-0.014716,-0.015836,-0.010047,-0.009081,-0.018665,-0.008524,-0.001440,-0.022563,-0.018715,-0.008505,-0.004151
8,0,1000,1000,1,0.016987,0.026282,0.024021,0.050877,0.017471,0.014062,0.019782,0.014485,0.015903,0.010214,0.010826,0.055126,-0.005436,0.010398,-0.006008,-0.011625,-0.008785,-0.005882,-0.006700,-0.005899,-0.009669,0.005645,0.001130,0.003765,-0.003422,0.004430,-0.000159,-0.007371,0.004244,0.000228,0.004458,0.007318,0.008415,0.002698,-0.002053,0.007178,-0.004835,-0.007965,-0.017777,-0.012287,-0.013305,-0.007214,-0.015844,-0.013295,-0.024118,-0.008197,-0.006766,-0.019268,-0.025083,-0.019874
9,0,1000,1000,1,0.012375,0.013122,0.012384,0.050601,0.010314,0.018592,0.021784,0.006582,0.005665,0.012229,0.006480,0.033115,0.010481,0.005951,0.002885,-0.000711,-0.010001,-0.005568,-0.006411,0.004312,-0.000096,0.006202,-0.001265,0.019895,-0.003524,-0.001946,-0.001623,-0.002917,-0.009750,-0.050416,-0.012107,-0.006009,-0.015340,-0.009336,-0.004171,0.000641,0.003994,-0.028380,0.000478,0.003988,-0.013641,-0.012286,-0.012315,-0.008491,-0.018091,-0.034820,-0.002140,-0.011001,-0.019338,-0.021867
10,0,1000,1000,1,0.009433,0.010167,0.061329,0.017713,0.000887,0.021432,0.021050,0.010913,0.005298,0.012969,0.003287,0.002676,0.028847,0.023922,-0.007060,0.002562,-0.000619,0.005845,-0.004619,0.013679,-0.002054,-0.001367,-0.004400,-0.009134,-0.009501,-0.008631,0.001939,-0.000390,0.002361,0.000738,0.004631,-0.000758,-0.006051,-0.000084,-0.000740,0.006349,0.005272,-0.008951,0.011816,0.002668,-0.031085,-0.035378,-0.021981,-0.001090,-0.018934,-0.017533,-0.012894,-0.013374,-0.013102,-0.032483
11,0,1000,1000,1,0.013270,0.035980,0.025590,-0.003727,0.020844,0.009967,0.008938,0.020891,0.026144,0.017517,0.001352,0.013975,0.022773,0.016886,0.013614,-0.003307,0.001652,-0.021502,-0.017120,-0.002686,-0.005327,0.005056,0.001954,-0.006192,-0.005888,0.008310,-0.010363,0.002171,0.004051,-0.005988,-0.003427,-0.001072,-0.010796,0.009712,0.004341,0.005994,-0.006955,-0.015529,0.001953,-0.003787,-0.008266,-0.013231,-0.006441,-0.027245,0.002922,-0.022332,-0.018790,-0.020706,-0.021384,-0.013666
12,0,1000,1000,1,0.015859,-0.003787,0.047255,0.029806,0.018987,0.012682,0.018329,0.008775,0.014176,0.007103,-0.004097,0.039944,0.029416,-0.001352,-0.001951,-0.004087,-0.005305,0.006301,-0.009641,0.005446,-0.012248,0.001037,-0.000284,-0.001528,0.006417,-0.009925,0.001219,-0.001634,-0.002868,0.003971,0.001668,-0.007002,-0.001876,-0.007822,-0.012806,-0.000887,0.002579,0.005348,0.004512,0.002925,-0.024775,-0.032470,-0.017235,-0.004821,-0.041899,-0.009417,-0.021009,-0.027742,-0.026787,-0.015845
13,0,1000,1000,1,0.012692,0.063438,0.012112,0.018660,0.023045,0.010963,0.017436,0.009731,0.010814,0.017068,-0.010392,0.007212,0.060969,0.003064,0.003976,0.001681,-0.003698,0.002243,-0.004545,0.000588,0.007735,0.005532,0.001586,0.000109,-0.006664,-0.003110,0.003266,-0.017709,-0.014570,-0.011361,0.004446,-0.019742,-0.000173,-0.027984,0.001211,0.005498,-0.002668,-0.003481,-0.000995,-0.005650,-0.008960,-0.014788,-0.022462,-0.027062,-0.017602,-0.016551,-0.039499,-0.009513,-0.019847,-0.017847
14,0,1000,1000,1,0.013875,0.030965,0.043851,0.012266,0.013640,0.014453,0.006913,0.022542,0.017645,0.015103,-0.018209,0.007634,0.005370,0.063470,0.006534,0.000889,-0.005927,0.004552,-0.014569,0.003383,-0.006237,-0.014690,0.002601,-0.028084,-0.003058,-0.010273,0.001300,-0.007305,-0.017326,-0.005250,-0.003792,-0.008778,-0.004255,-0.001434,-0.022237,-0.015169,0.001978,0.009561,-0.002353,-0.008901,-0.003694,-0.000176,-0.021737,-0.020065,-0.002655,-0.007730,-0.038223,-0.009215,-0.022409,-0.009151
15,0,1000,1000,1,0.000179,0.015752,0.011953,0.063750,0.013173,0.008177,0.000530,0.016474,0.012402,0.019907,0.002995,0.025604,0.014081,0.000901,-0.009186,0.008996,-0.025820,-0.013894,-0.006874,-0.000617,0.000735,0.005731,-0.007822,0.007677,0.004824,-0.012873,0.007273,-0.006847,-0.000471,0.002921,-0.002454,-0.014970,0.002851,-0.009415,-0.004887,0.003440,-0.010418,0.000423,0.003754,-0.001265,-0.016034,-0.018867,-0.020449,-0.010338,-0.005054,-0.017624,-0.027457,-0.013500,-0.016012,-0.016821
16,0,1000,1000,1,0.012837,0.025344,0.049544,0.004535,0.018069,0.017368,0.015093,-0.004281,0.014975,0.018441,0.009233,0.004830,0.005930,0.031426,-0.007175,0.000237,-0.003600,0.007943,-0.000411,-0.011637,0.000461,0.004068,0.002076,-0.001358,-0.005736,-0.025917,0.002444,-0.002258,-0.006265,-0.013304,-0.013025,-0.003796,-0.016009,-0.001163,-0.021716,0.000465,-0.000585,0.008391,-0.008695,0.003677,-0.016376,-0.009542,-0.009553,-0.014674,-0.016503,-0.024422,-0.011251,-0.014382,-0.034733,-0.012088
17,0,1000,1000,1,0.006567,0.092695,0.016244,0.010673,0.009523,0.006309,-0.000484,0.017820,0.018560,0.022723,0.006921,0.006961,0.036253,0.012405,0.006643,-0.022716,0.001286,-0.006192,-0.008970,-0.007203,0.008332,-0.008739,0.006544,-0.005650,0.005410,0.000294,-0.013059,0.006270,0.008633,0.000646,-0.007624,-0.000011,0.000053,-0.003554,-0.005387,-0.002654,0.003926,-0.001713,0.003084,0.005595,-0.007560,-0.015517,-0.013134,-0.010717,-0.010856,-0.028127,-0.010233,-0.016814,-0.007879,-0.008531
18,0,1000,1000,1,0.006479,0.012978,0.040540,0.015388,0.006348,0.035532,0.015744,0.008122,0.017960,0.015274,-0.003793,0.014251,0.012748,0.008422,-0.002103,-0.001437,0.005422,0.002617,-0.016206,-0.001355,-0.004111,0.001071,-0.009703,-0.007329,-0.002664,0.004793,-0.018237,-0.008851,-0.003541,0.005895,-0.003722,-0.001548,-0.006282,-0.007008,-0.015529,-0.021586,0.003313,-0.000911,-0.006401,-0.017170,-0.045245,-0.018449,-0.012695,-0.031822,-0.003807,-0.017506,-0.003588,-0.012893,-0.002997,-0.014289
19,0,1000,1000,1,0.019158,0.073429,0.008847,0.018786,0.015221,0.015554,0.013307,0.012853,0.027798,0.016692,0.004348,0.063681,-0.001023,-0.013104,-0.000058,-0.012961,0.004524,-0.002149,-0.005931,-0.000778,0.009336,-0.003932,0.002894,-0.009670,-0.001406,-0.000335,0.002425,-0.000995,0.001168,0.002997,-0.030451,-0.004306,-0.006889,-0.002496,-0.006357,0.000720,0.004934,0.007149,-0.013164,0.002278,-0.025281,-0.014566,-0.019429,-0.026317,-0.036568,-0.023102,-0.022235,-0.011036,-0.011580,-0.021910
20,0,1000,1000,1,0.020896,0.029981,0.048036,0.017832,0.010341,0.017644,0.014108,0.038349,0.017586,0.014132,-0.003465,0.007591,0.007789,0.018122,-0.025305,0.012854,0.001969,-0.005175,-0.023055,-0.005905,-0.002031,0.003278,-0.000817,0.003733,0.001492,-0.001454,0.005860,0.000763,-0.002071,0.004872,-0.003037,-0.011192,0.002702,-0.003476,-0.015742,0.001096,-0.001111,-0.005404,0.007472,0.012144,-0.024769,-0.026174,-0.013566,-0.011028,-0.016773,-0.011338,-0.028685,-0.013101,-0.022414,-0.015905
21,0,1000,1000,1,0.020271,0.011467,0.017519,0.029542,0.016856,0.020099,0.015580,0.017398,0.008522,0.006168,-0.016307,0.022330,0.006423,0.032946,-0.018474,-0.010632,0.008872,-0.011168,-0.009822,0.000501,0.004772,-0.008499,0.005506,-0.002178,-0.005267,-0.008198,-0.001705,0.006121,-0.007628,-0.001929,0.003750,-0.006025,-0.014701,-0.011265,-0.020122,-0.000389,0.012178,-0.004865,0.007461,-0.016580,-0.006105,-0.024338,-0.014611,-0.009794,-0.003335,-0.008928,-0.013547,-0.033395,-0.006479,-0.015514
22,0,1000,1000,1,0.020367,0.016132,0.015949,0.049123,0.014919,0.017574,0.016268,0.021046,0.022699,0.012174,0.001574,0.003804,0.077380,-0.002798,0.002270,-0.010660,0.013883,-0.016180,0.003556,0.001910,-0.014785,0.005494,0.025238,0.000142,0.000710,0.007136,0.000711,0.009223,-0.005617,0.003946,0.000928,-0.023051,-0.013644,-0.004952,-0.002475,0.006222,0.000426,-0.003433,-0.001532,-0.015075,-0.009320,-0.009787,0.004423,-0.028791,-0.007307,-0.013083,-0.039566,-0.024290,-0.011403,0.004949
23,0,1000,1000,1,0.009664,0.033061,0.003431,0.036350,0.014685,0.016375,0.021140,0.016399,0.021975,0.016719,0.005528,0.051805,0.027941,-0.002595,0.012532,-0.007867,-0.010306,-0.006519,-0.015993,0.000375,-0.001108,-0.002517,0.002856,-0.015688,0.007793,-0.011017,0.000335,0.009576,-0.015358,0.006424,-0.005290,0.005109,-0.014952,0.001514,-0.010048,-0.001741,-0.003617,0.001958,0.010000,-0.005819,-0.011683,-0.024753,-0.028775,-0.007645,-0.020593,-0.019663,-0.014787,-0.025611,-0.023415,-0.002835
24,0,1000,1000,1,0.000058,0.015085,0.021529,0.076004,0.018317,0.017102,0.024813,0.015308,-0.004944,0.017317,-0.013622,0.049318,0.006027,0.017645,0.004753,0.001204,0.011648,-0.006835,-0.023876,0.004755,-0.009118,0.009270,0.006485,0.000191,0.001208,-0.003797,0.005029,-0.000472,-0.008107,-0.006473,-0.001894,-0.008920,-0.017089,0.005372,0.010949,-0.003470,-0.015363,-0.008258,0.002909,-0.000850,-0.004265,-0.012077,-0.022419,-0.014752,-0.035112,-0.015674,-0.018706,-0.035962,-0.003133,-0.017337
25,0,1000,1000,1,0.010627,0.008907,0.029375,0.048202,0.010967,0.002632,0.016676,0.014657,0.012910,0.019964,0.002941,0.063449,0.009300,0.003926,-0.000629,-0.015920,-0.014128,-0.004426,0.001592,0.001158,-0.016764,0.000221,-0.012135,0.001931,-0.016464,0.001689,0.010649,0.004518,0.000099,0.001162,-0.000606,0.007993,-0.006573,-0.006671,-0.007066,-0.001663,-0.000892,0.006140,-0.029917,-0.003061,-0.012101,-0.014127,-0.037438,-0.020559,-0.017576,-0.012311,-0.021232,-0.014605,-0.015775,-0.016028
26,0,1000,1000,1,0.009932,0.054952,0.023163,0.015663,0.016584,0.011442,0.019359,0.011171,0.006777,0.015904,-0.010966,-0.002654,0.057359,0.007729,0.000644,-0.009232,0.001660,0.005474,-0.011338,-0.012719,0.004822,0.003731,-0.027543,-0.002548,-0.006528,-0.000376,-0.005094,-0.001484,0.000531,-0.000239,0.000087,0.001499,-0.001364,0.001598,-0.009231,-0.001577,-0.004575,-0.005817,-0.006313,-0.022479,-0.034588,-0.025418,-0.015121,-0.016861,-0.029800,-0.010384,-0.013609,-0.011200,-0.007680,-0.014205
27,0,1000,1000,1,0.014124,0.004934,0.093752,0.004517,0.008902,0.010532,0.013695,0.012307,0.004699,0.012476,0.000268,0.004606,0.008491,0.077156,-0.014426,-0.003351,-0.004092,-0.000709,-0.006094,-0.003402,-0.004909,-0.021504,-0.003156,0.003243,-0.005869,-0.003526,0.006203,0.001592,-0.008790,-0.000337,-0.008558,-0.024596,-0.002258,0.004806,-0.000079,-0.000108,0.000968,0.008469,-0.006380,-0.006311,-0.004182,-0.025759,-0.010626,-0.016478,-0.016659,-0.022940,-0.008274,-0.019335,-0.010109,-0.017298
28,0,1000,1000,1,0.009946,0.025245,0.033837,0.041302,0.022410,0.002720,0.030807,0.017935,0.014957,0.015204,0.003000,0.001576,-0.001814,0.046953,-0.008866,0.006893,0.004231,-0.002910,0.006245,-0.000695,0.002830,0.004930,-0.002960,0.002053,0.001717,-0.002266,-0.005673,0.002558,-0.011007,-0.010637,-0.001034,-0.002776,-0.002879,0.008099,-0.002755,0.007939,-0.003409,-0.008093,-0.010092,0.003311,-0.006273,-0.006159,-0.005205,-0.023065,-0.002957,-0.026304,-0.012800,-0.015410,-0.004236,-0.010591
29,0,1000,1000,1,0.014771,0.049799,0.022470,0.009427,0.013188,0.018334,0.020987,0.017869,0.017465,0.015194,-0.004888,0.008515,0.067940,-0.003642,-0.027654,0.002079,-0.006860,-0.011735,-0.018414,-0.018243,-0.005733,0.003883,0.002660,-0.032735,0.010339,0.001475,-0.006831,-0.003098,-0.008063,-0.004588,-0.006270,-0.001504,-0.003896,-0.022781,0.002404,0.000335,-0.001557,-0.015849,0.001212,-0.002378,-0.014329,-0.018382,-0.022255,-0.019218,-0.008508,-0.015090,-0.023105,-0.021995,-0.034559,-0.007534
30,0,1000,1000,1,0.018896,0.031191,0.026315,0.028929,0.016624,-0.015615,0.023415,0.012289,0.019554,-0.011109,-0.009831,-0.004799,-0.010462,0.069492,0.002751,-0.013637,0.002666,-0.013333,0.002750,0.007337,0.006624,-0.004571,0.000144,-0.008876,-0.003333,-0.000890,0.006310,-0.013212,0.004561,0.003044,-0.005186,0.006995,0.005184,-0.006640,0.001755,0.007362,0.007379,-0.004058,0.000798,0.004966,-0.010471,-0.020762,-0.014753,-0.016294,-0.021519,-0.018215,-0.008364,-0.005822,-0.014022,-0.009020
31,0,1000,1000,1,0.022034,0.056942,0.017093,0.024132,0.015857,0.010865,0.003453,0.023883,0.020698,0.020006,0.005634,0.049916,0.004061,0.009697,0.001191,-0.006607,0.001889,-0.013477,0.001462,0.005921,-0.010468,-0.010795,-0.008251,-0.015737,-0.002910,0.008902,-0.002131,-0.005586,0.001778,-0.003066,-0.008741,0.001925,-0.009318,0.003100,0.004052,0.000349,0.008471,0.001321,-0.001900,0.000518,-0.010252,-0.020863,-0.011621,-0.023833,-0.025431,-0.009023,-0.018976,-0.009760,-0.015600,-0.019898
32,0,1000,1000,1,0.010326,0.012375,0.013616,0.089848,0.021085,0.014650,0.013998,0.007528,0.018037,0.012795,0.002595,-0.016509,0.075510,-0.001908,-0.003469,-0.001181,-0.003982,0.003268,-0.008480,0.005158,-0.001227,-0.004609,0.006833,-0.000081,-0.000462,-0.009711,-0.012052,-0.004787,0.003129,-0.000673,-0.001170,0.005824,-0.001768,-0.017354,0.003450,0.012562,-0.003356,0.007161,-0.002673,-0.010023,-0.029118,-0.013146,-0.020940,-0.021042,-0.017304,-0.012395,-0.011344,-0.023405,-0.008927,-0.024120
33,0,1000,1000,1,0.008121,0.026487,0.034294,0.025225,0.015698,0.005161,0.011353,0.023386,0.008971,0.032994,-0.000341,-0.006919,0.065324,-0.002688,-0.000505,-0.003517,0.000430,-0.006581,0.001825,0.007773,-0.003078,0.000814,-0.006865,0.009343,-0.022646,0.004285,-0.003161,0.005163,0.001891,0.007704,-0.001774,-0.008579,-0.000688,0.006978,-0.001134,0.000849,0.003230,-0.004913,-0.011392,0.002810,-0.017743,-0.006333,-0.013312,-0.016629,-0.020112,-0.035160,-0.015543,-0.011343,-0.004885,-0.030374
34,0,1000,1000,1,0.015843,0.025086,0.018275,0.029487,0.006215,0.023175,0.013801,0.015396,0.016343,0.016390,-0.006712,0.008420,0.004440,0.020505,0.010006,-0.004239,-0.012198,-0.007036,-0.005380,-0.001697,0.009198,-0.003943,-0.007355,0.005648,-0.002488,-0.000160,-0.005299,0.001563,0.001284,-0.008924,-0.017661,-0.000089,-0.011124,-0.017765,-0.011867,0.012871,-0.006972,-0.004194,0.011472,-0.014804,-0.004378,-0.020596,-0.039500,-0.018896,-0.014649,-0.026616,-0.013258,-0.022978,-0.002930,-0.005823
35,0,1000,1000,1,0.018215,0.015086,-0.025535,0.050731,0.008711,0.014220,0.015204,0.013069,0.025764,0.014089,0.001304,0.027575,0.072481,-0.003309,-0.035807,0.008097,0.001381,-0.006925,-0.018828,0.000095,-0.011333,-0.007231,-0.006408,-0.007046,0.002709,-0.009990,0.011551,0.004863,-0.002970,0.004302,0.004757,-0.003388,0.005085,-0.001801,0.008588,-0.007046,-0.000993,0.003086,-0.010496,0.005204,-0.015351,-0.008512,-0.013672,-0.028187,-0.042218,-0.019218,-0.015391,-0.038357,-0.015588,-0.009693
36,0,1000,1000,1,0.016243,0.027699,0.027620,0.016527,-0.009594,0.011745,0.011656,0.012547,0.009064,0.017207,-0.000664,0.004468,0.054921,0.026198,-0.007244,0.004560,-0.008343,0.007552,0.000300,-0.018137,0.002510,-0.009111,-0.005056,-0.016989,0.001459,-0.006848,0.005504,0.000351,-0.002000,-0.003556,-0.014639,-0.005884,-0.014197,0.004095,-0.004834,0.007310,-0.001298,0.007650,-0.010912,0.018712,-0.017539,-0.005321,-0.010974,-0.008326,-0.011206,-0.022153,-0.031866,-0.024808,-0.025943,-0.022480
37,0,1000,1000,1,0.013483,0.020437,0.043347,0.012512,0.032937,0.001621,0.010860,0.024759,0.007068,0.024264,-0.000555,0.022236,0.003706,0.032128,-0.002378,0.002724,0.003207,-0.001305,-0.002862,-0.013557,-0.015602,0.000921,-0.003089,0.002511,0.004553,0.006775,-0.005683,-0.017435,0.001638,-0.013610,-0.003065,-0.000723,-0.001832,-0.003666,-0.008543,-0.004961,-0.014624,-0.012699,-0.008104,-0.004602,-0.019975,-0.011897,-0.021358,-0.008474,-0.025729,-0.013388,-0.015193,-0.021050,-0.040143,-0.008769
38,0,1000,1000,1,0.016066,0.016011,0.047157,0.033522,0.012020,0.010252,0.017052,0.020873,0.019893,0.011368,-0.002651,0.014849,0.045791,0.007970,0.011344,0.005000,0.000973,-0.033365,-0.008257,-0.001748,-0.006069,-0.009056,0.003824,0.004295,-0.013900,-0.013772,-0.008128,0.003027,-0.000237,-0.003374,0.011243,-0.024073,0.008494,0.003773,0.005708,0.000956,0.000958,0.004726,-0.013373,-0.003336,-0.032702,-0.002357,-0.010605,-0.006451,-0.038629,-0.005286,-0.026873,-0.009975,-0.018121,-0.008819
39,0,1000,1000,1,0.013962,0.028885,0.023506,0.027962,0.026436,0.004376,0.009035,0.010285,-0.000702,0.012034,0.007283,0.020871,-0.010506,0.042825,0.010586,0.000045,-0.009769,-0.001120,-0.019088,0.001225,-0.000205,0.004759,0.001176,-0.004485,0.000791,-0.005790,-0.004165,-0.011787,-0.006527,0.005255,-0.002909,0.000437,0.006634,0.006297,-0.000006,-0.011264,-0.005894,0.010663,-0.007936,0.002529,-0.023440,-0.022483,-0.009387,-0.013890,-0.015451,-0.023634,-0.013791,-0.020873,-0.006358,-0.002230
40,0,1000,1000,1,0.016443,0.016924,0.006365,0.057701,0.008545,0.018090,0.012837,0.013247,0.025548,0.019215,0.001088,0.007406,0.000558,0.054011,-0.003045,-0.010229,0.007971,-0.012488,-0.014170,-0.007585,-0.001173,-0.008667,-0.001824,-0.010811,-0.005870,-0.009791,-0.003821,-0.003659,-0.000637,-0.012953,0.005993,0.011955,-0.003744,-0.003696,0.004226,-0.016050,0.004540,0.003273,0.010918,0.002150,-0.013633,-0.014421,-0.020890,-0.012913,-0.028947,-0.001693,-0.020871,-0.017974,-0.016415,-0.030630
41,0,1000,1000,1,0.022871,0.019495,0.023187,0.024197,0.010028,0.015227,0.013228,0.023133,0.014021,0.010667,-0.001036,0.019424,0.012530,0.054402,-0.002245,0.014518,-0.008010,-0.007116,0.011032,-0.000169,-0.011094,-0.003062,0.004706,-0.003521,0.004357,0.011379,0.002014,0.006133,-0.007236,-0.000090,-0.000998,-0.014872,0.004538,-0.016329,-0.000084,0.003933,0.003385,-0.011333,-0.013332,0.006055,-0.014629,-0.014808,-0.017609,-0.010526,-0.035001,-0.037992,-0.019485,-0.014447,-0.016640,-0.019010
42,0,1000,1000,1,0.001461,0.020747,0.030388,0.045603,0.004510,0.015109,0.016064,-0.000332,0.003907,0.015289,-0.003175,0.049324,0.020861,0.013017,0.003424,-0.001574,-0.002771,0.022069,0.001767,-0.006484,-0.007429,-0.014302,0.003108,0.014426,-0.010207,-0.011231,-0.004374,0.016110,0.010564,0.005204,-0.010260,-0.017995,0.009681,-0.016146,0.004495,-0.004872,-0.007873,0.003917,0.002336,-0.034425,-0.011289,-0.027599,-0.001722,-0.019132,-0.011597,-0.013974,-0.022196,-0.017400,-0.003301,-0.018610
43,0,1000,1000,1,0.016566,0.012726,0.023690,0.065506,0.009376,0.020329,0.008930,0.022283,0.010264,0.007668,-0.007436,0.065807,0.009395,0.002794,-0.002346,-0.008733,-0.000029,-0.023331,-0.013707,-0.002702,0.006722,-0.023618,0.003926,-0.003290,0.000696,-0.001117,-0.004319,-0.003929,0.005489,-0.000227,0.011180,0.009568,-0.002089,0.006615,-0.014214,-0.013982,-0.000753,-0.001412,0.008341,-0.000352,-0.018040,-0.010328,-0.005909,-0.011206,-0.010269,-0.022189,-0.022166,0.000177,-0.026603,-0.015126
44,0,1000,1000,1,0.007149,0.011608,0.037141,0.026867,0.006666,0.018750,0.014359,0.010339,0.015691,0.005850,-0.013308,0.049949,0.005506,-0.016840,-0.000715,0.003624,-0.006199,0.013768,-0.006377,-0.000079,0.000991,0.005015,0.001450,0.001000,-0.014408,-0.007803,0.005168,0.014433,-0.000051,0.008644,-0.010030,0.013550,0.005745,-0.003433,-0.006391,-0.000784,0.001541,0.001429,0.006620,-0.004454,-0.015960,-0.033890,-0.026474,-0.014748,-0.008666,-0.019566,-0.011956,-0.012638,-0.015998,-0.009106
45,0,1000,1000,1,0.011753,0.027589,0.029490,0.033363,0.002268,0.026329,0.002987,0.007821,0.009306,0.028162,-0.027472,0.020711,-0.002063,0.024625,0.003340,-0.014723,0.003565,-0.001248,0.005657,-0.008300,-0.014927,0.000675,0.000957,-0.006723,-0.005838,-0.000127,-0.013065,0.014091,0.003791,0.005580,-0.005286,-0.008677,-0.010897,0.006249,-0.008570,0.010831,0.005254,-0.007370,0.005282,0.006340,-0.024416,-0.016725,-0.010069,-0.017058,-0.020135,-0.025899,-0.002931,-0.005619,-0.012299,-0.001033
46,0,1000,1000,1,0.012862,0.017547,-0.009867,0.075641,0.011656,0.012867,0.015198,0.026294,0.012583,0.023040,-0.005985,0.062760,0.015931,0.006996,-0.005445,-0.000480,0.007184,-0.011008,-0.005262,0.001424,-0.002161,-0.009301,0.006329,0.001251,0.006159,0.003677,-0.004570,0.003697,-0.038155,-0.001810,-0.003375,0.003555,-0.006892,-0.002005,-0.003334,-0.007475,-0.021743,-0.011829,-0.006375,-0.002177,-0.017213,-0.013455,-0.014098,-0.006458,-0.037042,-0.025146,-0.012307,-0.005397,-0.010346,-0.021166
47,0,1000,1000,1,0.013181,0.031829,0.031160,0.035342,-0.025025,0.024983,0.017158,0.019324,0.009153,0.017521,-0.005798,0.032921,-0.003552,0.003487,-0.023364,-0.004562,-0.004132,-0.003459,-0.014516,0.005443,0.002712,-0.015742,0.009156,0.007073,0.001524,0.002076,-0.003274,0.008516,0.001881,0.002856,-0.006992,-0.002553,0.009184,-0.006050,-0.021635,0.004481,-0.012989,-0.013936,0.007055,-0.009695,-0.008828,-0.008977,-0.018058,-0.012813,-0.014487,-0.020384,-0.025214,-0.014664,0.004995,-0.010541
48,0,1000,1000,1,0.003563,0.015438,0.016245,0.033350,0.016121,0.008637,0.012861,0.016233,0.015000,0.025103,0.001058,0.014815,0.076923,-0.002540,-0.012076,0.006249,0.002831,0.005568,0.000601,0.000747,-0.000813,-0.000636,0.000947,-0.002790,-0.006071,-0.009397,0.002820,0.002272,0.003288,0.000128,-0.006786,0.006572,0.001675,-0.006473,0.012636,0.002056,0.009331,-0.015436,-0.014781,0.003756,-0.024129,-0.011195,-0.012446,-0.020448,-0.020137,-0.019093,-0.021827,-0.015165,-0.037092,-0.025572
49,0,1000,1000,1,0.014086,0.036821,0.007973,0.037741,0.020401,0.025127,0.016668,0.016878,0.013811,0.014188,-0.010496,0.019703,0.023187,0.010468,0.010997,0.011970,-0.012332,-0.010674,0.006901,-0.015068,-0.008762,-0.007133,-0.009380,0.004579,-0.003028,-0.011797,-0.002748,-0.003649,0.006499,0.001245,-0.037902,-0.002116,-0.000130,-0.004092,-0.002919,0.011781,0.002304,-0.005083,0.005759,-0.015957,-0.017200,-0.008183,-0.024801,-0.022975,-0.011009,-0.018975,-0.009254,-0.011793,-0.008394,-0.001579
50,0,1000,1000,1,0.014073,0.017625,0.045687,0.034581,0.017560,0.017653,0.021876,0.015315,0.028861,0.020180,-0.003073,0.006400,-0.001891,0.048639,0.001721,-0.011058,-0.002370,-0.011011,-0.010799,-0.006281,-0.004639,0.002702,-0.008825,-0.007622,0.006572,0.010524,0.006062,-0.006956,-0.000290,0.003777,0.006543,-0.001041,-0.017393,0.007035,-0.003698,-0.005748,0.004821,-0.000542,-0.004147,-0.031647,-0.032712,-0.005837,-0.009470,-0.022075,-0.011486,-0.025208,-0.015167,-0.006913,-0.009876,-0.002860
51,0,1000,1000,1,0.017180,0.034669,0.028912,0.007080,0.009144,0.010634,0.022238,0.018702,0.008788,0.019221,0.000379,0.032133,0.007128,0.019280,-0.010280,-0.011750,0.000661,-0.010863,-0.001520,-0.014062,0.012104,-0.007125,-0.008195,0.002924,-0.012216,-0.018588,-0.020039,-0.013000,0.000345,0.001916,-0.003735,-0.002882,-0.007357,-0.001747,-0.000883,0.003423,-0.003427,-0.007323,-0.000691,0.002367,-0.014777,-0.019022,-0.015708,-0.022484,-0.016801,-0.006187,-0.014303,-0.026907,-0.014523,-0.009661
52,0,1000,1000,1,0.016371,0.053727,0.015627,0.020383,0.016410,0.004496,0.020607,0.016061,0.009521,0.009920,0.001276,-0.005222,0.066558,-0.007808,0.007789,-0.005496,-0.005706,-0.002068,0.007463,-0.004589,-0.000564,0.000788,0.005638,-0.006995,0.000276,-0.004268,-0.000342,0.000915,-0.004446,0.004217,-0.007215,-0.004089,-0.006109,0.002846,0.002446,0.016874,-0.000761,-0.013312,-0.003946,-0.009120,-0.011848,-0.009646,-0.038511,-0.021091,-0.025185,-0.003164,-0.021101,-0.017091,-0.026081,0.007696
53,0,1000,1000,1,0.020512,0.076248,0.013288,0.015609,0.012279,0.005590,0.018533,0.010295,0.016672,0.005391,-0.016561,0.001925,0.050338,0.012837,0.005997,-0.006741,-0.017014,-0.000809,-0.005817,-0.002725,-0.000948,0.003619,0.000821,0.000687,-0.027889,-0.000047,0.007585,0.003462,-0.005768,0.011573,0.000854,-0.002566,0.005706,-0.002456,0.023979,-0.010816,0.005713,0.004020,0.004825,-0.000109,-0.005901,-0.026322,-0.002997,-0.008689,-0.016291,-0.011700,-0.011703,-0.018141,-0.023225,-0.008878
54,0,1000,1000,1,0.019994,0.031683,0.010902,0.031883,0.024020,0.016125,0.008968,0.010686,0.006870,0.012648,0.002725,0.014843,0.013419,0.022186,0.000817,-0.017231,0.004097,0.002110,-0.008461,0.008352,-0.007902,-0.001123,0.002738,-0.001581,0.002884,0.008735,0.008548,0.005551,-0.016998,-0.008243,0.009054,0.002022,-0.016210,-0.004240,0.004888,0.000592,-0.008635,0.001202,-0.001155,-0.004833,-0.010962,-0.003919,-0.013385,-0.009048,-0.018645,-0.015415,0.006193,-0.018740,-0.011192,-0.016624
55,0,1000,1000,1,0.015995,0.013567,0.063247,0.017770,0.013558,0.009269,0.012913,0.015503,0.020507,0.000652,0.003131,0.006283,0.044130,0.004481,-0.001020,-0.020183,-0.008712,-0.002289,-0.015116,-0.005531,-0.006713,-0.006196,0.005521,-0.020743,0.007185,-0.017144,-0.005724,-0.016221,-0.001042,0.002038,-0.006653,-0.003418,-0.005311,-0.020596,-0.010221,0.010979,-0.011880,0.001416,-0.007710,0.004453,-0.010549,-0.022050,-0.026831,-0.025658,-0.023115,-0.030003,-0.009611,-0.010899,-0.015672,-0.026066
56,0,1000,1000,1,0.027554,0.023638,0.016825,0.068545,0.017736,0.023477,0.024379,0.017614,0.016101,0.009073,-0.013779,0.015268,0.023632,-0.000367,-0.006736,0.001165,-0.016590,-0.028022,0.013909,-0.002704,-0.006706,0.009576,0.007009,-0.004959,-0.003286,0.014782,-0.009444,-0.001184,0.009450,-0.005289,-0.008317,0.000192,-0.002199,-0.013146,-0.003439,0.001771,0.004448,0.001086,0.002425,0.005237,-0.021469,-0.018594,-0.024215,-0.020990,-0.016101,-0.002285,-0.028239,-0.017507,-0.022617,-0.006319
57,0,1000,1000,1,0.014293,0.035921,0.023221,0.027423,0.016476,0.014848,0.012852,0.009349,0.019760,0.004905,-0.007264,-0.000993,0.071963,0.013299,-0.006179,-0.004262,0.000905,-0.022210,-0.009910,-0.003989,0.008180,0.000839,-0.001283,-0.005962,-0.008769,-0.005277,-0.016791,0.000432,0.005340,0.001772,-0.006185,-0.003315,0.001426,0.001862,0.000518,-0.019964,0.011926,-0.001189,0.007740,0.001069,-0.007607,-0.021663,-0.014994,-0.014011,-0.007790,-0.006409,-0.031819,-0.017252,-0.019134,-0.016880
58,0,1000,1000,1,0.008396,0.019161,0.037049,0.034617,0.018107,0.018429,0.024486,0.006983,0.011615,0.016413,0.004894,0.038087,0.031239,0.001107,0.003953,-0.027275,-0.002848,-0.010291,-0.006261,-0.007580,0.000248,-0.009845,0.001417,0.007611,-0.000992,-0.016815,-0.009418,-0.001256,0.006105,0.000353,0.002877,-0.005796,-0.004354,0.000482,-0.000718,0.003525,0.011569,-0.014458,-0.006927,-0.001169,-0.012807,-0.003317,-0.009569,-0.016041,-0.013592,-0.027793,-0.019769,-0.019169,-0.008172,-0.011865
59,0,1000,1000,1,0.006067,0.043706,0.027821,0.010604,0.019481,0.009062,0.020280,0.002144,0.008184,0.018326,-0.020068,0.057552,0.006695,0.016828,0.000954,-0.006932,0.004528,0.003159,0.000233,-0.018849,0.006525,-0.005604,-0.003190,-0.007694,0.000686,-0.006586,-0.003142,-0.007772,-0.003634,0.005000,-0.014828,-0.004758,-0.018144,-0.003610,0.011533,-0.004136,-0.002813,0.001821,0.009463,-0.013371,-0.016331,-0.008405,-0.016179,-0.021510,-0.011933,-0.002979,-0.014130,-0.008190,-0.009214,-0.011107
60,0,1000,1000,1,0.012748,0.018544,0.022051,0.056671,-0.000545,0.009656,0.009835,0.019915,0.024426,0.010931,-0.000633,0.010082,0.003912,0.013357,-0.002476,-0.015076,0.008419,-0.004310,-0.003681,0.003954,0.000074,0.010058,0.001967,-0.001351,-0.005795,-0.002739,0.000361,0.004557,-0.000119,0.001054,-0.000009,-0.015571,0.005774,-0.006371,-0.003868,-0.022143,-0.006513,0.003223,-0.005068,0.004468,-0.015514,-0.019224,-0.017945,-0.010874,-0.006516,-0.006138,-0.017111,-0.008367,-0.011889,0.001957
61,0,1000,1000,1,0.007579,0.028009,0.018529,0.041734,0.026393,0.018758,0.001223,0.016027,0.018930,0.011775,0.003823,-0.001883,0.060980,-0.002914,0.003392,-0.004325,0.004780,-0.008295,-0.003819,-0.007388,-0.011356,0.001258,0.000095,-0.006376,-0.010581,0.002687,-0.008352,-0.008091,0.003835,0.003953,-0.008856,-0.007630,-0.007129,0.005765,-0.003475,-0.019757,-0.012280,-0.005916,-0.007714,0.001389,-0.011762,-0.038602,-0.016702,-0.020876,-0.017470,-0.029735,-0.011367,-0.021771,-0.021640,-0.029956
62,0,1000,1000,1,0.012072,0.055328,0.024365,0.021640,0.019669,0.014062,0.012497,-0.009286,0.016486,0.012188,-0.006607,0.009725,0.024404,0.021457,0.007337,-0.005386,0.012154,0.003905,-0.003382,-0.001881,-0.003356,-0.023530,-0.002787,0.002211,0.007733,0.003075,0.009912,0.009921,-0.007060,-0.004271,0.007273,-0.005184,0.004789,-0.017060,-0.023000,-0.006117,0.008145,0.005311,0.013799,-0.001088,-0.013334,-0.016666,-0.030805,-0.017503,-0.025505,-0.019372,-0.014399,-0.002822,-0.035247,-0.026339
63,0,1000,1000,1,0.010804,0.020476,0.033908,0.030063,-0.004880,0.004442,0.013156,0.011784,-0.007586,0.008177,-0.004439,0.008059,0.007902,0.056793,-0.009463,0.004227,-0.010578,-0.002646,0.000522,0.008966,0.007301,0.002438,0.005396,-0.005133,-0.009729,-0.000197,0.003466,0.008204,0.011672,-0.028735,-0.004086,0.018887,-0.001253,-0.002581,0.005822,-0.015580,0.003402,-0.023811,-0.009273,-0.014446,-0.028869,-0.023297,-0.025794,-0.011208,-0.010803,-0.022467,-0.017883,-0.006964,-0.009128,-0.005846
64,0,1000,1000,1,0.023925,0.055979,0.015556,0.019511,0.013119,0.019172,0.019750,0.022485,0.018699,0.011454,0.001940,0.016759,0.011653,0.015733,-0.008951,0.005144,0.006664,0.003125,0.003478,0.006349,-0.000923,0.001646,0.006146,0.002985,-0.028997,-0.010436,-0.019858,-0.000816,0.002593,0.005697,-0.014186,-0.008962,-0.003061,-0.012629,-0.005804,0.007391,0.000959,-0.005969,0.002813,-0.002474,-0.024271,-0.016375,-0.016525,-0.016623,-0.013647,-0.020783,-0.016266,-0.031276,-0.002923,-0.025896
65,0,1000,1000,1,0.008495,0.044371,0.015007,0.016274,0.017865,0.009387,0.006644,0.021616,0.018284,0.016710,-0.008141,0.017171,0.056797,-0.004401,-0.016463,-0.022713,-0.003250,0.003533,-0.004420,0.000062,-0.007203,0.004049,-0.001831,0.005656,0.007771,-0.006144,0.003570,0.009118,0.004058,0.009245,0.007383,-0.020485,-0.003740,0.000657,-0.005033,0.000444,-0.018013,-0.003133,-0.006199,-0.000822,-0.013193,-0.017158,-0.019984,-0.009939,-0.008568,-0.026241,-0.019222,-0.015064,-0.007282,-0.025899
66,0,1000,1000,1,0.010667,0.020391,0.036926,0.028645,0.015567,0.020753,0.022188,0.017289,0.018598,0.012249,-0.005425,0.024785,0.004183,0.022806,-0.002225,0.014106,-0.001779,-0.006043,-0.001485,-0.001140,0.002664,-0.006395,-0.019978,0.000383,-0.005618,-0.003010,0.003675,-0.000267,-0.006566,-0.007902,-0.006876,-0.022205,0.000161,-0.010113,-0.004148,0.000622,0.015755,0.002580,0.003312,-0.008679,-0.026384,-0.018566,-0.009609,-0.026439,-0.009944,-0.034500,-0.007264,-0.013811,-0.020732,-0.034900
67,0,1000,1000,1,0.024502,0.027537,0.007874,0.064914,0.016476,0.009034,0.013838,0.013229,0.008470,0.023126,0.003331,0.004341,0.037564,0.002681,-0.001320,0.001036,-0.000410,-0.005459,0.009202,-0.000647,-0.028923,0.003892,0.007361,-0.019422,0.002797,0.005277,0.013500,-0.006612,-0.001760,0.000407,0.001095,-0.002928,0.008807,0.001727,0.004219,0.007702,-0.015909,-0.006958,0.003089,-0.003541,-0.008581,-0.021334,-0.018154,-0.016820,-0.007151,-0.020601,-0.015686,-0.033002,-0.010779,-0.014847
68,0,1000,1000,1,0.022089,0.049417,0.016671,0.017287,0.017549,0.020475,0.035050,0.021489,0.012329,0.015520,0.008715,0.014462,0.043519,-0.004068,-0.011916,-0.010096,0.001406,-0.011792,-0.002588,0.006631,-0.018007,-0.003551,0.000667,-0.009923,-0.007464,-0.003270,-0.004033,-0.005608,-0.019150,0.003457,-0.006298,-0.004332,0.005581,-0.006926,0.005592,0.001398,-0.028489,0.006160,-0.008409,0.001029,-0.020902,-0.037275,-0.003495,-0.013995,-0.029876,-0.020932,-0.008317,-0.022981,-0.016305,-0.010389
69,0,1000,1000,1,0.015524,0.060607,0.031766,0.008327,0.020712,0.019761,0.006248,0.009794,0.014982,0.016455,0.007874,0.048638,0.006770,-0.001225,-0.007807,-0.003473,0.002167,0.005701,0.001180,-0.006921,-0.007766,0.005948,-0.030390,0.001086,-0.013697,0.002180,-0.008882,0.002272,-0.018917,0.010398,-0.006660,-0.003188,-0.001056,0.010084,-0.006912,0.005529,0.004005,-0.004810,-0.006762,0.008498,-0.025466,-0.017344,-0.005246,-0.020524,-0.014285,-0.012020,-0.005802,-0.031624,-0.012418,-0.036305
70,0,1000,1000,1,0.020728,0.015118,0.014621,0.061223,0.017294,0.020957,0.016245,0.013415,0.022181,0.000879,-0.005013,-0.014335,-0.000509,0.059949,-0.024439,-0.005146,-0.002249,0.004692,-0.009493,0.001545,-0.003117,-0.000413,-0.003096,-0.002639,0.007000,-0.005520,0.002365,0.002463,-0.009808,0.006904,-0.003333,0.002973,0.001914,-0.016737,0.001204,-0.015698,0.009610,0.000109,0.007041,0.004839,-0.007228,-0.007926,-0.012560,-0.007208,-0.014739,-0.006056,-0.021456,-0.008680,-0.018231,-0.000050
71,0,1000,1000,1,0.007146,0.007674,0.015344,0.064586,0.012660,0.009460,0.015081,0.023943,0.010974,0.017840,-0.000069,0.005459,-0.005843,0.041409,-0.008708,0.001366,-0.001036,-0.007186,0.002058,0.002724,0.000664,-0.008359,-0.015082,0.000130,0.001478,0.009805,-0.000419,-0.016640,0.000918,0.001889,0.008885,-0.012236,0.004110,-0.001483,0.004520,0.004362,-0.004291,-0.009874,0.010689,0.001028,-0.004363,-0.021421,-0.013787,-0.019300,-0.017771,-0.019580,-0.026784,-0.012858,-0.010704,-0.008794
72,0,1000,1000,1,0.007527,0.035305,0.027049,0.065245,0.010875,0.013062,-0.003300,0.006828,0.011341,0.017945,0.014049,0.000391,0.059933,-0.016263,0.007800,-0.004316,0.005834,0.007391,-0.010911,-0.004094,-0.005486,0.006706,0.001305,0.000236,-0.004767,-0.005358,0.006341,0.002190,-0.010179,-0.012523,0.014339,-0.013318,0.002263,0.006058,-0.033916,-0.002208,0.013774,-0.003255,0.001680,-0.010334,-0.016511,-0.023896,-0.008206,-0.008561,-0.008237,-0.014378,-0.014888,-0.014578,-0.009173,-0.004362
73,0,1000,1000,1,0.021943,0.041105,0.026511,0.018266,0.015328,0.016525,0.016741,0.013524,0.017080,0.018247,-0.001832,0.029646,0.028750,0.002715,-0.004367,-0.001246,-0.019361,0.000521,0.004243,-0.001707,-0.004537,-0.018062,0.002924,0.003029,-0.007554,-0.013503,-0.010958,-0.005108,0.000365,0.004362,0.005760,-0.025595,-0.001011,-0.003773,-0.003381,0.005666,0.005968,-0.008448,-0.002947,-0.000144,-0.006542,-0.023975,-0.018803,-0.021526,-0.007818,-0.014644,-0.011607,-0.011493,-0.017063,-0.011895
74,0,1000,1000,1,0.015029,0.018101,0.012679,0.055297,0.012640,0.021303,0.008990,0.015206,0.015703,0.005188,-0.020796,0.014733,0.001081,0.021068,-0.003247,-0.002061,-0.003280,-0.013398,-0.009669,0.006079,-0.000178,0.001002,0.004864,-0.002376,0.008087,0.004134,0.011698,-0.030906,0.010005,-0.015281,0.001078,-0.008782,-0.003646,0.002674,0.001446,0.010885,-0.006409,-0.001493,0.003683,-0.000216,-0.027580,-0.013527,-0.012225,-0.004185,-0.018271,-0.016534,-0.017015,-0.021281,-0.017226,-0.013327
75,0,1000,1000,1,0.012317,0.037224,0.011173,0.030971,0.014203,0.020601,0.014868,0.025774,0.020099,0.013535,-0.006013,0.017114,0.005203,0.037549,0.004994,-0.003579,-0.008682,-0.010106,0.009557,-0.012449,-0.008851,0.010966,0.002602,0.002907,0.006567,0.003713,0.009488,-0.000557,0.005084,-0.005587,-0.001489,-0.017859,0.000448,-0.006681,-0.001895,-0.011595,-0.000717,-0.007298,-0.002271,-0.013130,-0.008340,-0.007399,-0.018023,-0.007053,-0.015058,-0.008563,-0.011340,-0.007017,-0.004608,-0.014941
76,0,1000,1000,1,0.016528,0.040027,0.035562,0.018500,0.015225,0.021625,-0.003930,0.006789,0.018072,0.009938,0.000213,0.022447,-0.003979,0.060487,-0.009630,-0.002019,0.007558,0.006985,0.003696,0.009309,0.007210,-0.001399,-0.010513,0.003408,0.008087,0.003449,0.004673,-0.007085,-0.014473,-0.003770,-0.007519,0.001545,-0.012387,0.000960,-0.013938,0.007987,0.004729,-0.005908,-0.004930,0.009910,-0.026749,-0.028532,-0.015133,-0.016836,-0.026777,-0.035827,-0.017501,-0.031534,-0.023786,-0.006605
77,0,1000,1000,1,0.015125,0.030820,0.013966,0.026467,0.003004,0.012323,0.011392,0.020375,0.016649,0.023867,-0.010095,0.037166,0.007704,0.009317,0.003813,-0.005831,0.002973,-0.001438,-0.010615,0.003068,-0.006125,0.009755,0.000725,-0.006957,-0.000747,-0.000794,-0.008361,-0.012168,0.001863,0.010904,-0.002214,-0.004464,-0.004425,0.002785,-0.010457,0.006837,-0.009675,-0.017412,-0.015274,-0.001782,-0.024112,-0.008398,-0.040848,-0.012202,-0.024432,-0.018257,-0.008984,-0.021771,-0.005288,-0.002800
78,0,1000,1000,1,0.022633,0.009707,0.065056,-0.004152,0.021231,0.015130,0.007250,0.015663,0.011216,0.013880,0.001748,0.006557,0.053889,0.018665,0.003891,0.005381,-0.015417,-0.016651,0.000730,-0.000706,-0.011457,-0.003264,0.001849,-0.001760,0.002262,0.003585,-0.012774,0.001453,0.003305,0.001764,-0.001186,0.005947,-0.001268,0.003569,0.008041,-0.000190,0.001444,-0.012692,-0.004309,-0.004996,-0.017528,-0.022741,-0.021072,-0.031378,-0.008845,-0.007655,-0.013419,-0.014660,-0.011164,-0.019619
79,0,1000,1000,1,0.002670,0.012280,0.038122,0.047110,0.018323,0.020858,0.017412,0.016570,0.005641,0.017924,-0.010195,0.033086,-0.002899,0.043161,-0.004438,-0.007506,-0.009083,0.003620,-0.003985,0.000184,-0.008670,-0.001031,-0.005974,-0.014881,0.002989,-0.003993,-0.045572,-0.002522,0.004052,-0.005126,0.007399,-0.010032,-0.000633,0.000842,0.001576,0.002339,-0.003228,-0.001474,0.009598,0.005386,-0.016322,-0.021917,-0.014782,-0.014278,-0.008160,-0.007271,-0.022706,-0.005913,-0.003261,-0.012288
80,0,1000,1000,1,0.005421,0.025575,0.033197,0.032899,0.013863,0.021466,0.014108,0.012968,0.019085,0.017366,-0.006496,0.009001,-0.001433,0.071709,-0.011726,0.002738,-0.006499,0.006049,0.009659,0.004907,0.002604,-0.017651,-0.008789,-0.001959,-0.001530,0.003444,-0.003107,0.002354,0.000849,-0.010600,0.003132,0.001880,0.004219,-0.003934,0.001781,-0.002147,-0.021695,0.008176,-0.011329,-0.004740,-0.018150,-0.016879,-0.017378,-0.019425,-0.017509,-0.012474,-0.032899,-0.013271,-0.029962,-0.021116
81,0,1000,1000,1,0.015322,0.038270,0.014855,0.035209,0.016134,0.013084,-0.002190,0.019305,0.006707,0.015672,-0.003881,0.013611,0.042881,0.010915,0.003632,-0.001971,0.001378,0.009322,0.005784,-0.001748,-0.003520,-0.006436,-0.001579,-0.000421,0.007557,-0.009004,0.000194,-0.006041,0.004229,-0.001338,0.000499,0.000701,0.001685,-0.006393,0.008987,0.000406,-0.014305,0.001957,-0.000294,-0.008561,-0.008280,-0.020480,-0.013077,-0.011121,-0.017049,-0.010398,-0.008605,-0.020026,0.001395,-0.009424
82,0,1000,1000,1,0.009700,0.058566,0.016282,0.022632,0.020151,0.020327,0.006810,0.015336,0.011959,0.003377,-0.012315,-0.009584,-0.003222,0.068733,-0.024426,0.000380,-0.003090,0.001037,0.003202,0.004919,-0.001060,0.009265,0.003860,0.012708,-0.000346,-0.001456,-0.004120,-0.000846,-0.011253,-0.006926,-0.005713,-0.008290,0.000629,0.008829,-0.003125,0.001895,-0.000150,0.013021,-0.002110,0.000735,-0.006208,-0.007602,-0.008414,-0.008001,-0.010999,-0.014980,-0.010898,-0.023884,-0.014918,-0.007465
83,0,1000,1000,1,0.012069,0.037097,0.025043,0.022703,0.010195,0.015011,0.018340,0.022461,0.018513,0.017609,-0.012656,0.002075,0.020916,0.049272,-0.022043,-0.015723,-0.000719,0.000540,-0.023107,-0.021835,-0.014562,-0.008205,-0.003135,0.004594,-0.007876,0.002728,-0.003545,-0.029499,0.000138,-0.019734,0.004456,-0.004069,-0.001286,-0.015042,0.000482,-0.019358,-0.008120,-0.006139,0.002123,-0.007529,-0.016956,-0.018386,-0.016305,-0.013652,-0.033773,-0.017414,-0.015089,-0.018406,-0.014429,-0.009995
84,0,1000,1000,1,0.018913,0.031139,0.009929,0.031015,0.007999,0.017079,0.017386,0.018480,0.008051,0.017042,0.006165,0.030886,0.005228,0.026866,-0.010047,-0.000151,0.002743,0.002228,-0.003033,0.001484,0.001683,-0.004082,-0.016400,-0.007287,0.000902,0.002474,-0.012994,-0.000223,-0.015406,-0.001854,0.000306,0.000561,-0.010054,0.006143,0.003045,0.002090,0.001257,0.021610,0.007139,0.003611,-0.018987,-0.020433,-0.018224,-0.026622,-0.007999,-0.014380,-0.009570,-0.008608,-0.004894,-0.015286
85,0,1000,1000,1,0.017360,0.046605,0.043092,0.022236,0.021254,0.011647,0.016549,0.004243,0.012954,0.014867,-0.000128,0.036282,0.021101,-0.010276,-0.003715,-0.005001,0.004683,-0.012255,-0.011119,-0.016862,-0.000906,-0.008481,0.005898,-0.003728,-0.001156,-0.000454,0.002258,-0.003641,0.000616,-0.018043,0.017407,0.007730,-0.000391,0.001431,-0.012232,-0.001334,-0.010360,-0.006505,-0.042481,0.007714,-0.010881,-0.020572,-0.014469,0.005689,-0.008686,-0.019904,-0.004790,-0.016497,-0.016982,-0.014504
86,0,1000,1000,1,0.023670,0.012056,0.063727,0.016112,0.018884,0.007333,0.014563,0.007963,0.013611,0.019225,-0.010710,-0.002294,0.027401,0.043051,-0.004966,0.002343,0.003407,0.006441,0.003159,0.007332,0.008806,-0.001334,0.001089,0.002189,0.006632,0.000070,-0.002731,0.008160,-0.000302,-0.013197,-0.002678,-0.009321,0.007497,-0.020486,-0.002494,-0.002045,0.007930,-0.008648,-0.007925,-0.002951,-0.000357,-0.004429,-0.010791,-0.012286,-0.014166,-0.019199,-0.010215,-0.007707,-0.014005,-0.006441
87,0,1000,1000,1,0.013556,0.031833,0.027837,0.017161,0.022781,0.010595,0.007245,0.008031,0.021853,0.030673,0.006936,0.020845,0.030712,0.010631,0.003176,0.003702,0.003529,-0.008803,0.008077,-0.021037,-0.020736,-0.000551,-0.006127,-0.016775,0.013223,0.014499,-0.011427,-0.003912,0.001805,-0.004574,-0.011822,0.001809,-0.001281,0.003366,-0.006607,0.001315,0.008266,0.004986,-0.014764,-0.003741,-0.010292,-0.026130,-0.013509,-0.006888,-0.018408,-0.039800,-0.006612,-0.014428,-0.026008,-0.009550
88,0,1000,1000,1,0.004825,0.019317,0.035897,0.050144,0.005752,0.011099,0.020919,0.022963,0.017037,0.017285,-0.008102,0.004854,0.018858,0.036693,0.002706,0.002221,0.002981,-0.006682,-0.003143,-0.004993,-0.007282,-0.005934,0.000362,-0.001176,-0.014373,0.003536,0.004026,0.003840,-0.001582,0.001072,-0.000772,-0.011757,-0.016976,-0.010338,0.005505,-0.000035,-0.005734,-0.001325,-0.003099,-0.005795,-0.015485,-0.010822,-0.016282,-0.019351,-0.024362,-0.018253,-0.008885,-0.018160,-0.021684,-0.019686
89,0,1000,1000,1,0.017129,0.019323,0.032011,0.027346,0.013506,0.014929,0.014090,0.013956,0.020220,0.017075,-0.007842,0.028343,0.005606,0.035102,0.014301,-0.020976,-0.008825,0.003694,-0.010013,0.006130,0.000875,-0.010674,-0.015687,0.003102,0.003709,-0.002708,-0.001879,0.000957,0.006593,0.008099,-0.008960,0.001850,-0.009928,-0.005314,0.004513,-0.020799,-0.019933,-0.011124,-0.021341,-0.006030,-0.015403,-0.016679,-0.010306,-0.009984,-0.025390,-0.017191,-0.015092,-0.029424,-0.019108,-0.016626
90,0,1000,1000,1,0.018332,0.040681,0.015495,0.027169,0.015806,0.013069,0.023556,0.020136,0.004252,0.016427,-0.010586,0.028518,0.013014,0.017754,-0.000419,0.005637,0.001430,-0.008354,0.004380,-0.006068,-0.011240,-0.008284,0.004624,-0.032649,-0.003022,0.002184,-0.002652,-0.000199,-0.022752,0.001660,0.007592,-0.005386,0.004355,0.005670,0.003489,0.006714,0.003510,0.002472,-0.007410,0.008336,-0.008084,-0.031647,-0.017543,-0.019536,-0.016927,-0.004091,-0.027913,-0.023116,0.004221,-0.011054
91,0,1000,1000,1,0.015694,0.029563,0.033979,0.018431,0.006431,0.019229,0.001764,0.008746,0.014659,0.013383,0.008533,0.020302,0.020198,0.023495,-0.006856,-0.012393,-0.003119,0.006564,0.008123,-0.001297,0.013784,-0.015089,0.003348,0.006526,-0.004467,0.006332,0.005818,-0.005073,0.007920,-0.006307,0.007588,-0.035236,0.007589,0.003541,-0.013732,-0.004064,-0.003238,-0.015539,-0.022040,-0.001257,-0.018163,-0.016844,-0.018247,-0.021760,-0.021784,-0.012951,-0.011636,0.001784,-0.014876,-0.019809
92,0,1000,1000,1,0.016600,0.020005,0.019670,0.024541,0.003018,0.013501,-0.001137,0.012935,0.018132,0.028219,-0.004625,0.031392,-0.004281,0.041576,0.005833,-0.011166,0.007343,-0.008173,-0.002690,0.005587,-0.007366,-0.031602,-0.001944,-0.004073,-0.014415,-0.002765,-0.007114,0.009519,-0.007197,0.001650,0.007501,0.004248,-0.006233,0.006796,-0.011129,0.004709,0.011186,-0.009708,-0.010886,-0.007654,-0.002754,-0.016960,-0.008559,-0.011205,-0.015858,-0.016628,-0.020438,0.005195,-0.016893,-0.023374
93,0,1000,1000,1,0.019540,0.065501,0.004753,0.021372,0.016152,0.014877,0.020861,0.014571,0.005992,0.022219,-0.023409,-0.001403,0.004418,0.063478,-0.012472,-0.001277,-0.001006,-0.016002,-0.013007,0.002747,-0.003537,-0.008588,-0.009401,0.007024,-0.009744,-0.021760,-0.008473,0.001856,-0.008943,-0.004112,0.006800,-0.023580,0.005179,-0.012307,-0.006519,0.003371,-0.001364,-0.010645,-0.005882,0.009947,-0.021793,-0.011911,-0.009369,-0.016642,-0.013254,-0.012074,-0.026464,-0.005132,-0.016810,-0.008441
94,0,1000,1000,1,0.018148,0.033255,0.021406,0.040669,0.019990,0.010608,0.020086,0.017388,0.015553,0.013088,-0.007156,0.030800,0.010488,0.052320,0.003656,-0.000583,0.003459,0.006379,-0.008083,0.001172,-0.003109,0.004025,-0.003863,-0.034419,0.007764,-0.015036,-0.009262,-0.002888,-0.006120,-0.014427,-0.007816,-0.006836,-0.033530,0.009799,-0.005558,0.002680,-0.015332,-0.020111,0.004604,-0.003567,-0.048723,-0.001714,-0.024440,-0.017446,-0.022946,-0.027642,-0.033750,-0.006343,-0.017405,-0.015341
95,0,1000,1000,1,0.016371,0.024388,0.020818,0.031704,0.019006,0.019348,0.012138,0.005955,0.002497,0.007431,-0.022449,0.031032,0.004547,0.020731,0.000925,-0.000717,0.000907,0.000759,-0.001668,-0.005255,-0.000734,-0.005260,0.001948,-0.029689,-0.003376,-0.005635,-0.007863,0.003232,-0.011655,0.001602,-0.005178,-0.006315,-0.009818,-0.013372,0.001458,-0.000492,-0.017620,-0.013679,-0.002089,0.006193,-0.023318,-0.003842,-0.009597,-0.032909,-0.022122,-0.016439,0.005907,-0.023353,-0.023746,-0.012742
96,0,1000,1000,1,0.020588,0.070684,0.019319,0.022447,0.025461,0.023074,0.018198,0.008822,0.016503,0.019033,0.004016,0.025262,0.006170,0.019433,-0.020836,0.015853,0.003633,0.005307,0.004267,-0.002907,-0.007100,-0.000600,0.004432,0.002757,-0.005948,-0.000559,0.005807,0.002940,0.002606,-0.006424,-0.004136,0.006392,0.001395,-0.005126,0.004393,-0.000742,-0.004711,0.001019,0.005756,0.001579,-0.025523,-0.020267,-0.025653,-0.032915,-0.010858,-0.011848,-0.020880,-0.019184,-0.017789,0.001187
97,0,1000,1000,1,0.013483,0.011405,0.006077,0.082899,0.002579,0.015049,0.010427,0.019628,0.024739,0.014654,0.004024,-0.002425,0.016475,0.020235,-0.011613,0.002959,-0.027969,-0.003299,0.001948,-0.001578,0.000231,-0.000915,-0.003313,0.001616,0.007841,0.002196,-0.009672,0.001412,-0.005391,0.012510,0.005799,-0.008998,-0.015402,-0.002356,0.009942,0.000879,0.003119,-0.002681,0.003159,-0.003508,-0.019191,-0.015399,-0.012959,-0.026467,-0.025110,-0.015923,-0.013405,-0.027440,-0.020305,-0.035584
98,0,1000,1000,1,0.016846,0.015948,0.024406,0.036415,0.023397,0.010261,0.012708,0.024026,0.025122,0.019287,-0.004741,0.034688,0.000336,0.009471,0.012483,0.004643,-0.005326,0.010022,-0.000403,-0.011045,-0.026908,0.002041,-0.007649,-0.002132,0.007448,-0.000259,-0.005741,0.001327,0.002606,0.007059,0.003810,-0.002979,-0.004249,-0.002699,0.001816,-0.028638,-0.007228,0.000696,0.009162,-0.001467,-0.031571,-0.017886,-0.003298,-0.028630,-0.024341,-0.024984,-0.011136,-0.022195,-0.021571,-0.018997
99,0,1000,1000,1,0.027628,0.045580,0.038157,0.010210,0.017578,0.017001,0.001879,0.006471,0.002581,0.020646,0.003937,0.047366,0.031635,-0.028408,0.003662,-0.004473,0.007832,-0.035936,-0.006989,-0.000558,-0.003711,0.007488,-0.011678,0.003199,0.003213,0.005941,-0.006735,-0.029537,-0.006547,-0.001475,0.008952,-0.011259,-0.014261,0.002471,0.006226,-0.005320,0.005629,-0.003161,0.003998,-0.001352,-0.015540,-0.024104,-0.018178,-0.006584,-0.007722,-0.013517,-0.006440,-0.020929,-0.012455,0.005302
