trajectory,ns,delta_t,sc_0,sc_1,sc_2,sc_3,sc_4,sc_5,sc_6,sc_7,sc_8,sc_9,sc_10,sc_11,sc_12,sc_13,sc_14,sc_15,sc_16,sc_17,sc_18,sc_19,sc_20,sc_21,sc_22,sc_23,sc_24,sc_25,sc_26,sc_27,sc_28,sc_29,sc_30,sc_31,sc_32,sc_33,sc_34,sc_35,sc_36,sc_37,sc_38,sc_39,sc_40,sc_41,sc_42,sc_43,sc_44,sc_45,sc_46,sc_47,sc_48,sc_49,tc_0,tc_1
0,1000,1,0.049666,0.027869,0.011728,0.017435,0.010692,0.018065,0.016411,0.013535,0.017119,0.017336,-0.017945,0.004151,-0.001637,-0.014302,-0.020591,0.003763,0.001117,-0.001539,0.006175,0.001342,-0.000142,-0.005604,-0.008452,-0.038361,-0.003907,0.006774,-0.013922,0.004173,-0.009879,-0.000812,-0.021137,0.001647,-0.004114,-0.019796,-0.003280,0.003907,-0.010141,0.000301,-0.004442,0.004539,-0.033475,-0.052833,-0.010026,-0.020044,-0.006813,-0.021446,-0.021692,-0.009942,-0.015542,-0.017763,0.061861,0.014262
1,1000,1,0.019483,0.018293,0.015547,0.016358,0.011886,0.015050,0.013091,0.015681,0.015963,0.013107,-0.007366,0.009147,0.014537,0.000720,0.004601,-0.001793,0.005514,-0.006133,0.024907,0.009059,-0.000579,-0.019670,0.000277,-0.003675,0.007325,-0.002838,0.004281,-0.001844,0.004600,0.002536,0.008657,0.001711,-0.002135,-0.006617,-0.012210,-0.002019,0.001285,-0.002516,0.006633,-0.000332,-0.004636,-0.019738,-0.020060,-0.008470,-0.013810,-0.039410,-0.012477,-0.017485,-0.026609,-0.018330,0.017484,0.058844
2,1000,1,0.015384,0.020735,0.022301,0.028486,0.015313,0.023244,-0.008032,0.030434,0.020058,0.009691,0.000915,-0.010616,0.005229,-0.004187,-0.013141,-0.005075,-0.002388,-0.012287,0.022417,0.003833,-0.002791,-0.021866,-0.025243,-0.001166,-0.002963,-0.001948,-0.002036,0.011035,-0.001169,-0.019612,-0.000330,-0.007465,-0.000168,-0.000269,-0.018854,0.004953,-0.013613,0.002699,-0.017077,-0.002025,-0.017144,-0.010353,-0.034832,-0.022510,-0.014883,-0.012350,-0.019774,-0.034356,-0.001974,-0.015217,0.028228,0.052169
3,1000,1,0.021248,0.013437,0.014688,0.007475,0.011421,0.024337,0.014130,0.026926,0.012205,0.015536,0.003382,-0.017652,-0.020544,0.003857,0.008040,-0.008570,0.005082,0.000608,-0.045577,0.001156,0.010127,-0.001388,-0.007887,0.002786,0.001224,-0.003370,-0.009015,0.000634,-0.013051,-0.000496,-0.001038,0.007934,0.005303,-0.003945,-0.014527,-0.013708,-0.013921,-0.009731,0.001545,-0.001551,-0.041854,-0.004677,-0.024508,-0.027320,-0.027796,-0.005514,-0.022570,-0.026839,-0.000485,-0.030090,0.070582,0.046895
4,1000,1,0.020549,0.015734,0.017258,0.020239,0.019411,0.014585,0.013911,0.013104,0.019082,0.013961,0.001758,0.000497,-0.000017,-0.007958,-0.005403,-0.000518,0.004632,0.007623,-0.018107,-0.002066,-0.003038,-0.001095,-0.003630,0.002630,-0.018812,-0.011775,-0.013700,-0.009235,-0.005053,-0.023799,0.007518,-0.019080,0.002944,-0.001500,-0.012804,-0.004732,0.005495,0.001015,-0.000951,0.003334,-0.005935,-0.009465,-0.014197,-0.012131,-0.027610,-0.024060,-0.005283,-0.004007,-0.008884,-0.008965,0.040934,0.055788
5,1000,1,0.022180,0.021083,0.020398,0.018441,0.013797,0.023146,0.015504,0.011053,0.020891,0.017025,-0.004508,0.006320,-0.004709,0.002298,-0.003294,0.038687,-0.002878,0.004784,0.008612,-0.001032,0.007871,0.003485,-0.003062,-0.002907,-0.001800,-0.004758,-0.017206,-0.000746,-0.009401,-0.001809,-0.002505,-0.024143,0.000420,-0.007693,0.003624,-0.007827,-0.005949,-0.001688,0.002011,0.002079,-0.027086,-0.011909,-0.042310,-0.026481,-0.032585,-0.016745,-0.017320,-0.010405,0.004360,-0.014737,0.020850,0.035102
6,1000,1,0.018723,0.017698,0.006448,0.013447,0.018054,0.023439,0.018802,0.036633,0.001658,0.021766,0.005979,0.002995,-0.000649,-0.025174,-0.005392,0.001791,0.005627,0.000011,0.027277,-0.009735,-0.005901,-0.000444,0.004998,0.008591,-0.002580,-0.004998,0.006854,0.002523,-0.009725,-0.000658,0.005182,-0.002073,0.001623,0.005952,0.000006,0.002039,-0.001306,-0.000660,-0.002646,-0.008038,-0.014935,-0.056336,-0.007945,-0.013540,-0.012216,-0.018870,-0.025994,-0.018837,-0.022658,-0.009350,0.018273,0.023993
7,1000,1,0.014576,0.011044,0.013392,0.020357,0.014845,0.008524,0.021950,0.009547,0.017664,0.012858,-0.002170,-0.000957,-0.001327,-0.022067,-0.004873,0.000307,-0.000963,-0.005423,-0.022890,0.012016,-0.006968,-0.006641,0.000946,-0.011376,0.004419,-0.008692,-0.003192,-0.028394,-0.025614,-0.026386,-0.020532,0.002645,-0.008838,0.001103,0.006696,0.009159,0.002442,0.002825,0.006144,0.001259,-0.019957,-0.011923,-0.008995,-0.024067,-0.015228,-0.022980,-0.013997,-0.025956,-0.018591,-0.014890,0.051971,0.050466
8,1000,1,0.024354,0.033931,0.021310,0.018884,0.023150,0.021551,0.009110,0.018577,0.013694,0.014146,-0.001283,-0.005557,-0.001239,-0.007563,-0.001618,0.003724,-0.007768,-0.002189,0.001303,0.008631,-0.008965,0.006499,0.005987,-0.001988,-0.004687,0.006534,0.006700,-0.005101,-0.012542,-0.011897,0.002830,0.004710,-0.012092,0.005707,0.004754,-0.008205,-0.014864,0.002511,-0.012616,-0.010493,-0.054497,-0.028963,-0.015648,-0.036456,-0.014906,-0.014673,-0.012251,-0.015315,-0.039652,-0.014107,0.047208,0.062988
9,1000,1,0.025808,0.009376,0.016465,0.017320,0.030995,0.007684,0.002692,0.023059,0.020417,0.016290,0.000651,-0.021552,-0.001603,0.009060,0.007625,0.009480,0.005362,0.007846,-0.027179,0.005764,-0.012510,-0.005577,-0.002786,-0.015581,-0.009783,-0.005507,-0.003275,-0.002553,-0.006057,0.005906,0.007447,-0.023711,0.004738,-0.012793,-0.005400,-0.001514,-0.002645,0.002315,-0.016409,0.001098,-0.026783,-0.005537,-0.003095,-0.038833,-0.013856,-0.019986,-0.010533,-0.018215,-0.010144,-0.015773,0.058771,0.045957
10,1000,1,0.014952,0.009056,0.006205,0.027589,0.015426,0.016868,0.015032,0.018388,0.022853,0.025173,-0.004336,0.001917,0.001687,-0.007414,0.004399,-0.001779,-0.005501,-0.003314,-0.017233,-0.023307,-0.004749,0.000650,-0.001345,0.002866,-0.011188,-0.003314,-0.000233,-0.004628,-0.001766,0.006860,-0.006356,-0.000170,0.002860,-0.004892,-0.005148,-0.019401,-0.000104,0.007965,-0.003736,-0.010546,-0.022244,-0.026475,-0.030010,-0.011072,-0.026874,-0.010299,-0.036211,-0.013466,-0.036870,-0.019948,0.051388,0.037690
11,1000,1,0.013616,0.012108,0.012033,0.020142,0.021672,0.015222,0.017932,0.014859,0.013751,0.020108,0.000729,-0.001611,0.001677,-0.008534,0.005029,-0.000239,-0.009761,-0.010835,-0.001357,-0.015510,0.002812,0.005453,-0.005081,0.004001,-0.007636,-0.000088,0.003632,0.000083,-0.002273,-0.002366,-0.013210,-0.007501,0.007546,0.011971,0.000021,-0.004786,0.007694,0.000529,0.006930,0.001220,-0.015917,-0.025094,-0.023346,-0.012466,-0.012335,-0.008725,-0.032160,-0.037185,-0.012894,-0.033227,0.045935,0.042456
12,1000,1,0.024827,0.016851,0.022446,0.013426,0.011453,0.020144,0.016855,0.025645,0.009676,0.016214,-0.002192,-0.006965,-0.004629,0.001369,-0.005332,-0.005852,-0.001996,0.001514,-0.018097,0.002399,0.001179,-0.003349,0.003248,-0.000579,0.006502,-0.011149,-0.020734,-0.002002,0.000311,-0.005918,0.003015,-0.001804,-0.003873,0.008716,-0.005882,0.030028,0.007295,-0.005478,-0.009165,-0.005364,-0.015386,-0.016591,-0.021902,-0.030324,-0.047435,-0.021599,-0.035856,-0.009544,-0.011006,-0.023238,0.032155,0.042935
13,1000,1,0.014426,0.019700,0.022483,0.014426,0.017233,0.017505,0.013220,0.012534,0.019380,0.009976,0.003842,-0.002656,-0.001406,-0.023684,0.001294,0.000372,-0.005812,0.002667,0.000721,0.001105,-0.000616,0.002658,0.000248,-0.000052,-0.009843,-0.003456,-0.005117,0.001293,0.003637,0.002645,0.000784,0.006807,0.000959,0.004706,-0.010018,-0.013896,-0.006103,0.005037,0.006235,0.002499,-0.014142,-0.032794,-0.006371,-0.020186,-0.004120,-0.002890,-0.011680,-0.032106,-0.006417,-0.028743,0.069175,0.060957
14,1000,1,0.023769,0.016631,0.013982,0.032664,0.019795,0.021057,0.013535,0.022499,0.025457,0.014981,-0.003734,-0.002706,-0.001263,0.001687,-0.009310,-0.008616,0.001362,0.014165,-0.017040,-0.001078,-0.003557,0.005529,-0.001333,0.007126,0.004070,0.002088,-0.004678,-0.010929,0.007102,0.001330,0.000885,0.002910,0.007708,-0.003297,-0.000305,0.008335,0.000718,0.002472,-0.031785,0.006475,-0.014526,-0.016773,-0.029293,-0.024682,-0.015851,-0.031598,-0.022396,-0.032429,-0.008570,-0.008909,0.043396,0.042179
15,1000,1,-0.000415,0.030190,0.020237,0.015742,0.013767,0.009419,0.019415,0.021008,0.013693,0.018070,0.001791,0.007000,-0.004250,0.019228,0.000063,0.000012,-0.011292,0.002874,-0.016563,0.002233,0.006048,-0.006863,0.004408,0.003621,0.007394,0.003004,-0.004458,-0.003976,-0.001666,-0.000240,-0.000866,0.001116,-0.004030,-0.001092,0.001836,0.003644,-0.001068,-0.006312,-0.002522,-0.028279,-0.019138,-0.044032,-0.013307,-0.037097,-0.023022,-0.015653,-0.015929,-0.028349,-0.039568,-0.013136,0.037825,0.018697
16,1000,1,0.005498,0.011554,0.016547,0.058133,0.017285,0.018590,0.014183,0.016496,0.022330,0.011112,0.005070,-0.000336,-0.005382,0.006901,-0.007401,0.000696,-0.003156,-0.001206,0.001064,0.002362,-0.003553,-0.017127,0.001457,-0.034364,-0.017752,-0.008092,0.000995,0.004983,0.013959,0.009183,0.003232,-0.004661,-0.002347,-0.021950,-0.014101,-0.004878,0.000123,-0.017986,-0.020763,0.003568,-0.016004,-0.021857,-0.035905,-0.018152,-0.020712,-0.017079,-0.031241,-0.017032,-0.021339,-0.009744,0.052506,0.021805
17,1000,1,0.022289,0.010870,0.020079,0.015857,0.011262,0.018192,0.013517,0.015746,0.025011,0.013619,-0.008074,0.001505,-0.000658,0.001890,0.000642,-0.014724,0.008061,0.006516,-0.001229,-0.000622,-0.025426,-0.002383,-0.005568,-0.018326,0.006253,-0.006977,-0.001020,0.004333,0.004506,0.001515,0.007033,0.001336,-0.001822,-0.004890,0.008262,-0.010236,-0.004027,-0.001515,0.003930,0.001534,-0.007443,-0.026439,-0.017061,-0.025336,-0.013793,-0.016839,-0.017581,-0.014509,-0.019068,-0.016699,0.065149,0.076201
18,1000,1,0.026773,0.025110,0.012941,0.025820,0.017737,0.010719,0.024477,0.026040,0.010354,0.012633,-0.000245,0.000111,0.000678,-0.004722,-0.015609,-0.011833,0.003991,0.005293,-0.030270,-0.008145,-0.008343,0.004208,-0.005922,-0.002776,0.003290,-0.006831,0.001532,-0.014883,-0.000201,-0.007221,-0.004217,-0.006796,-0.004048,0.001594,-0.000409,-0.018526,-0.003254,-0.004579,0.005657,-0.008649,0.001732,-0.018802,-0.007787,-0.023299,-0.009657,-0.011706,-0.019312,-0.048217,-0.007374,-0.006575,0.048983,0.059559
19,1000,1,0.013703,0.022859,0.005746,0.013209,0.012666,0.018912,0.022172,0.013805,0.020451,0.018388,0.007920,-0.006425,-0.015959,0.000333,0.004779,0.003237,0.001755,0.006742,0.017873,0.007120,0.004792,-0.001256,0.006165,-0.009354,-0.002033,-0.013297,-0.007892,0.004565,-0.007995,-0.035022,0.000674,-0.005417,-0.000606,0.000910,-0.000259,-0.006408,0.002734,-0.007945,0.005950,0.007164,-0.016359,-0.011747,-0.011864,-0.008498,-0.010691,-0.021667,-0.025374,-0.018779,0.000892,-0.014211,0.032411,0.022429
20,1000,1,0.012347,0.018486,0.021847,0.020412,0.009580,0.018668,0.010572,0.009491,0.014314,0.014026,-0.005736,0.003574,-0.005758,-0.019443,0.002270,-0.010857,-0.006173,-0.007374,0.000475,-0.003249,0.000339,0.000067,0.000859,-0.002708,0.007199,-0.019238,-0.000356,0.005590,-0.004436,0.005670,-0.012184,-0.005993,-0.000428,0.005291,-0.029621,0.000942,-0.003939,0.002492,-0.006430,-0.006767,-0.024198,-0.027990,-0.032401,-0.018768,-0.023330,-0.017688,-0.016530,-0.013244,-0.028973,-0.013664,0.058814,0.051621
21,1000,1,0.021267,0.021361,0.015194,0.015913,-0.000115,0.011223,0.031368,0.014583,0.009005,0.009558,0.006645,-0.002317,0.005818,0.006720,-0.006731,0.003124,-0.012625,-0.013539,-0.001750,0.008098,-0.010786,0.002457,0.001992,-0.002131,-0.011311,-0.001337,-0.000715,0.003686,0.006103,-0.010781,-0.031178,-0.000819,0.000438,0.006560,0.000177,-0.007868,-0.000134,-0.006271,-0.037830,0.003372,-0.016031,-0.008383,0.003779,-0.010390,-0.017001,-0.012963,-0.044110,-0.018126,-0.007423,-0.005837,0.059080,0.060922
22,1000,1,0.017305,0.017352,0.017697,0.016173,0.015321,0.023267,0.018579,0.015900,0.018831,0.020947,0.008031,-0.014716,0.001910,-0.004194,-0.015923,-0.004840,0.005114,0.001250,0.010285,0.001698,0.004199,-0.016209,-0.002570,0.003166,0.000369,0.000392,0.005580,-0.000875,-0.006486,0.001455,-0.013766,0.000790,0.008697,0.007085,0.003705,-0.004218,-0.000553,0.001829,0.006267,0.004059,-0.018208,-0.014066,-0.011909,-0.003090,-0.024439,-0.045363,-0.038111,-0.018412,-0.013248,-0.039348,0.061217,0.061991
23,1000,1,0.034227,0.015126,-0.004814,0.018827,0.016534,0.021629,0.019190,0.020168,0.013420,0.023121,-0.007113,0.003151,0.025821,-0.001459,-0.010580,0.001699,-0.015961,-0.005480,-0.003572,-0.003285,0.002606,-0.006870,0.002935,0.000465,-0.003274,0.001592,-0.001015,-0.007407,-0.007144,-0.001765,0.007931,-0.043040,-0.008768,0.009538,-0.003873,-0.004951,0.002366,0.001238,0.001617,-0.002438,-0.017276,-0.020366,-0.015974,-0.017825,-0.021565,-0.027896,-0.008117,-0.007724,-0.012409,-0.027157,0.024505,0.029718
24,1000,1,0.019897,0.015962,0.012121,0.022009,0.011137,0.011407,0.019619,0.022823,0.027804,0.005816,0.004395,-0.002853,-0.013388,-0.000365,-0.007596,0.002068,-0.013930,0.006794,0.003310,0.006196,0.001717,0.008077,0.000617,0.002618,0.001591,-0.000272,0.003378,-0.010359,-0.002071,-0.001163,0.001730,-0.001230,-0.003500,-0.018218,0.001640,0.004771,-0.007711,-0.000993,-0.008011,0.005848,-0.025270,-0.024562,-0.017822,-0.034026,-0.032660,0.001724,-0.009873,-0.022960,-0.024600,-0.024471,0.055040,0.058716
25,1000,1,0.011183,0.016667,0.019016,0.015086,-0.059754,0.015686,0.009327,0.015491,0.008468,0.013560,-0.000196,0.010437,0.001777,-0.004408,0.003000,-0.005206,0.004735,-0.015065,-0.005117,-0.005208,-0.017575,-0.000147,-0.011393,-0.028172,-0.008561,0.000349,-0.009365,-0.008203,-0.024150,0.000649,-0.004012,-0.023310,-0.004889,-0.011181,-0.002981,0.006392,-0.001806,-0.011926,-0.003425,-0.001722,-0.008949,-0.012998,-0.025360,-0.007234,-0.038321,-0.024278,-0.027809,-0.036144,-0.004364,-0.014515,0.030386,0.043216
26,1000,1,0.008287,0.023973,0.017124,0.020051,0.015798,0.028089,0.017837,0.031523,0.017648,0.009499,-0.006733,0.010928,-0.006932,-0.004220,-0.002949,-0.001584,-0.001234,0.007505,0.003880,-0.004016,0.001574,0.002555,0.004934,-0.009716,-0.006206,0.001541,0.014935,-0.013365,-0.004493,-0.001433,-0.002081,-0.000389,0.001387,0.008584,-0.001823,-0.001096,-0.015599,0.000384,-0.002081,-0.005458,-0.010478,-0.015968,-0.026926,-0.053737,-0.013283,-0.014632,-0.020789,-0.012986,-0.027601,-0.026047,0.045293,0.049863
27,1000,1,0.016788,0.015397,0.025075,0.019866,0.021342,0.016601,0.012438,0.011880,0.019267,0.015048,-0.008957,0.001378,0.000685,0.009394,-0.002500,-0.012046,-0.000027,0.001624,-0.032584,-0.000361,-0.004800,-0.005452,-0.008063,0.010573,-0.029992,-0.007869,-0.003485,-0.005077,0.001292,-0.007280,-0.018840,-0.009774,-0.013441,-0.001741,-0.007025,-0.011028,0.002057,-0.020171,0.002654,0.003703,-0.017507,-0.015026,-0.015991,-0.028755,-0.024994,-0.027695,-0.013159,-0.022992,-0.023202,-0.014385,0.035458,0.053471
28,1000,1,0.016774,0.010171,0.020664,0.016253,0.016724,0.019674,0.021198,0.010518,0.012328,0.012082,-0.002876,-0.008018,-0.000021,-0.002131,-0.020584,0.002105,-0.013040,0.007505,-0.008032,-0.003153,0.004704,-0.002283,-0.012740,0.003793,-0.017841,-0.018231,-0.002044,-0.005883,0.000313,-0.009140,-0.003590,-0.008549,0.006863,-0.004032,0.009064,0.000075,0.002875,-0.019937,-0.014612,-0.008437,-0.000822,-0.009521,-0.036754,-0.029793,-0.019321,-0.036438,-0.012437,-0.010425,-0.021465,-0.016472,0.067643,0.050329
29,1000,1,0.034319,0.022152,0.014409,0.014796,0.019165,0.011815,0.005382,0.022390,0.012707,0.015752,-0.005727,0.027301,-0.002983,-0.008356,0.000731,-0.003976,0.005875,-0.015981,-0.017357,0.006547,0.000562,0.004365,0.002163,0.005931,0.001011,0.008711,-0.032353,0.000401,0.002003,-0.015616,-0.010013,-0.005161,0.003144,-0.011617,-0.011542,0.027046,-0.004296,0.005443,-0.000223,0.006170,-0.028706,-0.010679,-0.012930,-0.037123,-0.014028,-0.009895,-0.024341,-0.025627,-0.035194,-0.018010,0.019981,0.023426
30,1000,1,0.007497,0.013784,0.019294,0.024927,0.008713,0.021813,0.009681,0.020109,0.014858,0.022889,-0.003838,-0.011261,-0.007275,0.001084,0.002632,0.003010,0.001355,-0.000947,-0.006792,-0.002256,0.015169,-0.005583,0.000453,-0.004533,-0.007047,0.002212,-0.027350,0.003335,-0.001597,0.003182,-0.006088,0.002500,-0.033855,-0.009129,-0.000182,-0.004572,-0.004808,-0.002748,0.004579,0.007126,-0.021921,-0.008894,-0.005115,-0.012712,-0.010924,-0.020010,-0.029996,-0.012172,-0.007464,-0.010571,0.063503,0.055165
31,1000,1,0.029254,0.021378,0.000904,0.031790,0.019449,0.025131,0.021272,0.017078,0.026639,0.028049,-0.006015,-0.001606,0.005634,-0.018976,0.005612,-0.024480,0.003686,0.014121,-0.004891,0.004703,-0.004408,-0.008572,0.006206,0.007310,-0.002476,0.000988,-0.001842,-0.000761,-0.007462,-0.006400,-0.002292,-0.007197,0.004160,0.005842,-0.013508,0.003614,0.000206,-0.009485,0.001621,-0.000127,-0.008667,-0.016934,-0.025473,-0.044452,-0.017990,-0.011192,-0.009042,-0.011445,-0.020204,-0.033425,0.045851,0.050782
32,1000,1,0.022184,0.004957,0.030610,-0.008604,0.020348,0.016175,0.014965,0.011578,0.017845,0.015310,-0.000527,0.001784,-0.006514,0.002164,-0.000773,0.000528,0.005901,-0.006705,-0.004361,-0.012250,-0.011143,-0.004369,0.012431,-0.017897,-0.010293,0.000410,-0.002495,-0.006733,-0.002208,-0.003510,0.004885,-0.009784,-0.002182,-0.004854,-0.003494,0.000165,0.000040,-0.002090,0.005371,0.003159,-0.025813,-0.004767,-0.008232,-0.009461,-0.037215,-0.037646,-0.009572,-0.003337,-0.028293,-0.021363,0.055070,0.026048
33,1000,1,0.014662,0.010813,0.023329,0.002975,0.009824,0.018196,0.023433,0.015612,0.012297,0.015862,-0.007229,-0.000461,0.000986,0.003784,0.005210,-0.025834,0.005017,0.004756,-0.007289,-0.005992,0.004591,0.003094,-0.000840,0.000518,-0.003221,0.007912,-0.002661,0.001062,0.000233,-0.004796,0.013094,-0.002193,0.008222,0.002809,-0.001562,0.010094,-0.000785,0.006234,-0.040431,-0.025550,-0.029740,-0.023284,-0.019724,-0.014972,-0.058282,-0.010111,-0.018645,-0.006109,-0.016589,-0.019331,0.054380,0.035601
34,1000,1,0.017281,0.018289,0.008393,0.016446,0.018138,0.021948,0.013537,0.016574,0.020258,0.019101,-0.001443,0.009103,0.007284,0.005447,0.003296,0.006969,-0.012869,-0.004618,0.007014,-0.007067,-0.005880,-0.004004,-0.006929,0.001951,0.009045,-0.005813,-0.000556,0.009597,-0.000810,0.013000,-0.006800,-0.000954,0.002981,-0.000645,-0.003248,0.008592,0.008233,-0.003128,-0.000336,0.004217,-0.017139,-0.016875,-0.012670,-0.001698,-0.019480,-0.021672,-0.032311,-0.012720,-0.019926,-0.017988,0.047459,0.055498
35,1000,1,0.008319,0.011568,0.013848,0.021092,0.020892,-0.000835,0.013280,0.015652,0.019980,0.017307,0.005135,0.009689,0.005486,0.001447,-0.020540,-0.004113,0.016105,0.004055,-0.002462,-0.002350,0.000805,-0.004522,-0.003572,-0.002425,-0.026559,-0.007930,-0.003393,-0.004021,-0.012627,0.004433,-0.002617,-0.003448,0.002252,-0.006376,-0.007538,-0.015914,-0.016283,0.009774,-0.007890,0.002582,-0.021015,-0.013324,-0.024844,-0.010200,-0.015738,-0.033107,-0.025833,-0.017872,-0.015118,-0.012958,0.049554,0.052464
36,1000,1,0.024033,0.023071,0.015093,0.016403,0.013933,0.018934,0.039394,0.050199,0.017559,0.016283,0.002045,0.001595,0.000324,-0.004326,-0.007843,0.006139,-0.002716,-0.001871,0.002880,-0.004515,0.002283,-0.010722,-0.006352,0.002475,0.003101,-0.002680,0.004610,0.004617,-0.000901,-0.007426,-0.011510,-0.010966,0.001471,0.003376,0.005966,-0.020310,-0.000207,-0.002949,0.002883,-0.001859,-0.046220,-0.022119,-0.012459,-0.023904,-0.026218,-0.015957,-0.023875,-0.030448,-0.012475,-0.044422,0.018664,0.019765
37,1000,1,0.015344,0.022816,0.018874,0.018972,0.013021,0.024831,0.017819,0.027314,0.022013,0.018504,0.004992,0.001111,-0.000946,0.003458,-0.000966,0.004311,-0.011645,0.003512,0.002784,0.003261,-0.017148,-0.012859,0.000100,-0.004691,-0.004565,-0.013010,0.002505,-0.001556,0.011408,0.002606,-0.002211,-0.012134,-0.002151,0.002348,0.009838,0.004044,0.013205,-0.014386,-0.001737,-0.000963,-0.023213,-0.016900,-0.009249,-0.021865,-0.012829,-0.007691,-0.013092,-0.009554,-0.006461,-0.030139,0.063046,0.057056
38,1000,1,0.005951,0.012082,0.018938,0.016399,0.022540,0.025649,0.012896,0.018203,0.023959,0.018581,-0.005498,0.000477,0.002769,0.002052,-0.004236,-0.000144,-0.029852,-0.004746,0.009147,-0.000068,0.001754,-0.016968,-0.006475,0.002587,-0.014622,-0.007102,-0.007288,0.003282,-0.004939,-0.002857,-0.005953,-0.005830,0.002360,0.002467,0.006744,-0.020718,0.000368,-0.015179,0.000221,-0.000842,-0.022191,-0.003391,-0.013559,-0.007414,-0.027298,0.001619,-0.030063,-0.006033,-0.020923,-0.012233,0.048168,0.058904
39,1000,1,0.016218,0.014182,0.018945,0.019692,0.004117,0.018804,0.028920,0.025432,0.008588,0.018247,0.002968,0.002928,0.006450,0.005423,0.007788,-0.004070,-0.006089,-0.023817,0.003102,0.012843,-0.012132,0.002863,0.003068,0.000169,0.000979,0.000639,-0.000589,0.002579,0.004896,-0.000677,-0.007991,0.004832,-0.003020,0.002227,0.001925,0.001441,-0.009850,0.001586,-0.012246,-0.019264,-0.013412,-0.013936,-0.013325,-0.019708,-0.014319,-0.019382,-0.011537,-0.006761,-0.018519,-0.036814,0.057958,0.064341
40,1000,1,0.010347,0.006365,0.013516,0.009493,0.017657,0.019847,0.013552,0.016609,0.010505,0.018085,0.000208,-0.011097,-0.004208,-0.009381,-0.004933,-0.006012,0.022183,0.008699,-0.010418,-0.017263,-0.011325,-0.025097,-0.006305,-0.007328,-0.011590,-0.001553,-0.004895,-0.025022,-0.002206,-0.013411,-0.000307,-0.003252,-0.008697,0.001413,0.000057,-0.007431,-0.018367,0.010540,0.005844,-0.010546,-0.046238,-0.032197,-0.005483,-0.020929,-0.019236,-0.002762,-0.032980,-0.020017,-0.004980,-0.008405,0.077685,0.043270
41,1000,1,0.017090,0.009972,0.016379,0.017178,0.020067,0.018829,0.022780,0.010312,0.012980,0.021439,-0.006092,-0.016080,-0.015997,-0.002720,0.000967,-0.013814,0.005451,-0.002174,0.000801,-0.016114,0.005808,0.010204,-0.015672,0.010644,0.000674,-0.021416,-0.010466,0.009410,-0.002642,0.002097,0.002086,-0.010248,0.008321,0.006386,0.005439,0.006175,0.001651,-0.003150,0.002685,-0.002677,-0.009117,-0.020977,-0.010875,-0.021685,-0.021852,-0.032741,-0.008317,-0.016292,-0.026583,-0.012627,0.039768,0.050997
42,1000,1,0.015436,0.019285,0.011784,0.023704,0.018696,0.014310,0.015218,0.018465,0.019991,0.019804,0.004391,-0.001243,-0.010385,0.001622,0.006585,-0.008475,0.001526,0.000436,-0.000750,0.007849,0.001329,-0.001051,0.001612,0.033796,-0.003129,0.000082,0.003423,-0.016539,0.004994,0.000733,-0.004406,0.000106,0.003788,0.000055,0.006919,0.000823,-0.005049,-0.005933,0.002781,-0.001919,-0.012070,-0.027963,-0.010009,-0.000277,-0.023528,-0.019627,-0.022644,-0.017647,-0.011229,-0.018208,0.012079,0.056606
43,1000,1,0.016635,0.012601,0.007584,0.019452,0.017529,0.022028,0.014329,0.009270,0.025819,0.006478,0.002985,0.008267,-0.002043,0.000381,-0.003173,0.000371,-0.000803,0.002150,-0.007138,0.005386,0.004461,-0.000805,-0.010876,0.004495,-0.000776,-0.005873,0.004621,-0.001285,-0.004861,0.001466,-0.004592,-0.014373,0.007513,-0.010563,-0.018646,-0.008247,0.002034,-0.000130,-0.003672,0.007580,-0.014625,-0.013008,-0.011448,-0.019220,-0.014353,-0.016122,-0.028500,-0.022377,-0.019942,-0.013227,0.062105,0.064317
44,1000,1,0.023301,0.016299,0.013821,0.019944,0.010092,0.016567,0.015264,0.010055,0.000636,0.002410,-0.006612,0.001084,-0.008980,0.001375,0.007867,0.003846,0.007276,-0.000917,0.000612,-0.000476,-0.017174,-0.002556,0.008430,-0.005064,0.007850,0.001401,0.004673,-0.018836,-0.007583,-0.005309,0.004889,-0.000034,0.004702,0.000109,-0.000112,-0.002954,-0.011091,0.001935,0.004179,-0.012222,-0.022059,-0.032180,-0.037153,-0.016586,-0.013963,-0.020643,-0.017912,-0.031054,-0.021748,-0.012437,0.053624,0.060734
45,1000,1,0.037475,0.009907,0.021818,0.000804,0.017720,0.022839,0.020064,0.016599,0.019898,0.019574,-0.001343,-0.000699,0.001641,-0.014990,-0.002217,-0.003565,-0.008743,-0.000881,0.004382,0.005445,-0.004636,0.007082,-0.008767,0.006477,-0.004094,-0.007300,-0.000106,0.001933,-0.011301,0.000725,0.001272,0.002800,0.001583,-0.002021,0.000270,-0.018562,0.007916,-0.009450,0.003814,-0.019043,-0.011381,-0.036437,-0.028382,-0.015180,-0.017098,-0.018505,-0.043764,-0.014474,-0.013256,-0.003438,0.061750,0.037041
46,1000,1,0.020641,0.022512,0.024704,0.016834,0.015328,0.012436,0.012415,0.016287,0.021610,0.017633,0.001532,-0.001920,-0.000505,-0.004447,0.006363,-0.001812,-0.004093,-0.001042,-0.009615,-0.011220,-0.001288,-0.005967,-0.001171,-0.015721,0.000275,0.003134,0.006107,0.002995,0.006340,-0.000586,-0.002535,-0.001004,0.007379,0.019944,0.008087,-0.011653,0.000599,-0.002417,-0.001734,-0.001889,-0.016073,-0.040328,-0.011747,-0.006567,-0.029090,-0.020693,-0.016405,-0.015277,-0.025925,-0.024353,0.020393,0.045088
47,1000,1,0.014024,0.011570,0.013964,0.014558,0.012071,0.019001,0.023548,0.013347,0.031135,0.011050,0.030197,-0.019464,0.002050,0.001277,-0.000242,-0.006054,-0.026993,-0.014467,-0.002315,0.001096,-0.003872,0.001209,0.002577,-0.000271,-0.012177,0.003349,-0.008167,0.001995,0.005185,0.002252,-0.007232,0.011659,-0.019379,-0.008619,-0.003844,-0.001221,-0.006779,-0.003518,-0.019597,-0.005158,-0.013383,-0.023661,-0.039797,-0.047626,-0.024321,-0.014214,-0.003340,-0.015403,-0.032416,-0.020979,0.009332,0.028044
48,1000,1,0.024789,0.011276,0.019915,0.014612,0.021609,0.011460,0.026982,0.024002,0.010053,0.014659,0.006712,0.005643,-0.037953,0.017420,-0.003598,0.004007,-0.001177,-0.009241,-0.015744,-0.001950,-0.003785,0.003843,-0.007815,0.004054,-0.015176,-0.003820,0.000513,-0.005094,0.004098,-0.018044,-0.001465,-0.018316,0.004492,0.001015,-0.005863,0.001210,-0.004304,0.000466,-0.005073,-0.005772,-0.064810,-0.022827,-0.005294,-0.011993,-0.012552,-0.015355,-0.016619,-0.018428,-0.017065,-0.013151,0.057554,0.043956
49,1000,1,0.005431,0.008264,0.006903,0.012861,0.010803,0.008649,0.016565,0.016626,0.011576,0.026497,0.003915,0.000138,-0.001460,0.007490,0.015150,-0.002348,-0.047401,-0.001039,0.008858,-0.004348,0.006766,0.000499,-0.006280,-0.016217,0.002634,-0.011955,-0.003031,0.008833,-0.004804,-0.001589,0.013213,-0.001799,0.007684,-0.010969,-0.008255,-0.006128,0.008253,-0.006265,-0.000582,-0.012901,-0.016383,-0.027227,-0.011926,0.000002,-0.025493,-0.008934,-0.039629,-0.023548,-0.021306,-0.013266,0.048835,0.039315
50,1000,1,0.010902,0.018224,0.026199,0.014937,0.018208,0.010744,0.015426,0.020449,0.022602,0.010885,0.036734,0.001059,0.013807,0.010090,-0.000811,-0.003206,-0.000004,0.013149,-0.004530,-0.004854,-0.012363,0.001461,-0.005573,-0.004228,-0.005005,-0.014031,-0.000833,-0.006704,0.001086,-0.002600,-0.004200,-0.008473,0.008192,-0.013927,-0.013836,-0.006412,0.000163,-0.010179,0.007124,-0.001479,-0.012751,-0.015781,-0.010165,-0.014522,-0.021172,-0.032032,-0.044635,-0.017465,-0.013530,-0.011129,0.024451,0.053942
51,1000,1,0.013904,0.011708,0.021004,0.012846,0.021922,0.009076,0.006964,0.022715,0.023212,0.000868,-0.014367,-0.001280,-0.009526,-0.008831,-0.000686,-0.002368,-0.009886,0.014881,-0.002771,0.000242,-0.001992,-0.005871,-0.000431,-0.012471,0.026285,-0.011629,0.008107,-0.026327,0.001562,0.007951,0.003586,-0.006134,-0.001178,-0.004827,0.004620,-0.023603,-0.012248,0.002541,0.004288,-0.005148,-0.017401,-0.018999,-0.041949,-0.030271,-0.013612,-0.011040,-0.020233,-0.010981,-0.023826,-0.014011,0.032105,0.051890
52,1000,1,0.012131,0.015862,0.017183,0.026983,0.008923,0.016059,0.015768,0.006578,-0.000025,0.016158,0.007150,-0.003990,0.005623,0.000516,0.002538,0.014665,0.003645,-0.001018,-0.002894,-0.009649,0.005993,0.003701,0.004527,0.005631,-0.006155,-0.025312,0.001409,-0.006729,0.003063,-0.011215,0.000966,-0.006794,-0.005498,-0.014858,-0.015671,-0.000659,-0.026368,-0.002575,-0.005537,-0.000140,-0.010726,-0.019448,-0.009794,-0.010159,-0.030359,-0.023113,-0.024474,-0.011757,-0.022994,-0.027979,0.053347,0.054061
53,1000,1,0.024108,0.015681,0.020390,0.018855,0.017462,0.016850,0.032003,0.009455,0.016366,0.018589,-0.004179,-0.009379,0.008815,0.001042,0.000264,0.006610,0.008958,-0.009142,-0.007139,0.004605,-0.004803,-0.008181,-0.006252,0.003040,0.002121,-0.003333,-0.007079,-0.006188,-0.002552,-0.002591,-0.016857,-0.001298,0.008944,-0.004596,0.000271,-0.000284,-0.002127,-0.002005,0.001167,0.004989,-0.025102,-0.014132,-0.032651,-0.014268,-0.016893,-0.015395,-0.024679,-0.000920,-0.034287,-0.022932,0.041949,0.023593
54,1000,1,0.014578,0.020095,0.024392,0.018599,0.021052,0.016419,0.024160,0.014985,0.016796,0.019106,0.004371,-0.018635,0.002967,0.004585,-0.016867,0.002164,0.001911,-0.005279,0.005159,-0.007829,0.002064,0.003117,-0.007192,-0.006884,-0.004283,0.004379,-0.013769,-0.005302,-0.007596,0.003014,-0.001033,-0.008050,0.005214,0.011672,-0.004092,0.005243,-0.002544,0.000283,-0.011657,-0.008402,-0.004894,-0.011972,-0.014189,-0.021135,-0.017148,-0.000691,-0.009075,-0.032250,-0.013967,-0.012030,0.041490,0.057948
55,1000,1,0.023900,0.016897,0.026520,0.011714,0.022469,0.022482,0.010635,0.013264,0.024630,0.011699,-0.043741,-0.004582,-0.007261,0.005740,-0.017812,-0.018382,-0.001530,0.004972,0.011334,0.004654,0.008264,-0.006211,0.010522,-0.008094,-0.017731,-0.001911,0.015545,-0.016235,-0.007799,-0.002709,-0.002855,0.001402,-0.007847,0.003300,-0.002833,-0.013226,0.005579,-0.000252,0.005389,-0.000675,-0.003423,-0.019230,-0.007996,-0.020678,-0.010559,-0.009102,-0.050912,-0.009023,-0.027047,-0.006249,0.022926,0.040241
56,1000,1,0.016312,0.015492,0.015936,0.018807,0.013434,0.020493,0.014046,0.016288,0.014888,0.017575,-0.002387,-0.002783,0.003494,-0.021582,-0.001932,-0.002271,0.000627,0.006523,-0.005424,-0.005418,-0.011726,0.002809,0.001852,-0.014992,-0.003295,-0.017381,-0.015402,0.002447,0.001090,0.005443,-0.000356,0.002996,-0.020117,-0.000328,0.010317,0.002109,-0.010661,-0.009577,0.004325,0.001368,-0.022841,-0.008125,-0.030252,-0.015385,-0.013179,-0.005842,-0.024610,-0.021199,-0.022371,-0.020656,0.061797,0.055447
57,1000,1,0.015465,0.010016,0.015727,0.019848,0.016057,0.019131,0.017015,0.018229,0.011740,0.012593,-0.005137,0.004056,0.004641,-0.007791,-0.003646,0.008476,0.003733,0.010064,-0.012997,-0.010214,-0.009207,0.004453,-0.001511,-0.017115,0.005347,-0.000612,0.000322,-0.010895,-0.000078,-0.006402,0.002940,-0.013380,-0.000206,-0.011968,0.000800,0.003155,0.001067,-0.002000,-0.000302,-0.004473,-0.007686,-0.014076,-0.019294,-0.022178,-0.012387,-0.030795,-0.021729,-0.029080,-0.016841,-0.050966,0.056547,0.044534
58,1000,1,0.020783,0.012454,0.022973,0.019345,0.017766,0.015798,0.023249,0.019939,0.018701,0.013241,-0.007857,0.002733,-0.003031,-0.004283,0.005682,0.001079,0.000426,0.005229,-0.017504,0.012853,0.004858,-0.001490,-0.000003,0.002948,0.003720,0.001238,0.002146,-0.000219,0.011288,-0.004004,0.011200,0.004472,0.006926,0.008997,0.004465,0.013716,0.010005,0.005456,-0.000148,-0.020872,-0.026730,-0.025078,-0.023542,-0.023979,-0.001279,-0.017855,-0.026786,-0.020289,-0.033932,-0.021871,0.031444,0.065845
59,1000,1,0.016145,0.015667,0.011579,0.010787,0.015743,0.012070,0.023551,0.009247,0.006537,0.010049,0.009275,-0.004751,-0.000389,-0.003862,-0.001079,-0.006040,-0.006106,0.008987,0.003450,-0.002387,0.001036,0.004402,-0.004712,0.005578,0.008363,-0.004983,0.002113,0.005686,0.009836,-0.005133,-0.027801,0.001237,-0.009155,0.006456,-0.021840,-0.006533,-0.014260,-0.025007,-0.016070,-0.008984,-0.023542,-0.010687,-0.037811,-0.007944,-0.014955,-0.007626,-0.015721,-0.021571,-0.023001,-0.020735,0.046805,0.060942
60,1000,1,0.022276,0.014710,0.020772,0.012531,0.020750,0.012509,0.012672,0.026635,-0.007350,0.015218,-0.003685,-0.014363,-0.000047,-0.002004,-0.007284,-0.005812,-0.001675,-0.017626,-0.004509,-0.015883,0.000109,0.011555,-0.005816,0.003220,-0.024911,-0.001533,-0.013287,0.012886,-0.010033,0.001901,-0.003283,-0.015948,-0.015299,-0.004510,-0.022277,0.002038,0.000961,-0.008045,0.002968,0.001901,-0.017155,-0.024397,-0.007229,-0.018905,-0.029264,-0.009241,-0.019638,-0.009077,-0.007402,-0.031015,0.054046,0.039339
61,1000,1,0.017913,0.013252,0.017374,0.021306,0.015842,0.029333,0.015734,0.019854,0.019641,0.016909,-0.024298,0.007827,-0.006430,0.001212,0.005893,-0.027521,-0.000391,-0.025796,-0.006682,-0.007950,-0.017615,0.002262,0.001432,0.000320,0.000673,0.006873,-0.003463,-0.014734,0.001060,0.004296,-0.035567,-0.009332,-0.000721,-0.002833,0.009665,0.002077,0.001732,0.005207,-0.000681,0.006125,-0.012052,-0.027244,-0.029715,-0.023657,-0.029222,-0.006274,-0.018639,-0.032121,-0.038994,-0.014485,0.051758,0.038179
62,1000,1,0.022552,0.019561,0.010462,0.014873,0.010979,0.015306,0.018161,0.023990,0.019664,0.019344,-0.001026,-0.007494,-0.013315,0.006420,-0.010262,-0.000021,0.004074,-0.008963,-0.003168,-0.020467,-0.004364,-0.012461,-0.011910,0.000200,-0.012438,-0.000420,-0.009288,0.002686,-0.008112,0.004362,-0.000562,-0.008022,-0.000606,-0.015151,0.004315,-0.014964,-0.006761,-0.000514,-0.004976,0.008339,-0.017320,-0.012382,-0.015821,-0.020416,-0.013374,-0.009041,-0.017069,-0.010485,-0.013775,-0.018343,0.044257,0.053591
63,1000,1,-0.005373,0.014336,0.012067,0.023135,0.009169,0.009762,0.028124,0.015789,0.014453,0.014662,0.007528,-0.008017,0.003581,-0.005393,0.000643,0.001691,-0.013042,-0.017016,0.001762,-0.006470,-0.000639,-0.000532,0.000584,0.006803,-0.020617,-0.001420,-0.002826,-0.009353,0.005936,0.001050,-0.000154,-0.010888,-0.013543,-0.054778,0.003432,0.006057,-0.017079,0.015109,0.049061,-0.005785,-0.026031,-0.004354,-0.017106,-0.017434,-0.022999,-0.018935,-0.027882,-0.014526,-0.017252,-0.029059,0.017461,0.078221
64,1000,1,0.020492,0.011750,0.022506,0.022335,0.018436,0.017376,0.012668,0.009515,0.021840,0.011291,-0.005099,0.001712,0.001738,-0.003181,-0.001487,-0.001178,0.001939,-0.006034,-0.008148,-0.001150,0.000334,-0.018805,0.009772,0.000386,-0.005213,-0.006497,0.001344,-0.022091,-0.003864,-0.001241,-0.004811,0.001673,-0.005506,0.001777,-0.002549,-0.011144,0.003940,0.002833,-0.021515,-0.012210,-0.010825,-0.015655,-0.007390,-0.027154,-0.019306,-0.013979,-0.006893,-0.013826,-0.006643,-0.006996,0.046973,0.048179
65,1000,1,0.014014,0.014088,0.015707,0.019270,0.015610,0.005818,0.010882,0.014681,0.010566,0.014072,0.004473,-0.000665,0.006448,0.005098,-0.024256,-0.009041,-0.003780,0.003163,0.002369,0.005025,-0.002546,-0.021454,0.005161,0.002615,0.005437,0.009420,0.000802,-0.016976,-0.002913,-0.003514,-0.000481,0.005547,-0.006875,-0.008765,-0.016910,0.007140,0.048740,0.007506,0.004466,0.001921,-0.012837,-0.021523,-0.019440,-0.015007,-0.016255,-0.024010,-0.028484,-0.007376,-0.015716,-0.024989,0.021895,0.070314
66,1000,1,0.016840,0.023329,0.018913,0.009841,0.013744,0.019125,0.020162,0.023141,0.019180,0.012822,-0.000637,-0.001943,-0.002667,0.002164,-0.012164,-0.000233,0.009351,-0.004993,-0.025124,0.005042,-0.003094,-0.004404,-0.005045,0.001835,0.001557,0.003703,0.003291,0.005036,0.002949,-0.004879,-0.010014,0.004602,0.002684,-0.014458,0.002540,0.007592,0.005933,-0.006223,-0.020053,-0.020169,-0.035279,-0.028694,-0.010704,-0.007465,-0.030908,-0.035125,-0.012459,-0.017698,-0.024539,-0.018873,0.051645,0.047387
67,1000,1,0.011056,0.011186,0.009425,0.013188,0.024489,0.019314,0.015285,0.011119,0.012667,0.014606,0.005340,0.007552,0.000423,0.000066,0.003424,-0.002091,0.002894,-0.007553,-0.000676,-0.002899,-0.012080,-0.007748,-0.008703,-0.004744,0.006282,-0.004716,0.001069,0.000634,0.007589,0.002721,-0.003429,0.002078,-0.007366,-0.007230,-0.020801,0.007742,-0.000712,-0.014431,0.002421,-0.008115,-0.013950,-0.009433,-0.015836,-0.014479,-0.020902,-0.022315,-0.010222,-0.008830,-0.038082,-0.017023,0.053055,0.050038
68,1000,1,0.022515,0.024362,0.019550,0.026496,0.010796,0.026454,0.016444,0.012905,0.017286,0.017173,-0.000305,0.002715,-0.002079,0.000849,-0.001445,-0.009291,0.001750,-0.011413,-0.012487,-0.004233,-0.002384,-0.007379,-0.005197,0.002517,-0.003172,-0.003684,0.010323,0.006748,-0.001338,-0.009194,-0.005722,0.000071,-0.004842,-0.008269,-0.007737,-0.015452,0.009145,0.003998,0.005498,0.003278,-0.008131,-0.004992,-0.045675,-0.015547,-0.018952,-0.018161,-0.019508,-0.020513,-0.028666,-0.023883,0.044148,0.050604
69,1000,1,0.012833,0.009228,0.017487,0.014451,0.016694,0.018047,0.021038,0.010346,0.010308,0.016411,0.005768,0.002417,-0.002185,-0.011146,-0.001724,0.001106,0.000341,0.006777,0.017141,0.011322,-0.001624,-0.012221,-0.007145,0.000741,-0.010288,-0.000621,0.007661,0.004749,-0.001660,0.000927,-0.010035,0.003211,-0.008909,-0.023332,-0.024584,0.003318,-0.007285,0.000011,-0.008101,-0.000919,-0.033261,-0.051030,-0.014472,-0.023522,-0.013181,-0.009811,-0.019458,-0.011293,-0.050434,-0.020848,0.025347,0.032367
70,1000,1,0.011853,0.017005,0.019751,0.012366,0.011882,0.012347,0.012852,0.020508,0.014074,0.021535,0.029628,0.007725,-0.011559,-0.001018,-0.002761,-0.014069,-0.000702,0.001495,-0.006761,-0.005328,0.007195,0.001365,0.000291,0.002852,-0.002245,-0.005723,-0.036827,-0.000151,-0.002393,-0.002949,-0.023383,-0.006664,0.002540,0.004091,-0.002788,-0.000488,0.008502,-0.009129,-0.006826,-0.001654,-0.021471,-0.019213,-0.022762,-0.014446,-0.013616,-0.015743,-0.012885,-0.016419,-0.014650,-0.024591,0.019769,0.047073
71,1000,1,0.001914,0.011830,0.027051,0.017263,-0.018056,0.013086,0.013444,0.016287,0.017256,0.015472,-0.011781,-0.000110,-0.012667,-0.002853,-0.001919,-0.003074,-0.008750,-0.018121,-0.003828,-0.005340,-0.003320,0.002859,-0.007815,-0.016958,-0.005158,-0.010237,0.003943,0.000607,-0.005989,-0.030014,-0.005136,0.003199,-0.014460,0.004496,-0.006161,-0.015479,-0.020388,0.004697,0.003683,0.002738,-0.000031,-0.025206,-0.019865,-0.012080,-0.014197,-0.013483,-0.011297,-0.009557,-0.022088,-0.013325,0.070994,0.039284
72,1000,1,0.014909,0.019326,0.009267,0.016965,0.000861,0.019192,0.013191,0.023508,0.022783,0.012221,0.008424,0.001631,0.007585,0.003155,0.001114,-0.009789,-0.015138,0.005961,-0.009356,0.004810,-0.002143,-0.005405,-0.015740,0.007232,0.008105,-0.003225,0.001630,-0.001357,0.000612,-0.006367,-0.011408,0.000900,-0.000524,-0.010071,-0.001895,0.011001,-0.013400,0.014029,0.004979,-0.001228,-0.017771,-0.020625,-0.016410,-0.007290,-0.019744,-0.014594,-0.033943,-0.025302,-0.016281,-0.042987,0.047097,0.064048
73,1000,1,0.013539,0.014426,0.009001,0.027148,0.015998,0.024694,0.014298,0.017488,0.018317,0.015460,-0.005152,-0.007740,0.002837,0.004483,-0.004456,0.002138,0.006953,-0.002694,0.007560,0.008528,0.000605,-0.009455,-0.021377,-0.001158,-0.001439,0.011846,-0.001335,-0.003356,-0.002461,-0.012529,0.005122,-0.020004,0.003543,-0.003657,-0.018584,-0.013819,0.003936,-0.004922,-0.004192,0.001818,-0.015098,-0.009468,-0.013891,-0.019853,-0.020144,-0.020390,-0.015412,-0.001708,-0.020135,-0.022799,0.055496,0.071581
74,1000,1,0.022896,0.023569,0.024608,0.009708,0.008963,0.005305,0.010197,0.014997,0.009418,0.026050,-0.011500,0.005351,0.004768,-0.004284,-0.007810,0.012146,-0.000860,-0.009576,-0.002846,-0.006703,-0.023844,-0.007564,-0.003916,-0.008094,-0.014352,-0.027268,0.022256,-0.004374,-0.027160,0.001424,-0.028873,0.001623,-0.001480,-0.007096,-0.014781,0.007920,-0.001466,-0.010003,0.002830,0.001874,-0.016020,-0.021491,-0.026944,-0.025924,-0.030318,-0.006602,-0.010923,-0.018022,-0.005416,-0.013304,0.052719,0.058465
75,1000,1,0.019795,0.019541,0.017695,0.017828,-0.006929,0.001080,0.020894,0.011356,0.020373,-0.015862,-0.028973,-0.001673,-0.008807,-0.000713,-0.011123,0.002032,-0.007078,-0.010951,0.001244,-0.006615,0.006269,-0.004150,-0.002066,-0.011755,-0.003518,-0.006686,-0.015337,-0.000136,-0.000977,-0.014439,-0.022939,-0.009353,0.001343,-0.005665,0.003721,-0.004230,-0.007455,0.003299,-0.007532,0.002010,-0.017695,-0.017093,-0.019200,-0.017191,-0.039586,-0.038711,-0.008496,-0.009407,-0.016082,-0.022134,0.089401,0.066053
76,1000,1,0.014575,0.015982,0.017033,0.016812,0.031432,0.013088,0.020963,0.008350,0.023465,0.019151,0.001761,-0.003433,-0.002051,-0.004435,-0.016066,-0.015555,-0.004213,0.005930,0.002714,0.007633,0.001663,-0.013251,-0.009981,-0.001803,-0.005575,0.003270,0.001517,0.005266,-0.004247,-0.012798,-0.001304,0.001676,-0.007392,-0.003813,0.004402,-0.012644,-0.011097,-0.003741,0.004709,-0.011875,-0.033542,-0.006315,-0.014759,-0.033968,-0.010896,-0.014246,-0.018670,-0.032233,-0.015748,-0.027864,0.027190,0.061714
77,1000,1,0.001432,0.029217,0.016480,0.018333,0.008933,0.010234,0.027778,0.025483,0.020661,0.009255,0.001890,-0.008546,0.005241,0.002222,-0.003599,0.005173,0.005788,-0.015969,-0.011110,0.002689,0.005235,-0.007408,-0.000160,-0.027977,-0.018869,0.004149,-0.004275,-0.018022,-0.010238,0.005212,-0.021113,-0.007788,0.001456,0.001908,-0.001512,0.000520,0.003059,-0.006057,-0.008497,-0.002472,-0.016225,0.004247,-0.015848,-0.014120,-0.017629,-0.017425,-0.006301,-0.010855,-0.031275,-0.014515,0.038560,0.032450
78,1000,1,0.013559,0.021453,0.023301,0.016341,0.014866,0.013851,0.025466,0.034660,0.015066,0.016218,0.008943,0.000593,-0.000293,-0.005781,0.002578,-0.001898,0.002618,0.008662,-0.002558,-0.001749,-0.000816,0.032573,-0.007775,-0.006312,0.009144,0.001792,-0.015358,0.004873,-0.003471,0.003960,-0.014228,-0.018467,-0.012069,-0.018408,-0.010575,-0.002573,0.011358,0.002112,0.005450,-0.001077,-0.037573,-0.021762,-0.034908,-0.035224,-0.016542,0.000664,-0.011436,-0.011546,-0.031766,-0.024665,0.051852,0.023862
79,1000,1,0.019170,0.036866,0.020045,0.022104,0.017826,0.026452,0.019390,0.022752,0.020380,0.012775,0.009328,-0.019725,0.005208,-0.001217,-0.002123,0.011690,-0.017686,0.006486,-0.006607,-0.005179,-0.002434,-0.012163,0.007298,0.006659,0.000088,0.001032,0.010185,0.002726,-0.008618,-0.006271,-0.004723,-0.000163,0.003148,0.004400,-0.009014,-0.018712,0.006111,0.000864,0.007672,-0.000471,-0.015138,-0.002363,-0.022884,-0.029038,-0.016007,-0.015156,-0.013353,-0.017693,-0.027484,-0.015747,0.052545,0.034181
80,1000,1,0.015967,0.011509,0.017147,0.015665,0.020410,0.016282,0.012550,0.019612,0.007570,0.021390,-0.002472,0.018984,0.002339,-0.000944,-0.004816,-0.003769,-0.027137,0.006931,-0.001397,0.001929,-0.015820,-0.036411,-0.001899,-0.011863,-0.002923,-0.000788,-0.013808,0.007681,-0.000042,-0.003141,-0.007882,-0.010465,0.000439,0.004704,-0.009129,0.005492,-0.001889,-0.005895,-0.011325,-0.005785,-0.037722,-0.006973,-0.010676,-0.013020,-0.018861,-0.021406,-0.016247,-0.023815,-0.024565,-0.043625,0.047464,0.046381
81,1000,1,0.021006,0.018123,0.023349,0.017377,0.016387,0.016786,0.018471,0.017864,0.025807,0.009842,0.003339,0.002738,-0.019877,-0.010107,-0.021873,-0.013776,0.009210,0.003551,-0.038721,-0.012225,0.004443,-0.013642,0.008145,0.000008,-0.008240,0.003469,0.004812,-0.001358,-0.004606,-0.007513,-0.002082,-0.007189,0.030038,0.009407,0.005726,-0.015327,-0.001526,-0.000694,-0.000056,0.011502,-0.015290,-0.044760,-0.007567,-0.010763,-0.044585,-0.004644,-0.012479,-0.011274,-0.013004,-0.012823,0.081493,0.019612
82,1000,1,0.002697,0.014429,0.016966,0.018125,0.011027,0.015908,0.018984,0.020170,0.031930,0.004657,-0.015528,-0.002346,-0.017299,0.006378,-0.024414,0.004914,0.001589,0.007216,-0.001454,-0.006615,-0.002192,0.012143,0.000054,0.002638,-0.003480,-0.000940,0.006869,0.000069,-0.004961,-0.016427,-0.000415,0.002417,-0.004798,-0.001013,0.004360,0.001166,-0.002423,-0.011078,-0.000668,0.006502,-0.011350,-0.010406,-0.017332,-0.022644,-0.046845,-0.009188,-0.015909,-0.016320,-0.033210,-0.007519,0.049917,0.050003
83,1000,1,0.014149,0.014335,0.012357,0.013771,0.017285,0.030236,0.015040,0.016065,0.040202,0.017986,-0.008799,-0.004221,-0.025644,0.003946,-0.008414,0.003516,0.001146,-0.018139,-0.001172,-0.006538,-0.007921,-0.006597,0.002131,-0.004750,-0.003736,0.006636,-0.007129,-0.010028,-0.002862,-0.007770,0.008571,0.002376,-0.007049,0.006482,0.005678,0.007734,-0.002369,0.005551,0.002879,-0.001709,-0.012989,-0.012282,-0.015255,-0.022599,-0.022849,-0.013299,-0.039225,-0.012636,-0.022488,-0.009847,0.051156,0.040824
84,1000,1,0.014919,0.023668,0.018531,0.012076,0.022677,0.017401,0.025949,0.020096,0.014553,0.009821,-0.004074,0.004418,0.007394,0.005732,0.003023,0.000723,-0.001515,-0.025424,0.004722,-0.016620,-0.015850,-0.019394,-0.018953,-0.000994,-0.012673,-0.006230,-0.027219,-0.007248,0.007783,-0.006119,0.005011,-0.010683,-0.013379,0.005852,-0.009193,0.001344,-0.006448,-0.038888,-0.001656,-0.004394,-0.008317,-0.026964,-0.020208,-0.012999,-0.017285,-0.022886,-0.018938,-0.011973,-0.020276,-0.009775,0.039619,0.052774
85,1000,1,0.017879,0.011575,0.013595,0.001377,0.019804,0.014407,0.011574,0.020259,0.016515,0.019789,-0.004107,-0.000696,-0.010190,-0.003685,-0.001218,-0.000339,0.000489,-0.004146,0.000293,-0.008552,0.005772,-0.004764,-0.006378,-0.006190,-0.000422,-0.007778,-0.021150,-0.005843,-0.002545,-0.001340,0.002240,0.000784,0.004356,-0.010781,0.002881,0.004700,0.008622,0.008089,0.059543,0.008243,-0.005468,-0.016909,0.003755,-0.009303,-0.027477,-0.028327,-0.009609,-0.026774,-0.011066,-0.032725,0.066662,0.031841
86,1000,1,0.018589,0.016720,0.017938,0.012135,0.010635,0.006663,0.010906,0.017778,0.011801,0.015307,-0.048604,-0.001672,-0.003525,-0.000197,0.003130,0.007563,0.006652,-0.000602,-0.000557,-0.000633,0.001380,0.032403,-0.004485,-0.005636,-0.002377,-0.006723,-0.008096,-0.021206,0.012285,0.007522,-0.010325,0.002478,0.000778,0.008098,-0.003126,-0.006933,-0.007262,0.000852,-0.003528,-0.009470,-0.015686,-0.031361,-0.027724,-0.012803,-0.017696,-0.018789,-0.013279,-0.032732,-0.016138,-0.026431,0.048146,0.014493
87,1000,1,0.019593,0.021676,0.016481,0.028888,0.020758,0.003935,0.013039,0.017271,0.048114,0.026443,0.003871,-0.010291,0.002697,-0.004862,-0.006987,-0.002531,0.008227,0.008035,-0.011671,0.001053,0.004265,-0.028390,-0.024434,-0.025059,0.005528,0.003360,-0.009784,0.000360,-0.008913,0.004541,0.002981,0.001914,-0.001638,0.001847,-0.000464,0.001942,0.000455,0.011570,0.011479,-0.012567,-0.028127,-0.032496,-0.023483,-0.016016,-0.012506,-0.008621,-0.011820,-0.024669,-0.006449,-0.008009,0.031432,0.055802
88,1000,1,0.013416,0.014324,0.005414,0.015201,0.024832,0.009687,0.035119,0.006168,0.015898,0.010210,0.007129,0.004683,0.006486,0.009885,0.003934,0.003439,0.005405,-0.014858,-0.014811,-0.011974,0.005524,-0.003013,-0.005249,-0.009894,0.002031,-0.013492,-0.007485,0.004190,0.000224,0.003941,-0.009079,0.001558,0.000952,-0.004441,-0.004774,0.002328,-0.006068,0.006619,0.003164,-0.002384,-0.045670,-0.025011,-0.009497,-0.022847,-0.020021,-0.018957,-0.015533,-0.023202,-0.014220,-0.016813,0.062502,0.051288
89,1000,1,0.012335,0.023860,-0.005348,0.011616,0.025117,0.014757,0.007476,0.010796,0.023298,0.010013,-0.007145,-0.003902,-0.001193,-0.001718,-0.013640,0.004520,0.003062,-0.009989,-0.016263,-0.022174,-0.009224,-0.004744,0.005490,0.002777,0.008033,0.001147,-0.009920,0.013615,-0.009306,0.002333,-0.000112,-0.001357,0.002162,-0.002648,0.008307,0.008053,0.003251,-0.022889,-0.014785,-0.001945,-0.029800,-0.013755,-0.013341,-0.049421,-0.008108,-0.003451,-0.004534,-0.030330,-0.027592,-0.013960,0.050848,0.043736
90,1000,1,0.003206,0.003872,0.010143,0.011452,0.017223,0.022332,0.016605,0.013792,0.022961,0.011946,-0.012913,0.001319,-0.006344,-0.001478,0.005435,0.007600,0.004734,0.005770,-0.011210,-0.023753,-0.005189,0.004205,0.002856,-0.004639,0.005350,-0.002050,0.009761,-0.009216,-0.003213,-0.001648,0.000575,-0.004149,-0.004746,0.002468,-0.005088,-0.009103,-0.003965,-0.003886,-0.008131,-0.013339,-0.027602,-0.001632,-0.020884,-0.029924,-0.013097,-0.027971,-0.053461,-0.013351,-0.005868,-0.024220,0.055365,0.046341
91,1000,1,0.010883,0.028349,0.053741,0.018145,0.014198,0.010146,0.017949,0.009592,0.022055,0.022151,-0.015796,0.003807,-0.005496,-0.000558,0.000816,0.002146,-0.006069,-0.026387,0.000550,0.000416,0.001316,-0.004912,0.003722,0.003864,-0.011492,0.000578,0.004555,0.002219,-0.001244,-0.021053,0.005775,-0.012195,-0.003660,-0.036337,0.005490,-0.000447,0.011973,0.007287,-0.019473,-0.007299,-0.032879,-0.038424,-0.024313,-0.006363,-0.037843,-0.023916,-0.018840,-0.019024,-0.015271,-0.049069,0.059239,0.020744
92,1000,1,0.032289,0.020783,0.015130,0.014303,0.026410,0.026409,0.012605,0.022319,0.017086,0.011289,0.001229,-0.003145,0.002040,-0.004169,0.008948,-0.002325,0.006700,-0.009855,-0.024422,0.008291,-0.004290,-0.003382,-0.004442,0.008485,0.015502,-0.011382,-0.004242,-0.008725,-0.000500,0.004103,0.002025,0.001227,-0.016477,0.001472,0.002954,0.008445,0.009908,-0.012733,-0.000908,0.000792,-0.014334,-0.007489,-0.015151,-0.011660,-0.020213,-0.008476,-0.015919,-0.011681,-0.047729,-0.046422,0.053549,0.050689
93,1000,1,0.014868,0.015159,0.009554,0.017891,0.025028,0.022216,0.017224,0.010284,0.022056,0.014247,-0.007710,-0.000061,-0.011095,-0.001899,0.007881,0.007291,-0.014916,-0.014826,-0.002246,-0.021840,-0.018626,-0.008588,-0.007125,-0.007559,0.001922,-0.003226,-0.003850,0.003171,0.002486,0.010368,-0.010121,-0.009275,-0.011728,0.000322,0.005063,-0.001848,-0.004507,-0.012417,-0.003830,-0.019966,-0.021443,-0.030914,-0.015117,-0.028103,-0.034027,-0.021305,-0.018227,-0.008774,-0.010365,-0.019823,0.045309,0.060750
94,1000,1,0.020766,0.014322,0.007858,0.012558,0.021019,0.019807,0.006385,0.026201,0.017842,0.019290,-0.017557,0.010247,0.004686,-0.016042,-0.005527,0.009089,-0.000992,0.005214,0.008822,0.000800,-0.007033,-0.004887,0.000659,-0.011759,-0.009610,0.006372,-0.004017,-0.004789,-0.001734,0.001361,0.008551,0.005193,0.006947,-0.000735,-0.003481,0.008401,-0.005444,-0.002224,0.003591,0.004609,-0.016383,-0.007843,-0.025322,-0.016995,-0.020655,-0.018212,-0.008046,-0.031114,-0.017938,-0.019988,0.060272,0.043097
95,1000,1,0.012527,0.015621,0.012025,0.020209,0.012606,0.014195,0.020314,0.016998,0.015057,0.018471,0.004001,-0.005430,-0.027639,0.000893,-0.004773,-0.000150,-0.010376,-0.003660,0.005006,-0.008391,-0.004919,0.003168,-0.016102,0.005528,-0.003790,0.019000,-0.002443,0.000115,-0.022487,0.003791,-0.003962,-0.035560,-0.000391,-0.002368,0.004223,-0.000094,-0.008280,0.001472,-0.007773,-0.009467,-0.020012,-0.012058,-0.021812,-0.004773,-0.032076,-0.016412,-0.010266,-0.010639,-0.015175,-0.023729,0.048335,0.030984
96,1000,1,0.011780,0.023543,0.012954,0.019973,0.019543,0.015136,0.021369,0.015973,0.003569,0.017438,-0.017574,-0.015229,0.001332,-0.003879,-0.007919,-0.015077,0.006211,-0.001939,-0.007584,0.005528,-0.001611,0.001444,0.006408,-0.012328,-0.001844,-0.008213,-0.002961,0.007843,0.004466,-0.002598,0.003237,0.022800,-0.020295,0.007281,0.000068,0.006021,-0.002016,0.004359,0.001886,0.002463,-0.018906,-0.023112,-0.005939,-0.020618,-0.014825,-0.009664,-0.013225,-0.012836,-0.007453,-0.042089,0.058809,0.037059
97,1000,1,-0.006153,0.019041,0.020154,0.009566,-0.001303,0.021658,0.010359,0.021325,0.016595,0.017766,-0.005504,0.009008,0.002839,-0.000510,-0.011110,0.002988,-0.000366,-0.005371,-0.004665,-0.029191,0.004808,0.001493,-0.000042,-0.002902,-0.003783,-0.019913,-0.007714,0.055304,-0.014486,-0.038890,-0.005651,-0.002429,0.000799,0.006140,-0.014123,-0.000123,-0.009937,0.004635,0.002829,-0.003060,-0.022083,-0.030355,-0.023714,-0.028423,-0.028694,-0.031257,-0.011331,-0.022329,-0.016731,-0.022977,0.041902,-0.002056
98,1000,1,0.015275,0.003238,0.015881,0.011454,0.018318,0.012989,0.017907,0.016821,0.015383,0.004825,-0.016430,-0.004019,-0.008672,-0.002094,0.002637,0.000799,0.001563,0.007644,0.008599,0.006469,-0.000900,-0.000875,-0.016487,0.003896,0.007782,-0.006687,-0.011198,-0.000848,-0.004412,0.002605,-0.009219,0.001267,0.003341,-0.004081,-0.009619,-0.003986,0.001381,-0.001672,-0.004607,0.000546,-0.012885,-0.010148,-0.015641,-0.006548,-0.017641,-0.019642,-0.049940,-0.022912,-0.011943,-0.010802,0.048271,0.041893
99,1000,1,0.018283,0.021053,0.010101,0.020414,0.014439,0.021444,0.021959,0.015369,0.015877,0.011354,-0.000719,-0.000103,-0.005701,-0.000057,-0.010913,-0.000598,-0.012060,0.006443,0.002700,0.001026,-0.011444,0.001018,-0.000904,-0.014616,0.000858,-0.005342,0.006559,-0.016479,0.012286,0.004320,0.001409,-0.011487,0.004947,0.000517,0.003583,-0.003251,0.001055,-0.021190,-0.012279,0.008239,-0.023964,-0.029776,-0.029018,-0.024594,-0.022578,-0.004978,-0.017027,-0.005776,-0.021502,-0.012988,0.040574,0.036626
