polymorphic_index,alignment,HXB2_index,nucleotide,TF,consensus,epitope,escape,sc_old,sc_MPL,tc_MPL,f_at_0,f_at_8,f_at_45,f_at_85,sc_0,sc_1,sc_2,sc_3,sc_4,sc_5,sc_6,sc_7,sc_8,sc_9,sc_10,sc_11,sc_12,sc_13,sc_14,sc_15,sc_16,sc_17,sc_18,sc_19,sc_20
0,274,5315,A,G,A,nan,False,0.008515,0.007462,nan,0.0,0.0,0.0,0.11111,0.007464123,0.007463977,0.007463745,0.00746338,0.0074628,0.007461878999999999,0.007460418999999999,0.007458103000000001,0.007454452,0.007448645,0.007439437,0.0074248330000000005,0.0074016789999999996,0.007365167000000001,0.0073071030000000006,0.007215022,0.007068973,0.006837434,0.006472313,0.0058916820000000005,0.004970866
0,274,5315,G,G,A,nan,False,0.0,0.0,nan,1.0,1.0,1.0,0.88889,0.0,0.0,0.0,0.0,0.0,0.0,0.0,0.0,0.0,0.0,0.0,0.0,0.0,0.0,0.0,0.0,0.0,0.0,0.0,0.0,0.0
1,320,5361,C,T,T,nan,False,0.002825,-0.003375,nan,0.0,0.0,0.11111,0.0,-0.003361592,-0.003362451,-0.0033638139999999997,-0.003365963,-0.00336938,-0.0033747990000000004,-0.0033833939999999996,-0.003397021,-0.003418509,-0.003452681,-0.0035068729999999998,-0.0035928260000000004,-0.003729093,-0.003943975,-0.00428569,-0.004827613,-0.005687142,-0.007049811,-0.009198633000000001,-0.012615786,-0.018035013
1,320,5361,T,T,T,nan,False,0.0,0.0,nan,1.0,1.0,0.88889,1.0,0.0,0.0,0.0,0.0,0.0,0.0,0.0,0.0,0.0,0.0,0.0,0.0,0.0,0.0,0.0,0.0,0.0,0.0,0.0,0.0,0.0
2,395,5436,A,G,G,nan,False,0.012828,0.009496,nan,0.0,0.0,0.0,0.11111,0.009502709,0.009502247,0.009501515,0.00950036,0.009498523,0.009495611000000001,0.009490992,0.009483668,0.009472119000000001,0.009453754,0.009424629,0.009378435000000001,0.0093052,0.009189713,0.009006062,0.008714811999999999,0.008252867,0.007520516,0.006365654,0.004529142,0.0016166374
2,395,5436,G,G,G,nan,False,0.0,0.0,nan,1.0,1.0,1.0,0.88889,0.0,0.0,0.0,0.0,0.0,0.0,0.0,0.0,0.0,0.0,0.0,0.0,0.0,0.0,0.0,0.0,0.0,0.0,0.0,0.0,0.0
3,428,5469,A,G,A,nan,False,0.004005,9e-05,nan,0.0,0.0,0.11111,0.11111,9.851498e-05,9.797224e-05,9.711182e-05,9.575495999999999e-05,9.359726e-05,9.017536000000001e-05,8.474798e-05,7.614357999999999e-05,6.257514e-05,4.099798e-05,6.779018e-06,-4.74948e-05,-0.00013353863999999998,-0.0002692231,-0.0004849947,-0.0008271843,-0.0013699225000000002,-0.002230361,-0.003587206,-0.005744921,-0.009166818
3,428,5469,G,G,A,nan,False,0.0,0.0,nan,1.0,1.0,0.88889,0.88889,0.0,0.0,0.0,0.0,0.0,0.0,0.0,0.0,0.0,0.0,0.0,0.0,0.0,0.0,0.0,0.0,0.0,0.0,0.0,0.0,0.0
4,544,5585,A,G,G,nan,False,-0.00314,-0.006611,nan,0.0,0.0,0.11111,0.0,-0.006604008,-0.006604489,-0.006605252,-0.006606455,-0.006608369,-0.006611403,-0.006616215,-0.006623845,-0.006635874999999999,-0.0066550080000000005,-0.006685349,-0.006733474,-0.006809768,-0.0069300790000000004,-0.007121402,-0.00742482,-0.007906062,-0.008669007999999999,-0.009872114000000001,-0.011785345999999999,-0.014819521
4,544,5585,G,G,G,nan,False,0.0,0.0,nan,1.0,1.0,0.88889,1.0,0.0,0.0,0.0,0.0,0.0,0.0,0.0,0.0,0.0,0.0,0.0,0.0,0.0,0.0,0.0,0.0,0.0,0.0,0.0,0.0,0.0
5,559,5600,A,A,A,nan,False,0.0,0.0,nan,1.0,1.0,1.0,0.77778,0.0,0.0,0.0,0.0,0.0,0.0,0.0,0.0,0.0,0.0,0.0,0.0,0.0,0.0,0.0,0.0,0.0,0.0,0.0,0.0,0.0
5,559,5600,G,A,A,nan,False,0.01611,0.012953,nan,0.0,0.0,0.0,0.22222,0.012959799000000001,0.012959361999999999,0.012958668,0.012957574,0.012955834,0.012953075000000001,0.012948699000000001,0.012941761,0.012930820999999999,0.012913422,0.012885831,0.012842069000000001,0.01277269,0.012663285,0.012489303,0.012213389,0.011775769,0.011081978999999999,0.009987927,0.008248117999999999,0.005488972
6,662,5703,A,A,A,nan,False,0.0,0.0,nan,1.0,1.0,1.0,0.88889,0.0,0.0,0.0,0.0,0.0,0.0,0.0,0.0,0.0,0.0,0.0,0.0,0.0,0.0,0.0,0.0,0.0,0.0,0.0,0.0,0.0
6,662,5703,C,A,A,nan,False,0.008943,0.007215,nan,0.0,0.0,0.0,0.11111,0.00721859,0.007218351,0.007217971,0.007217372,0.007216419999999999,0.007214909,0.007212513,0.007208715,0.007202726,0.007193202,0.007178098,0.007154141,0.007116161,0.00705627,0.006961027999999999,0.006809985,0.006570419,0.006190619,0.005591705,0.0046392840000000005,0.003128851
7,704,5745,A,A,A,nan,False,0.0,0.0,nan,1.0,1.0,0.88889,1.0,0.0,0.0,0.0,0.0,0.0,0.0,0.0,0.0,0.0,0.0,0.0,0.0,0.0,0.0,0.0,0.0,0.0,0.0,0.0,0.0,0.0
7,704,5745,G,A,A,nan,False,0.027372,0.043122,nan,0.0,0.0,0.11111,0.0,0.04308804,0.04309022,0.043093679999999995,0.04309914,0.043107820000000005,0.04312158,0.04314342,0.04317804,0.04323262,0.04331944,0.0434571,0.04367546,0.04402162,0.044567499999999996,0.04543558,0.04681227,0.0489958,0.05245748,0.05791628,0.06659712,0.08036396
8,743,5784,A,G,G,nan,False,0.021447,0.017014,nan,0.0,0.0,0.0,0.22222,0.017023370000000003,0.017022755,0.017021781,0.017020243999999997,0.017017801,0.017013926,0.01700778,0.016998036,0.01698267,0.016958236,0.016919485999999997,0.016858024,0.016760586,0.016606934,0.016362589,0.015975085,0.015360473999999999,0.014386092,0.012849567,0.010406117,0.006531075
8,743,5784,G,G,G,nan,False,0.0,0.0,nan,1.0,1.0,1.0,0.77778,0.0,0.0,0.0,0.0,0.0,0.0,0.0,0.0,0.0,0.0,0.0,0.0,0.0,0.0,0.0,0.0,0.0,0.0,0.0,0.0,0.0
9,828,5869,C,T,T,nan,False,-0.005737,-0.005457,nan,0.0,0.0,0.11111,0.0,-0.005457531,-0.0054574919999999996,-0.0054574310000000004,-0.005457333,-0.0054571789999999995,-0.0054569349999999996,-0.005456546,-0.005455931,-0.00545496,-0.005453416,-0.005450969,-0.005447086,-0.00544093,-0.005431224,-0.0054157879999999995,-0.005391308,-0.005352482,-0.005290927,-0.005193861,-0.0050395019999999995,-0.004794706
9,828,5869,T,T,T,nan,False,0.0,0.0,nan,1.0,1.0,0.88889,1.0,0.0,0.0,0.0,0.0,0.0,0.0,0.0,0.0,0.0,0.0,0.0,0.0,0.0,0.0,0.0,0.0,0.0,0.0,0.0,0.0,0.0
10,840,5881,A,G,G,nan,False,0.010088,0.00975,nan,0.0,0.0,0.0,0.11111,0.009750878000000001,0.009750831,0.009750757,0.00975064,0.009750453,0.009750158,0.009749688999999999,0.009748946,0.009747774,0.009745911,0.009742955000000001,0.009738267,0.009730836,0.009719117,0.009700482,0.009670928,0.009624053,0.009549739,0.009432552,0.009246196,0.008950655
10,840,5881,G,G,G,nan,False,0.0,0.0,nan,1.0,1.0,1.0,0.88889,0.0,0.0,0.0,0.0,0.0,0.0,0.0,0.0,0.0,0.0,0.0,0.0,0.0,0.0,0.0,0.0,0.0,0.0,0.0,0.0,0.0
11,873,5914,A,A,A,nan,False,0.0,0.0,nan,1.0,1.0,1.0,0.88889,0.0,0.0,0.0,0.0,0.0,0.0,0.0,0.0,0.0,0.0,0.0,0.0,0.0,0.0,0.0,0.0,0.0,0.0,0.0,0.0,0.0
11,873,5914,G,A,A,nan,False,0.013002,0.00967,nan,0.0,0.0,0.0,0.11111,0.009676958999999999,0.009676497,0.009675765,0.00967461,0.009672774,0.009669861,0.009665242,0.009657918,0.00964637,0.009628004,0.009598879000000001,0.009552685,0.00947945,0.009363964,0.009180312,0.008889062,0.008427117000000001,0.0076947660000000005,0.006539904,0.004703392,0.0017908873999999998
12,875,5916,A,A,A,nan,False,0.0,0.0,nan,1.0,1.0,1.0,0.88889,0.0,0.0,0.0,0.0,0.0,0.0,0.0,0.0,0.0,0.0,0.0,0.0,0.0,0.0,0.0,0.0,0.0,0.0,0.0,0.0,0.0
12,875,5916,G,A,A,nan,False,0.00869,0.007636,nan,0.0,0.0,0.0,0.11111,0.007638373,0.007638227,0.007637996,0.00763763,0.00763705,0.007636129,0.007634668,0.007632353,0.007628702,0.007622896,0.007613687,0.007599082,0.007575928,0.007539416,0.007481353,0.007389272,0.007243224,0.007011684,0.006646562999999999,0.006065932,0.005145116
13,879,5920,C,T,T,nan,False,-0.005737,-0.005457,nan,0.0,0.0,0.11111,0.0,-0.005457531,-0.0054574919999999996,-0.0054574310000000004,-0.005457333,-0.0054571789999999995,-0.0054569349999999996,-0.005456546,-0.005455931,-0.00545496,-0.005453416,-0.005450969,-0.005447086,-0.00544093,-0.005431224,-0.0054157879999999995,-0.005391308,-0.005352482,-0.005290927,-0.005193861,-0.0050395019999999995,-0.004794706
13,879,5920,T,T,T,nan,False,0.0,0.0,nan,1.0,1.0,0.88889,1.0,0.0,0.0,0.0,0.0,0.0,0.0,0.0,0.0,0.0,0.0,0.0,0.0,0.0,0.0,0.0,0.0,0.0,0.0,0.0,0.0,0.0
14,964,6005,C,C,C,nan,False,0.0,0.0,nan,1.0,1.0,1.0,0.88889,0.0,0.0,0.0,0.0,0.0,0.0,0.0,0.0,0.0,0.0,0.0,0.0,0.0,0.0,0.0,0.0,0.0,0.0,0.0,0.0,0.0
14,964,6005,T,C,C,nan,False,0.019318,0.025694,nan,0.0,0.0,0.0,0.11111,0.025680889999999998,0.02568177,0.025683169999999998,0.025685390000000002,0.02568889,0.02569447,0.02570331,0.02571733,0.02573943,0.02577457,0.025830310000000002,0.025918709999999998,0.026058869999999998,0.02627987,0.02663133,0.0271887,0.02807273,0.02947425,0.03168431,0.03519887,0.040772569999999994
15,994,6035,C,C,C,nan,False,0.0,0.0,nan,1.0,1.0,0.88889,1.0,0.0,0.0,0.0,0.0,0.0,0.0,0.0,0.0,0.0,0.0,0.0,0.0,0.0,0.0,0.0,0.0,0.0,0.0,0.0,0.0,0.0
15,994,6035,T,C,C,nan,False,0.006964,0.001728,nan,0.0,0.0,0.11111,0.0,0.0017391200999999998,0.0017383942,0.0017372434,0.0017354286,0.0017325425999999999,0.0017279658,0.0017207067,0.0017091984,0.0016910506000000001,0.001662191,0.0016164232000000001,0.001543832,0.0014287482000000002,0.0012472702,0.0009586757,0.0005009968,-0.00022491563000000001,-0.0013757524,-0.003190534,-0.006076478,-0.010653267000000001
16,1115,6156,A,A,A,nan,False,0.0,0.0,nan,1.0,1.0,0.88889,1.0,0.0,0.0,0.0,0.0,0.0,0.0,0.0,0.0,0.0,0.0,0.0,0.0,0.0,0.0,0.0,0.0,0.0,0.0,0.0,0.0,0.0
16,1115,6156,G,A,A,nan,False,0.005976,-0.000543,nan,0.0,0.0,0.11111,0.0,-0.0005293979999999999,-0.0005303018,-0.0005317346000000001,-0.0005339940000000001,-0.0005375872,-0.0005432856,-0.0005523236,-0.0005666522,-0.0005892472000000001,-0.000625179,-0.0006821626,-0.0007725428,-0.0009158286,-0.0011417794,-0.001501096,-0.002070932,-0.002974735,-0.004407593,-0.0066671000000000005,-0.010260266,-0.015958632
17,1130,6171,A,G,G,nan,False,0.005802,-0.000718,nan,0.0,0.0,0.11111,0.0,-0.0007036480000000001,-0.0007045517999999999,-0.0007059846,-0.000708244,-0.0007118372,-0.0007175356,-0.0007265736,-0.0007409022,-0.0007634972,-0.0007994289999999999,-0.0008564126,-0.0009467928,-0.0010900786,-0.0013160294,-0.001675346,-0.002245183,-0.003148985,-0.004581843,-0.006841349,-0.010434516000000001,-0.016132882
17,1130,6171,G,G,G,nan,False,0.0,0.0,nan,1.0,1.0,0.88889,1.0,0.0,0.0,0.0,0.0,0.0,0.0,0.0,0.0,0.0,0.0,0.0,0.0,0.0,0.0,0.0,0.0,0.0,0.0,0.0,0.0,0.0
18,1368,6400,A,A,A,nan,False,0.0,0.0,nan,1.0,1.0,1.0,0.88889,0.0,0.0,0.0,0.0,0.0,0.0,0.0,0.0,0.0,0.0,0.0,0.0,0.0,0.0,0.0,0.0,0.0,0.0,0.0,0.0,0.0
18,1368,6400,G,A,A,nan,False,0.012602,0.009897,nan,0.0,0.0,0.0,0.11111,0.00990306,0.009902685000000001,0.00990209,0.009901153,0.009899662,0.009897297,0.009893546,0.009887601,0.009878225000000001,0.009863314,0.009839668,0.009802164,0.009742706,0.009648944,0.009499842,0.009263381000000001,0.008888336,0.008293754,0.007356143,0.005865113,0.0035005039999999998
19,1475,6507,A,A,A,nan,False,0.0,0.0,nan,1.0,1.0,0.88889,1.0,0.0,0.0,0.0,0.0,0.0,0.0,0.0,0.0,0.0,0.0,0.0,0.0,0.0,0.0,0.0,0.0,0.0,0.0,0.0,0.0,0.0
19,1475,6507,T,A,A,nan,False,-0.00293,-0.006401,nan,0.0,0.0,0.11111,0.0,-0.006393434,-0.0063939159999999995,-0.006394678,-0.006395882,-0.006397796,-0.00640083,-0.006405642,-0.006413271999999999,-0.006425302,-0.006444434000000001,-0.006474776,-0.0065229,-0.006599195,-0.006719506,-0.006910828,-0.0072142460000000005,-0.007695488,-0.008458434,-0.00966154,-0.011574773,-0.014608948
20,1573,6605,C,C,T,nan,False,0.0,0.0,nan,1.0,1.0,1.0,0.88889,0.0,0.0,0.0,0.0,0.0,0.0,0.0,0.0,0.0,0.0,0.0,0.0,0.0,0.0,0.0,0.0,0.0,0.0,0.0,0.0,0.0
20,1573,6605,T,C,T,nan,False,0.008556,0.007503,nan,0.0,0.0,0.0,0.11111,0.007504956,0.00750481,0.007504579,0.007504214,0.007503633,0.007502712,0.007501252,0.007498936,0.007495285,0.007489479,0.007480271,0.007465666,0.007442512,0.007406,0.0073479370000000006,0.007255855,0.007109807,0.006878267,0.006513146,0.005932516,0.005011699
21,1627,6659,C,C,C,nan,False,0.0,0.0,nan,1.0,1.0,1.0,0.88889,0.0,0.0,0.0,0.0,0.0,0.0,0.0,0.0,0.0,0.0,0.0,0.0,0.0,0.0,0.0,0.0,0.0,0.0,0.0,0.0,0.0
21,1627,6659,T,C,C,nan,False,0.008556,0.007503,nan,0.0,0.0,0.0,0.11111,0.007504956,0.00750481,0.007504579,0.007504214,0.007503633,0.007502712,0.007501252,0.007498936,0.007495285,0.007489479,0.007480271,0.007465666,0.007442512,0.007406,0.0073479370000000006,0.007255855,0.007109807,0.006878267,0.006513146,0.005932516,0.005011699
22,1698,6730,C,C,T,nan,False,0.0,0.0,nan,1.0,1.0,1.0,0.88889,0.0,0.0,0.0,0.0,0.0,0.0,0.0,0.0,0.0,0.0,0.0,0.0,0.0,0.0,0.0,0.0,0.0,0.0,0.0,0.0,0.0
22,1698,6730,T,C,T,nan,False,0.019318,0.025694,nan,0.0,0.0,0.0,0.11111,0.025680889999999998,0.02568177,0.025683169999999998,0.025685390000000002,0.02568889,0.02569447,0.02570331,0.02571733,0.02573943,0.02577457,0.025830310000000002,0.025918709999999998,0.026058869999999998,0.02627987,0.02663133,0.0271887,0.02807273,0.02947425,0.03168431,0.03519887,0.040772569999999994
23,1765,6782o,C,C,-,nan,False,0.0,0.0,nan,1.0,1.0,1.0,0.88889,0.0,0.0,0.0,0.0,0.0,0.0,0.0,0.0,0.0,0.0,0.0,0.0,0.0,0.0,0.0,0.0,0.0,0.0,0.0,0.0,0.0
23,1765,6782o,T,C,-,nan,False,0.010129,0.009791,nan,0.0,0.0,0.0,0.11111,0.009791711,0.009791663999999999,0.00979159,0.009791473,0.009791287,0.009790990999999999,0.009790522,0.009789779,0.009788607,0.009786744,0.009783788000000002,0.009779101,0.00977167,0.009759951,0.009741315,0.009711761,0.009664886000000001,0.009590571999999999,0.009473385,0.009287029,0.008991489
24,1773,6790,A,G,C,nan,False,0.002753,-0.003447,nan,0.0,0.0,0.11111,0.0,-0.003433778,-0.0034346380000000003,-0.003436001,-0.0034381489999999997,-0.003441567,-0.003446986,-0.003455581,-0.0034692079999999997,-0.0034906959999999997,-0.003524867,-0.0035790600000000002,-0.003665013,-0.0038012790000000003,-0.004016162,-0.004357877,-0.0048998,-0.0057593290000000005,-0.007121997,-0.009270819999999999,-0.012687973,-0.018107199
24,1773,6790,G,G,C,nan,False,0.0,0.0,nan,1.0,1.0,0.88889,1.0,0.0,0.0,0.0,0.0,0.0,0.0,0.0,0.0,0.0,0.0,0.0,0.0,0.0,0.0,0.0,0.0,0.0,0.0,0.0,0.0,0.0
25,1844,6861,-,A,A,nan,False,0.007072,0.006628,nan,0.0,0.0,0.0,0.11111,0.006628996,0.006628934,0.006628837,0.006628683,0.006628438,0.006628050999999999,0.0066274360000000004,0.006626461,0.006624924,0.0066224790000000006,0.006618602,0.0066124519999999996,0.006602702,0.006587328999999999,0.00656288,0.006524108,0.006462613000000001,0.00636512,0.006211381,0.005966898,0.005579176
25,1844,6861,A,A,A,nan,False,0.0,0.0,nan,1.0,1.0,1.0,0.88889,0.0,0.0,0.0,0.0,0.0,0.0,0.0,0.0,0.0,0.0,0.0,0.0,0.0,0.0,0.0,0.0,0.0,0.0,0.0,0.0,0.0
26,1845,6862,-,T,T,nan,False,0.007002,0.006559,nan,0.0,0.0,0.0,0.11111,0.006559463,0.006559401,0.006559303,0.006559149,0.006558905,0.006558517,0.006557903,0.006556927,0.006555391,0.006552945,0.006549069,0.0065429189999999995,0.006533169,0.006517795,0.006493347,0.006454575,0.006393079,0.006295587,0.006141847,0.005897365,0.005509643
26,1845,6862,T,T,T,nan,False,0.0,0.0,nan,1.0,1.0,1.0,0.88889,0.0,0.0,0.0,0.0,0.0,0.0,0.0,0.0,0.0,0.0,0.0,0.0,0.0,0.0,0.0,0.0,0.0,0.0,0.0,0.0,0.0
27,1846,6863,-,T,T,nan,False,0.007002,0.006559,nan,0.0,0.0,0.0,0.11111,0.006559463,0.006559401,0.006559303,0.006559149,0.006558905,0.006558517,0.006557903,0.006556927,0.006555391,0.006552945,0.006549069,0.0065429189999999995,0.006533169,0.006517795,0.006493347,0.006454575,0.006393079,0.006295587,0.006141847,0.005897365,0.005509643
27,1846,6863,T,T,T,nan,False,0.0,0.0,nan,1.0,1.0,1.0,0.88889,0.0,0.0,0.0,0.0,0.0,0.0,0.0,0.0,0.0,0.0,0.0,0.0,0.0,0.0,0.0,0.0,0.0,0.0,0.0,0.0,0.0
28,1847,6864,-,C,C,nan,False,0.00699,0.006546,nan,0.0,0.0,0.0,0.11111,0.006547046,0.0065469840000000005,0.0065468869999999995,0.006546733000000001,0.006546488,0.006546101,0.006545486,0.006544510999999999,0.006542974,0.006540529,0.0065366520000000004,0.006530502,0.006520752,0.006505379,0.00648093,0.006442158,0.006380663,0.00628317,0.006129430999999999,0.005884948,0.005497226
28,1847,6864,C,C,C,nan,False,0.0,0.0,nan,1.0,1.0,1.0,0.88889,0.0,0.0,0.0,0.0,0.0,0.0,0.0,0.0,0.0,0.0,0.0,0.0,0.0,0.0,0.0,0.0,0.0,0.0,0.0,0.0,0.0
29,1848,6865,-,C,C,nan,False,0.00699,0.006546,nan,0.0,0.0,0.0,0.11111,0.006547046,0.0065469840000000005,0.0065468869999999995,0.006546733000000001,0.006546488,0.006546101,0.006545486,0.006544510999999999,0.006542974,0.006540529,0.0065366520000000004,0.006530502,0.006520752,0.006505379,0.00648093,0.006442158,0.006380663,0.00628317,0.006129430999999999,0.005884948,0.005497226
29,1848,6865,C,C,C,nan,False,0.0,0.0,nan,1.0,1.0,1.0,0.88889,0.0,0.0,0.0,0.0,0.0,0.0,0.0,0.0,0.0,0.0,0.0,0.0,0.0,0.0,0.0,0.0,0.0,0.0,0.0,0.0,0.0
30,1849,6866,-,T,C,nan,False,0.007002,0.006559,nan,0.0,0.0,0.0,0.11111,0.006559463,0.006559401,0.006559303,0.006559149,0.006558905,0.006558517,0.006557903,0.006556927,0.006555391,0.006552945,0.006549069,0.0065429189999999995,0.006533169,0.006517795,0.006493347,0.006454575,0.006393079,0.006295587,0.006141847,0.005897365,0.005509643
30,1849,6866,T,T,C,nan,False,0.0,0.0,nan,1.0,1.0,1.0,0.88889,0.0,0.0,0.0,0.0,0.0,0.0,0.0,0.0,0.0,0.0,0.0,0.0,0.0,0.0,0.0,0.0,0.0,0.0,0.0,0.0,0.0
31,1879,6896,A,G,G,nan,False,-0.007281,-0.010572,nan,0.0,0.0,0.11111,0.0,-0.01056476,-0.010565215999999999,-0.010565939,-0.01056708,-0.010568893999999999,-0.010571770000000001,-0.010576332,-0.010583565,-0.010594969,-0.010613106,-0.010641869,-0.010687489,-0.010759814,-0.010873865,-0.011055233,-0.011342863,-0.011799065000000001,-0.012522311,-0.013662816000000001,-0.015476497,-0.018352794999999998
31,1879,6896,G,G,G,nan,False,0.0,0.0,nan,1.0,1.0,0.88889,1.0,0.0,0.0,0.0,0.0,0.0,0.0,0.0,0.0,0.0,0.0,0.0,0.0,0.0,0.0,0.0,0.0,0.0,0.0,0.0,0.0,0.0
32,1883,6900,C,C,C,nan,False,0.0,0.0,nan,1.0,1.0,1.0,0.88889,0.0,0.0,0.0,0.0,0.0,0.0,0.0,0.0,0.0,0.0,0.0,0.0,0.0,0.0,0.0,0.0,0.0,0.0,0.0,0.0,0.0
32,1883,6900,T,C,C,nan,False,0.010129,0.009791,nan,0.0,0.0,0.0,0.11111,0.009791711,0.009791663999999999,0.00979159,0.009791473,0.009791287,0.009790990999999999,0.009790522,0.009789779,0.009788607,0.009786744,0.009783788000000002,0.009779101,0.00977167,0.009759951,0.009741315,0.009711761,0.009664886000000001,0.009590571999999999,0.009473385,0.009287029,0.008991489
33,1888,6905,A,G,G,nan,False,0.005802,-0.000718,nan,0.0,0.0,0.11111,0.0,-0.0007036480000000001,-0.0007045517999999999,-0.0007059846,-0.000708244,-0.0007118372,-0.0007175356,-0.0007265736,-0.0007409022,-0.0007634972,-0.0007994289999999999,-0.0008564126,-0.0009467928,-0.0010900786,-0.0013160294,-0.001675346,-0.002245183,-0.003148985,-0.004581843,-0.006841349,-0.010434516000000001,-0.016132882
33,1888,6905,G,G,G,nan,False,0.0,0.0,nan,1.0,1.0,0.88889,1.0,0.0,0.0,0.0,0.0,0.0,0.0,0.0,0.0,0.0,0.0,0.0,0.0,0.0,0.0,0.0,0.0,0.0,0.0,0.0,0.0,0.0
34,1901,6918,A,A,A,nan,False,0.0,0.0,nan,1.0,1.0,0.88889,0.88889,0.0,0.0,0.0,0.0,0.0,0.0,0.0,0.0,0.0,0.0,0.0,0.0,0.0,0.0,0.0,0.0,0.0,0.0,0.0,0.0,0.0
34,1901,6918,G,A,A,nan,False,0.004179,0.000264,nan,0.0,0.0,0.11111,0.11111,0.0002727649,0.0002722223,0.0002713619,0.0002700049,0.0002678473,0.0002644253,0.0002589979,0.0002503935,0.0002368251,0.0002152479,0.00018102902,0.0001267552,4.071136e-05,-9.497316e-05,-0.00031074469999999997,-0.0006529343,-0.0011956725,-0.0020561110000000002,-0.003412956,-0.005570671,-0.008992568
35,1956,6973,A,G,G,nan,False,0.00321,0.002225,nan,0.0,0.0,0.11111,0.0,0.002226665,0.002226528,0.002226311,0.00222597,0.0022254270000000003,0.002224566,0.002223201,0.0022210349999999997,0.0022176210000000003,0.0022121909999999996,0.002203581,0.002189924,0.002168273,0.0021341299999999997,0.0020798350000000004,0.0019937289999999996,0.001857158,0.0016406436,0.001299217,0.0007562656,-0.00010479542999999999
35,1956,6973,G,G,G,nan,False,0.0,0.0,nan,1.0,1.0,0.88889,1.0,0.0,0.0,0.0,0.0,0.0,0.0,0.0,0.0,0.0,0.0,0.0,0.0,0.0,0.0,0.0,0.0,0.0,0.0,0.0,0.0,0.0
36,1959,6976,-,T,T,nan,False,0.00335,0.002365,nan,0.0,0.0,0.11111,0.0,0.002366947,0.002366811,0.002366595,0.002366253,0.002365711,0.002364849,0.002363483,0.002361319,0.002357904,0.002352475,0.002343864,0.002330207,0.002308555,0.002274413,0.002220117,0.002134011,0.0019974411,0.0017809266000000002,0.0014395000999999998,0.0008965487000000001,3.5487660000000006e-05
36,1959,6976,T,T,T,nan,False,0.0,0.0,nan,1.0,1.0,0.88889,1.0,0.0,0.0,0.0,0.0,0.0,0.0,0.0,0.0,0.0,0.0,0.0,0.0,0.0,0.0,0.0,0.0,0.0,0.0,0.0,0.0,0.0
37,1960,6977,-,T,T,nan,False,0.00335,0.002365,nan,0.0,0.0,0.11111,0.0,0.002366947,0.002366811,0.002366595,0.002366253,0.002365711,0.002364849,0.002363483,0.002361319,0.002357904,0.002352475,0.002343864,0.002330207,0.002308555,0.002274413,0.002220117,0.002134011,0.0019974411,0.0017809266000000002,0.0014395000999999998,0.0008965487000000001,3.5487660000000006e-05
37,1960,6977,T,T,T,nan,False,0.0,0.0,nan,1.0,1.0,0.88889,1.0,0.0,0.0,0.0,0.0,0.0,0.0,0.0,0.0,0.0,0.0,0.0,0.0,0.0,0.0,0.0,0.0,0.0,0.0,0.0,0.0,0.0
38,1961,6978,A,A,A,nan,False,0.0,0.0,nan,1.0,1.0,0.88889,1.0,0.0,0.0,0.0,0.0,0.0,0.0,0.0,0.0,0.0,0.0,0.0,0.0,0.0,0.0,0.0,0.0,0.0,0.0,0.0,0.0,0.0
38,1961,6978,T,A,A,nan,False,0.00342,0.002435,nan,0.0,0.0,0.11111,0.0,0.002437238,0.002437102,0.0024368840000000003,0.0024365439999999997,0.002436,0.0024351399999999997,0.0024337739999999997,0.002431608,0.002428194,0.002422764,0.002414154,0.002400498,0.002378846,0.002344704,0.002290408,0.002204302,0.002067732,0.0018512169,0.0015097904000000001,0.0009668389,0.00010577791000000001
39,1962,6979,A,G,G,nan,False,0.00321,0.002225,nan,0.0,0.0,0.11111,0.0,0.002226665,0.002226528,0.002226311,0.00222597,0.0022254270000000003,0.002224566,0.002223201,0.0022210349999999997,0.0022176210000000003,0.0022121909999999996,0.002203581,0.002189924,0.002168273,0.0021341299999999997,0.0020798350000000004,0.0019937289999999996,0.001857158,0.0016406436,0.001299217,0.0007562656,-0.00010479542999999999
39,1962,6979,G,G,G,nan,False,0.0,0.0,nan,1.0,1.0,0.88889,1.0,0.0,0.0,0.0,0.0,0.0,0.0,0.0,0.0,0.0,0.0,0.0,0.0,0.0,0.0,0.0,0.0,0.0,0.0,0.0,0.0,0.0
40,1964,6981,C,C,C,nan,False,0.0,0.0,nan,1.0,1.0,0.88889,1.0,0.0,0.0,0.0,0.0,0.0,0.0,0.0,0.0,0.0,0.0,0.0,0.0,0.0,0.0,0.0,0.0,0.0,0.0,0.0,0.0,0.0
40,1964,6981,G,C,C,nan,False,0.003342,0.002356,nan,0.0,0.0,0.11111,0.0,0.002358595,0.002358458,0.002358242,0.002357901,0.002357358,0.002356497,0.002355131,0.002352966,0.002349552,0.002344122,0.002335512,0.002321854,0.002300203,0.00226606,0.002211765,0.0021256594000000004,0.0019890881,0.0017725740999999999,0.0014311476,0.0008881961,2.7135129999999992e-05
41,1975,6992,A,A,A,nan,False,0.0,0.0,nan,1.0,1.0,0.88889,1.0,0.0,0.0,0.0,0.0,0.0,0.0,0.0,0.0,0.0,0.0,0.0,0.0,0.0,0.0,0.0,0.0,0.0,0.0,0.0,0.0,0.0
41,1975,6992,C,A,A,nan,False,0.00342,0.002435,nan,0.0,0.0,0.11111,0.0,0.002437121,0.002436984,0.002436768,0.002436426,0.002435883,0.0024350220000000002,0.002433656,0.002431492,0.002428077,0.002422648,0.002414037,0.00240038,0.002378728,0.002344586,0.002290291,0.002204185,0.002067614,0.0018510996,0.0015096732,0.0009667217,0.00010566069
42,1981,6998,A,A,A,nan,False,0.0,0.0,nan,1.0,1.0,0.77778,1.0,0.0,0.0,0.0,0.0,0.0,0.0,0.0,0.0,0.0,0.0,0.0,0.0,0.0,0.0,0.0,0.0,0.0,0.0,0.0,0.0,0.0
42,1981,6998,C,A,A,nan,False,-0.002106,-0.002811,nan,0.0,0.0,0.22222,0.0,-0.002809883,-0.00280998,-0.002810135,-0.002810379,-0.002810768,-0.002811384,-0.002812361,-0.002813911,-0.002816355,-0.0028202410000000002,-0.002826403,-0.002836178,-0.0028516740000000002,-0.00287611,-0.002914969,-0.002976595,-0.003074339,-0.0032293,-0.00347366,-0.003862253,-0.004478517
43,1982,6999,C,C,C,nan,False,0.0,0.0,nan,1.0,1.0,0.77778,1.0,0.0,0.0,0.0,0.0,0.0,0.0,0.0,0.0,0.0,0.0,0.0,0.0,0.0,0.0,0.0,0.0,0.0,0.0,0.0,0.0,0.0
43,1982,6999,T,C,C,nan,False,-0.002264,-0.002969,nan,0.0,0.0,0.22222,0.0,-0.0029674209999999996,-0.002967519,-0.002967674,-0.002967918,-0.002968307,-0.002968923,-0.0029699,-0.00297145,-0.0029738940000000004,-0.00297778,-0.002983942,-0.002993717,-0.003009213,-0.0030336490000000002,-0.003072508,-0.0031341340000000002,-0.0032318779999999997,-0.003386839,-0.003631199,-0.0040197919999999995,-0.0046360559999999995
44,1983,7000,G,T,T,nan,False,-0.002189,-0.002894,nan,0.0,0.0,0.22222,0.0,-0.002892203,-0.0028923,-0.002892455,-0.002892699,-0.0028930880000000003,-0.002893704,-0.002894681,-0.002896231,-0.002898675,-0.002902561,-0.002908723,-0.0029184980000000003,-0.0029339939999999997,-0.0029584299999999997,-0.002997289,-0.0030589149999999997,-0.003156659,-0.0033116200000000004,-0.0035559800000000003,-0.003944573,-0.004560837
44,1983,7000,T,T,T,nan,False,0.0,0.0,nan,1.0,1.0,0.77778,1.0,0.0,0.0,0.0,0.0,0.0,0.0,0.0,0.0,0.0,0.0,0.0,0.0,0.0,0.0,0.0,0.0,0.0,0.0,0.0,0.0,0.0
45,1984,7001,C,G,G,nan,False,-0.002184,-0.002889,nan,0.0,0.0,0.22222,0.0,-0.002887883,-0.002887981,-0.002888137,-0.0028883809999999998,-0.0028887690000000002,-0.002889385,-0.002890363,-0.002891913,-0.002894356,-0.002898241,-0.002904405,-0.0029141790000000002,-0.002929675,-0.0029541109999999997,-0.002992971,-0.003054597,-0.003152341,-0.003307301,-0.0035516610000000002,-0.0039402529999999995,-0.004556519
45,1984,7001,G,G,G,nan,False,0.0,0.0,nan,1.0,1.0,0.77778,1.0,0.0,0.0,0.0,0.0,0.0,0.0,0.0,0.0,0.0,0.0,0.0,0.0,0.0,0.0,0.0,0.0,0.0,0.0,0.0,0.0,0.0
46,1985,7002,C,C,C,nan,False,0.0,0.0,nan,1.0,1.0,0.77778,1.0,0.0,0.0,0.0,0.0,0.0,0.0,0.0,0.0,0.0,0.0,0.0,0.0,0.0,0.0,0.0,0.0,0.0,0.0,0.0,0.0,0.0
46,1985,7002,T,C,C,nan,False,-0.002264,-0.002969,nan,0.0,0.0,0.22222,0.0,-0.0029674209999999996,-0.002967519,-0.002967674,-0.002967918,-0.002968307,-0.002968923,-0.0029699,-0.00297145,-0.0029738940000000004,-0.00297778,-0.002983942,-0.002993717,-0.003009213,-0.0030336490000000002,-0.003072508,-0.0031341340000000002,-0.0032318779999999997,-0.003386839,-0.003631199,-0.0040197919999999995,-0.0046360559999999995
47,1986,7003,G,T,T,nan,False,-0.002189,-0.002894,nan,0.0,0.0,0.22222,0.0,-0.002892203,-0.0028923,-0.002892455,-0.002892699,-0.0028930880000000003,-0.002893704,-0.002894681,-0.002896231,-0.002898675,-0.002902561,-0.002908723,-0.0029184980000000003,-0.0029339939999999997,-0.0029584299999999997,-0.002997289,-0.0030589149999999997,-0.003156659,-0.0033116200000000004,-0.0035559800000000003,-0.003944573,-0.004560837
47,1986,7003,T,T,T,nan,False,0.0,0.0,nan,1.0,1.0,0.77778,1.0,0.0,0.0,0.0,0.0,0.0,0.0,0.0,0.0,0.0,0.0,0.0,0.0,0.0,0.0,0.0,0.0,0.0,0.0,0.0,0.0,0.0
48,1987,7004,G,G,G,nan,False,0.0,0.0,nan,1.0,1.0,0.77778,1.0,0.0,0.0,0.0,0.0,0.0,0.0,0.0,0.0,0.0,0.0,0.0,0.0,0.0,0.0,0.0,0.0,0.0,0.0,0.0,0.0,0.0
48,1987,7004,T,G,G,nan,False,-0.002198,-0.002903,nan,0.0,0.0,0.22222,0.0,-0.002901552,-0.00290165,-0.002901805,-0.00290205,-0.002902438,-0.002903054,-0.002904032,-0.002905581,-0.002908025,-0.002911911,-0.002918074,-0.002927848,-0.002943344,-0.00296778,-0.003006639,-0.003068266,-0.00316601,-0.00332097,-0.00356533,-0.003953922,-0.004570187
49,1989,7006,-,T,T,nan,False,-0.002183,-0.002888,nan,0.0,0.0,0.22222,0.0,-0.00288647,-0.002886568,-0.002886722,-0.002886967,-0.0028873559999999998,-0.002887972,-0.002888949,-0.0028904990000000004,-0.002892942,-0.0028968279999999997,-0.0029029909999999997,-0.002912766,-0.002928262,-0.002952698,-0.0029915560000000002,-0.003053183,-0.003150927,-0.003305888,-0.0035502479999999998,-0.00393884,-0.004555105
49,1989,7006,T,T,T,nan,False,0.0,0.0,nan,1.0,1.0,0.77778,1.0,0.0,0.0,0.0,0.0,0.0,0.0,0.0,0.0,0.0,0.0,0.0,0.0,0.0,0.0,0.0,0.0,0.0,0.0,0.0,0.0,0.0
50,1990,7007,-,A,A,nan,False,-0.002119,-0.002824,nan,0.0,0.0,0.22222,0.0,-0.002822256,-0.002822354,-0.002822509,-0.0028227540000000002,-0.002823142,-0.002823758,-0.002824736,-0.002826286,-0.002828729,-0.002832615,-0.002838778,-0.002848552,-0.002864048,-0.002888484,-0.002927343,-0.0029889699999999996,-0.003086714,-0.003241674,-0.003486034,-0.0038746270000000003,-0.004490892
50,1990,7007,A,A,A,nan,False,0.0,0.0,nan,1.0,1.0,0.77778,1.0,0.0,0.0,0.0,0.0,0.0,0.0,0.0,0.0,0.0,0.0,0.0,0.0,0.0,0.0,0.0,0.0,0.0,0.0,0.0,0.0,0.0
51,2084,7101,A,A,G,nan,False,0.0,0.0,nan,1.0,1.0,1.0,0.88889,0.0,0.0,0.0,0.0,0.0,0.0,0.0,0.0,0.0,0.0,0.0,0.0,0.0,0.0,0.0,0.0,0.0,0.0,0.0,0.0,0.0
51,2084,7101,C,A,G,nan,False,0.008004,0.006425,nan,0.0,0.0,0.0,0.11111,0.006428827999999999,0.006428609,0.006428263,0.006427716,0.006426846,0.0064254659999999995,0.006423277999999999,0.006419809,0.006414339,0.006405640000000001,0.006391844000000001,0.006369963,0.006335273,0.006280571,0.006193581,0.0060556229999999996,0.005836813,0.005489918,0.004942892,0.004072988,0.0026934150000000002
52,2131,7148,G,T,T,nan,False,0.008642,0.007588,nan,0.0,0.0,0.0,0.11111,0.007590562,0.007590416,0.007590184,0.007589818999999999,0.007589238999999999,0.007588318,0.007586857000000001,0.007584542,0.007580890999999999,0.007575084,0.007565876,0.007551271,0.007528117,0.007491605,0.007433542,0.0073414610000000005,0.0071954129999999995,0.006963873000000001,0.006598752,0.0060181209999999995,0.005097305
52,2131,7148,T,T,T,nan,False,0.0,0.0,nan,1.0,1.0,1.0,0.88889,0.0,0.0,0.0,0.0,0.0,0.0,0.0,0.0,0.0,0.0,0.0,0.0,0.0,0.0,0.0,0.0,0.0,0.0,0.0,0.0,0.0
53,2214,7228,A,G,G,nan,False,0.006855,0.006412,nan,0.0,0.0,0.0,0.11111,0.006412664,0.006412602999999999,0.006412505000000001,0.006412352,0.006412107,0.006411719,0.006411105,0.0064101290000000005,0.006408591999999999,0.006406147,0.00640227,0.006396120999999999,0.006386371,0.006370997,0.006346549,0.0063077770000000005,0.006246280999999999,0.0061487880000000005,0.0059950490000000006,0.005750567,0.005362845
53,2214,7228,G,G,G,nan,False,0.0,0.0,nan,1.0,1.0,1.0,0.88889,0.0,0.0,0.0,0.0,0.0,0.0,0.0,0.0,0.0,0.0,0.0,0.0,0.0,0.0,0.0,0.0,0.0,0.0,0.0,0.0,0.0
54,2241,7255,A,A,A,nan,False,0.0,0.0,nan,1.0,0.83333,1.0,1.0,0.0,0.0,0.0,0.0,0.0,0.0,0.0,0.0,0.0,0.0,0.0,0.0,0.0,0.0,0.0,0.0,0.0,0.0,0.0,0.0,0.0
54,2241,7255,T,A,A,nan,False,-0.001403,-0.0109,nan,0.0,0.16667,0.0,0.0,-0.010880029999999999,-0.010881346,-0.010883434,-0.010886724,-0.01089196,-0.010900259999999998,-0.010913428,-0.010934302,-0.010967218,-0.011019563999999999,-0.011102577999999998,-0.011234244000000001,-0.011442985999999999,-0.011772152000000001,-0.012295608,-0.013125752000000001,-0.014442420000000001,-0.01652982,-0.01982149,-0.02505605,-0.033357479999999995
55,2388,7402,A,G,G,nan,False,0.019277,0.025654,nan,0.0,0.0,0.0,0.11111,0.02564005,0.02564094,0.02564234,0.025644550000000002,0.025648070000000002,0.02565364,0.02566248,0.02567649,0.02569859,0.025733739999999998,0.02578948,0.02587788,0.02601803,0.026239039999999998,0.02659049,0.02714787,0.02803189,0.02943341,0.031643489999999996,0.035158049999999996,0.04073175
55,2388,7402,G,G,G,nan,False,0.0,0.0,nan,1.0,1.0,1.0,0.88889,0.0,0.0,0.0,0.0,0.0,0.0,0.0,0.0,0.0,0.0,0.0,0.0,0.0,0.0,0.0,0.0,0.0,0.0,0.0,0.0,0.0
56,2423,7437,A,G,A,nan,False,0.007856,0.006277,nan,0.0,0.0,0.0,0.11111,0.006280750999999999,0.006280533,0.006280186,0.006279639,0.006278769,0.0062773889999999995,0.006275200999999999,0.006271732,0.006266262,0.006257563,0.006243767,0.006221885999999999,0.006187197,0.0061324940000000005,0.006045503000000001,0.005907546,0.005688736,0.005341841,0.004794815,0.003924911,0.0025453380000000003
56,2423,7437,G,G,A,nan,False,0.0,0.0,nan,1.0,1.0,1.0,0.88889,0.0,0.0,0.0,0.0,0.0,0.0,0.0,0.0,0.0,0.0,0.0,0.0,0.0,0.0,0.0,0.0,0.0,0.0,0.0,0.0,0.0
57,2595,7609,A,G,A,nan,False,0.006855,0.006412,nan,0.0,0.0,0.0,0.11111,0.006412664,0.006412602999999999,0.006412505000000001,0.006412352,0.006412107,0.006411719,0.006411105,0.0064101290000000005,0.006408591999999999,0.006406147,0.00640227,0.006396120999999999,0.006386371,0.006370997,0.006346549,0.0063077770000000005,0.006246280999999999,0.0061487880000000005,0.0059950490000000006,0.005750567,0.005362845
57,2595,7609,G,G,A,nan,False,0.0,0.0,nan,1.0,1.0,1.0,0.88889,0.0,0.0,0.0,0.0,0.0,0.0,0.0,0.0,0.0,0.0,0.0,0.0,0.0,0.0,0.0,0.0,0.0,0.0,0.0,0.0,0.0
58,2741,7755,A,A,A,nan,False,0.0,0.0,nan,1.0,0.83333,1.0,1.0,0.0,0.0,0.0,0.0,0.0,0.0,0.0,0.0,0.0,0.0,0.0,0.0,0.0,0.0,0.0,0.0,0.0,0.0,0.0,0.0,0.0
58,2741,7755,G,A,A,nan,False,0.006265,0.012575,nan,0.0,0.16667,0.0,0.0,0.012561484,0.012562358,0.012563746,0.012565932,0.01256941,0.012574926,0.012583672,0.012597542,0.01261941,0.012654188,0.01270934,0.012796816,0.012935498,0.013154188,0.013501958,0.014053481999999999,0.014928242,0.016315056,0.018501956,0.021979659999999998,0.02749491
59,2790,7804,A,G,G,nan,False,0.006091,0.012401,nan,0.0,0.16667,0.0,0.0,0.012387233000000001,0.012388109,0.012389495,0.012391683,0.012395161,0.012400675,0.012409423,0.012423291,0.012445161,0.012479937,0.012535089,0.012622564999999999,0.012761247,0.012979937,0.013327707000000001,0.013879233,0.014753993,0.016140807,0.018327707,0.02180541,0.02732067
59,2790,7804,G,G,G,nan,False,0.0,0.0,nan,1.0,0.83333,1.0,1.0,0.0,0.0,0.0,0.0,0.0,0.0,0.0,0.0,0.0,0.0,0.0,0.0,0.0,0.0,0.0,0.0,0.0,0.0,0.0,0.0,0.0
60,2966,7980,C,T,T,ERYLRDQQL,True,0.027222,0.004003,0.08540438,0.0,0.16667,0.33333,0.33333,0.004052858,0.00404964,0.004044536,0.00403649,0.004023692,0.004003396,0.003971206,0.0039201719999999995,0.003839696,0.0037117219999999998,0.003508766,0.003186864,0.00267653,0.001871775,0.0005920173999999999,-0.0014375368,-0.004656558,-0.009759885999999999,-0.017807442,-0.03060502,-0.05090056
60,2966,7980,T,T,T,ERYLRDQQL,False,0.0,0.0,nan,1.0,0.83333,0.66667,0.66667,0.0,0.0,0.0,0.0,0.0,0.0,0.0,0.0,0.0,0.0,0.0,0.0,0.0,0.0,0.0,0.0,0.0,0.0,0.0,0.0,0.0
61,2972,7986,A,A,A,ERYLRDQQL,False,0.0,0.0,nan,1.0,0.83333,0.77778,0.88889,0.0,0.0,0.0,0.0,0.0,0.0,0.0,0.0,0.0,0.0,0.0,0.0,0.0,0.0,0.0,0.0,0.0,0.0,0.0,0.0,0.0
61,2972,7986,G,A,A,ERYLRDQQL,True,0.021665,-0.010883,0.08540438,0.0,0.16667,0.22222,0.11111,-0.010814005000000002,-0.010818517,-0.010825670999999999,-0.010836952,-0.010854890999999998,-0.010883341000000001,-0.010928467,-0.011000005,-0.011112815000000002,-0.011292212,-0.011576715000000001,-0.012027959000000001,-0.012743343,-0.013871451,-0.015665417,-0.018510448999999998,-0.023022880000000003,-0.03017673,-0.0414578,-0.05939746,-0.08784778
62,2973,7987,A,G,A,ERYLRDQQL,True,0.037607,0.023642,0.08540438,0.0,0.0,0.11111,0.33333,0.02367201,0.02367009,0.02366701,0.02366217,0.02365447,0.02364227,0.02362291,0.02359221,0.02354381,0.023466840000000003,0.02334477,0.02315117,0.02284423,0.02236021,0.02159049,0.020369810000000002,0.018433730000000002,0.015364329,0.010524117999999999,0.002827003,-0.009379769999999999
62,2973,7987,G,G,A,ERYLRDQQL,False,0.0,0.0,nan,1.0,1.0,0.88889,0.66667,0.0,0.0,0.0,0.0,0.0,0.0,0.0,0.0,0.0,0.0,0.0,0.0,0.0,0.0,0.0,0.0,0.0,0.0,0.0,0.0,0.0
63,2974,7988,C,G,G,ERYLRDQQL,True,0.010219,-0.000215,0.08540438,0.0,0.0,0.22222,0.11111,-0.00019251887000000002,-0.00019396544,-0.00019625869,-0.00019987507,-0.00020562591000000002,-0.00021474624,-0.00022921164,-0.00025214453,-0.00028830808000000004,-0.00034581689,-0.00043701950000000003,-0.0005816736,-0.0008110033,-0.0011726383999999999,-0.0017477265,-0.002659753,-0.0041062930000000004,-0.00639959,-0.010015941,-0.015766823,-0.02488709
63,2974,7988,G,G,G,ERYLRDQQL,False,0.0,0.0,nan,1.0,1.0,0.77778,0.88889,0.0,0.0,0.0,0.0,0.0,0.0,0.0,0.0,0.0,0.0,0.0,0.0,0.0,0.0,0.0,0.0,0.0,0.0,0.0,0.0,0.0
64,3043,8057,C,T,T,nan,False,0.019348,0.025724,nan,0.0,0.0,0.0,0.11111,0.02571064,0.02571152,0.02571292,0.02571514,0.025718650000000003,0.02572422,0.025733060000000002,0.02574708,0.02576918,0.02580432,0.02586006,0.02594846,0.02608862,0.02630962,0.02666108,0.027218449999999998,0.02810248,0.02950399,0.03171406,0.03522862,0.04080233
64,3043,8057,T,T,T,nan,False,0.0,0.0,nan,1.0,1.0,1.0,0.88889,0.0,0.0,0.0,0.0,0.0,0.0,0.0,0.0,0.0,0.0,0.0,0.0,0.0,0.0,0.0,0.0,0.0,0.0,0.0,0.0,0.0
65,3098,8112,A,G,G,nan,False,0.010088,0.00975,nan,0.0,0.0,0.0,0.11111,0.009750878000000001,0.009750831,0.009750757,0.00975064,0.009750453,0.009750158,0.009749688999999999,0.009748946,0.009747774,0.009745911,0.009742955000000001,0.009738267,0.009730836,0.009719117,0.009700482,0.009670928,0.009624053,0.009549739,0.009432552,0.009246196,0.008950655
65,3098,8112,G,G,G,nan,False,0.0,0.0,nan,1.0,1.0,1.0,0.88889,0.0,0.0,0.0,0.0,0.0,0.0,0.0,0.0,0.0,0.0,0.0,0.0,0.0,0.0,0.0,0.0,0.0,0.0,0.0,0.0,0.0
66,3357,8371,C,C,C,nan,False,0.0,0.0,nan,1.0,0.83333,1.0,1.0,0.0,0.0,0.0,0.0,0.0,0.0,0.0,0.0,0.0,0.0,0.0,0.0,0.0,0.0,0.0,0.0,0.0,0.0,0.0,0.0,0.0
66,3357,8371,T,C,C,nan,False,-0.001573,-0.01107,nan,0.0,0.16667,0.0,0.0,-0.011049653999999999,-0.01105097,-0.011053058000000001,-0.01105635,-0.011061584,-0.011069886000000001,-0.011083052,-0.011103926,-0.011136844,-0.011189188,-0.011272204000000001,-0.01140387,-0.011612609999999999,-0.011941778,-0.012465232,-0.013295376000000001,-0.014612044000000001,-0.016699446,-0.019991115,-0.02522567,-0.03352711
67,3369,8383,A,G,G,nan,False,0.006921,0.001686,nan,0.0,0.0,0.11111,0.0,0.0016966834,0.0016959574999999998,0.0016948066,0.0016929919,0.001690106,0.0016855292,0.00167827,0.0016667615999999999,0.0016486138,0.0016197544,0.0015739866,0.0015013952,0.0013863116,0.0012048335,0.000916239,0.0004585601,-0.0002673524,-0.0014181890999999999,-0.00323297,-0.006118915,-0.010695704
67,3369,8383,G,G,G,nan,False,0.0,0.0,nan,1.0,1.0,0.88889,1.0,0.0,0.0,0.0,0.0,0.0,0.0,0.0,0.0,0.0,0.0,0.0,0.0,0.0,0.0,0.0,0.0,0.0,0.0,0.0,0.0,0.0
68,3437,8451,G,G,G,nan,False,0.0,0.0,nan,1.0,1.0,0.88889,1.0,0.0,0.0,0.0,0.0,0.0,0.0,0.0,0.0,0.0,0.0,0.0,0.0,0.0,0.0,0.0,0.0,0.0,0.0,0.0,0.0,0.0
68,3437,8451,T,G,G,nan,False,-0.007166,-0.010456,nan,0.0,0.0,0.11111,0.0,-0.010449439,-0.010449895,-0.010450618,-0.010451759,-0.010453572000000001,-0.010456449,-0.010461011,-0.010468243,-0.010479648000000001,-0.010497784999999999,-0.010526548,-0.010572168,-0.010644493,-0.010758544,-0.010939912,-0.011227542,-0.011683743,-0.01240699,-0.013547495,-0.015361176,-0.018237474
69,3449,8463,A,G,C,nan,False,0.002996,0.002223,nan,0.0,0.0,0.11111,0.11111,0.002224264,0.002224157,0.002223987,0.002223719,0.002223292,0.002222616,0.0022215439999999998,0.002219844,0.0022171639999999998,0.0022129009999999998,0.002206141,0.0021954189999999997,0.00217842,0.002151615,0.0021089869999999997,0.0020413849999999997,0.0019341636999999998,0.0017641781,0.0014961237,0.0010698519,0.00039383189999999996
69,3449,8463,G,G,C,nan,False,0.0,0.0,nan,1.0,1.0,0.88889,0.88889,0.0,0.0,0.0,0.0,0.0,0.0,0.0,0.0,0.0,0.0,0.0,0.0,0.0,0.0,0.0,0.0,0.0,0.0,0.0,0.0,0.0
70,3458,8472,A,G,A,nan,False,0.015935,0.012779,nan,0.0,0.0,0.0,0.22222,0.01278555,0.012785112,0.012784418,0.012783324,0.012781584,0.012778825,0.012774449,0.012767510999999999,0.01275657,0.012739172,0.012711581,0.012667819,0.012598439999999999,0.012489034,0.012315053999999999,0.012039139,0.011601518,0.010907730000000001,0.009813678,0.008073868,0.005314722
70,3458,8472,G,G,A,nan,False,0.0,0.0,nan,1.0,1.0,1.0,0.77778,0.0,0.0,0.0,0.0,0.0,0.0,0.0,0.0,0.0,0.0,0.0,0.0,0.0,0.0,0.0,0.0,0.0,0.0,0.0,0.0,0.0
71,3469,8483,A,A,A,nan,False,0.0,0.0,nan,1.0,1.0,1.0,0.88889,0.0,0.0,0.0,0.0,0.0,0.0,0.0,0.0,0.0,0.0,0.0,0.0,0.0,0.0,0.0,0.0,0.0,0.0,0.0,0.0,0.0
71,3469,8483,T,A,A,nan,False,0.00873,0.007677,nan,0.0,0.0,0.0,0.11111,0.00767889,0.0076787439999999995,0.007678512,0.007678147,0.007677566,0.0076766460000000005,0.0076751860000000005,0.00767287,0.007669218,0.007663412,0.0076542039999999995,0.0076396,0.007616446000000001,0.007579934,0.00752187,0.007429788,0.00728374,0.0070522,0.00668708,0.006106448,0.005185632
72,3566,8580,A,G,G,nan,False,-0.001615,-0.011112,nan,0.0,0.16667,0.0,0.0,-0.011091679,-0.011092995,-0.011095083,-0.011098375,-0.011103609,-0.011111911,-0.011125077,-0.011145951000000001,-0.011178869000000001,-0.011231213,-0.011314229,-0.011445895000000001,-0.011654635,-0.011983803000000001,-0.012507257,-0.013337401,-0.014654069,-0.016741471,-0.020033139999999998,-0.0252677,-0.03356913
72,3566,8580,G,G,G,nan,False,0.0,0.0,nan,1.0,0.83333,1.0,1.0,0.0,0.0,0.0,0.0,0.0,0.0,0.0,0.0,0.0,0.0,0.0,0.0,0.0,0.0,0.0,0.0,0.0,0.0,0.0,0.0,0.0
73,3613,8627,A,G,G,nan,False,0.008729,0.007001,nan,0.0,0.0,0.0,0.11111,0.007004701,0.0070044619999999995,0.007004082,0.007003483,0.007002530999999999,0.00700102,0.006998625,0.006994827,0.0069888369999999995,0.006979313,0.006964209,0.006940252,0.0069022730000000004,0.006842381,0.006747139,0.006596096,0.00635653,0.0059767299999999995,0.0053778160000000005,0.004425395,0.002914962
73,3613,8627,G,G,G,nan,False,0.0,0.0,nan,1.0,1.0,1.0,0.88889,0.0,0.0,0.0,0.0,0.0,0.0,0.0,0.0,0.0,0.0,0.0,0.0,0.0,0.0,0.0,0.0,0.0,0.0,0.0,0.0,0.0
74,3694,8708,A,G,G,nan,False,0.008515,0.007462,nan,0.0,0.0,0.0,0.11111,0.007464123,0.007463977,0.007463745,0.00746338,0.0074628,0.007461878999999999,0.007460418999999999,0.007458103000000001,0.007454452,0.007448645,0.007439437,0.0074248330000000005,0.0074016789999999996,0.007365167000000001,0.0073071030000000006,0.007215022,0.007068973,0.006837434,0.006472313,0.0058916820000000005,0.004970866
74,3694,8708,G,G,G,nan,False,0.0,0.0,nan,1.0,1.0,1.0,0.88889,0.0,0.0,0.0,0.0,0.0,0.0,0.0,0.0,0.0,0.0,0.0,0.0,0.0,0.0,0.0,0.0,0.0,0.0,0.0,0.0,0.0
75,3716,8730,C,T,G,nan,False,0.028468,0.018326,nan,0.0,0.0,0.0,0.22222,0.018347337,0.018345931000000003,0.018343702,0.018340187,0.018334596,0.01832573,0.018311669000000003,0.018289376,0.018254222,0.018198318999999998,0.018109661,0.017969045,0.017746116,0.017394574,0.016835538,0.015948968,0.014542802,0.012313515,0.0087981,0.0032077330000000004,-0.005657971
75,3716,8730,G,T,G,nan,False,0.024583,0.010947,nan,0.0,0.0,0.33333,0.11111,0.01097622,0.010974330000000001,0.010971333,0.010966607,0.010959091,0.010947173,0.010928269000000001,0.010898299,0.010851037999999999,0.010775883,0.010656694,0.010467653,0.0101679522,0.0096953482,0.0089437926,0.0077519084,0.0058614917,0.0028644899999999995,-0.001861551,-0.009377109,-0.021295955
75,3716,8730,T,T,G,nan,False,0.0,0.0,nan,1.0,1.0,0.66667,0.66667,0.0,0.0,0.0,0.0,0.0,0.0,0.0,0.0,0.0,0.0,0.0,0.0,0.0,0.0,0.0,0.0,0.0,0.0,0.0,0.0,0.0
76,3717,8731,C,T,C,nan,False,0.008586,0.007532,nan,0.0,0.0,0.0,0.11111,0.007534706,0.00753456,0.007534328999999999,0.007533964000000001,0.007533382999999999,0.007532462,0.007531002,0.007528686,0.007525034999999999,0.0075192290000000005,0.007510021,0.0074954159999999995,0.007472262,0.00743575,0.007377687,0.0072856050000000006,0.0071395569999999995,0.006908017000000001,0.0065428959999999994,0.005962265,0.005041449
76,3717,8731,T,T,C,nan,False,0.0,0.0,nan,1.0,1.0,1.0,0.88889,0.0,0.0,0.0,0.0,0.0,0.0,0.0,0.0,0.0,0.0,0.0,0.0,0.0,0.0,0.0,0.0,0.0,0.0,0.0,0.0,0.0
77,3719,8733,A,A,T,nan,False,0.0,0.0,nan,1.0,1.0,1.0,0.88889,0.0,0.0,0.0,0.0,0.0,0.0,0.0,0.0,0.0,0.0,0.0,0.0,0.0,0.0,0.0,0.0,0.0,0.0,0.0,0.0,0.0
77,3719,8733,C,A,T,nan,False,0.013041,0.009709,nan,0.0,0.0,0.0,0.11111,0.009716598,0.009716136,0.009715404,0.009714249000000001,0.009712413,0.0097095,0.009704880999999999,0.009697556999999999,0.009686008999999999,0.009667643,0.009638518,0.009592324,0.009519089000000001,0.009403603,0.009219951,0.008928701,0.008466755999999999,0.007734405,0.006579543,0.004743031,0.0018305262
78,3721,8735,G,T,T,nan,False,0.017356,0.008735,nan,0.0,0.0,0.11111,0.0,0.008753234,0.008752039,0.008750144,0.008747155,0.008742404,0.008734868,0.008722915000000001,0.008703966,0.008674084,0.008626565,0.008551205,0.008431679000000001,0.008242184999999999,0.007943368999999999,0.007468178,0.006714578,0.005519313,0.0036243810000000003,0.000636218,-0.0041156890000000005,-0.01165169
78,3721,8735,T,T,T,nan,False,0.0,0.0,nan,1.0,1.0,0.88889,1.0,0.0,0.0,0.0,0.0,0.0,0.0,0.0,0.0,0.0,0.0,0.0,0.0,0.0,0.0,0.0,0.0,0.0,0.0,0.0,0.0,0.0
79,3725,8739,A,G,G,nan,False,0.009964,-0.001472,nan,0.0,0.0,0.22222,0.0,-0.0014472363999999999,-0.0014488219,-0.0014513352999999999,-0.0014552989000000001,-0.0014616021,-0.0014715981,-0.0014874525,-0.0015125874999999999,-0.0015522236,-0.0016152545000000002,-0.0017152146999999999,-0.0018737589,-0.002125109,-0.00252147,-0.003151779,-0.004151381,-0.005736823,-0.008250328000000001,-0.012213932,-0.018517028999999997,-0.028513049999999998
79,3725,8739,G,G,G,nan,False,0.0,0.0,nan,1.0,1.0,0.77778,1.0,0.0,0.0,0.0,0.0,0.0,0.0,0.0,0.0,0.0,0.0,0.0,0.0,0.0,0.0,0.0,0.0,0.0,0.0,0.0,0.0,0.0
80,3728,8742,A,G,A,nan,False,0.03337,0.033241,nan,0.0,0.0,0.22222,0.44444,0.03324144,0.03324142,0.033241389999999996,0.03324135,0.03324128,0.03324117,0.03324099,0.03324071,0.03324026,0.03323955,0.03323843,0.03323664,0.03323381,0.033229350000000005,0.03322226,0.03321101,0.03319317,0.03316489,0.03312028,0.03304935,0.03293687
80,3728,8742,G,G,A,nan,False,0.0,0.0,nan,1.0,1.0,0.77778,0.55556,0.0,0.0,0.0,0.0,0.0,0.0,0.0,0.0,0.0,0.0,0.0,0.0,0.0,0.0,0.0,0.0,0.0,0.0,0.0,0.0,0.0
81,3868,8870,C,C,C,nan,False,0.0,0.0,nan,1.0,1.0,0.88889,1.0,0.0,0.0,0.0,0.0,0.0,0.0,0.0,0.0,0.0,0.0,0.0,0.0,0.0,0.0,0.0,0.0,0.0,0.0,0.0,0.0,0.0
81,3868,8870,T,C,C,nan,False,0.002795,-0.003405,nan,0.0,0.0,0.11111,0.0,-0.0033913420000000003,-0.003392201,-0.003393564,-0.003395713,-0.00339913,-0.0034045489999999998,-0.003413144,-0.003426771,-0.003448259,-0.0034824310000000002,-0.003536623,-0.0036225759999999997,-0.003758843,-0.003973725,-0.00431544,-0.004857363,-0.0057168919999999995,-0.00707956,-0.009228384,-0.012645535999999999,-0.018064762999999998
82,3998,8997,C,T,T,nan,False,0.006926,0.006482,nan,0.0,0.0,0.0,0.11111,0.0064832480000000005,0.006483186,0.006483089,0.006482935,0.0064826910000000005,0.006482303,0.006481687999999999,0.006480713,0.006479175,0.0064767309999999995,0.006472853000000001,0.006466704,0.006456955,0.006441581,0.006417133,0.00637836,0.006316865,0.006219372,0.006065633,0.005821150000000001,0.0054334280000000006
82,3998,8997,T,T,T,nan,False,0.0,0.0,nan,1.0,1.0,1.0,0.88889,0.0,0.0,0.0,0.0,0.0,0.0,0.0,0.0,0.0,0.0,0.0,0.0,0.0,0.0,0.0,0.0,0.0,0.0,0.0,0.0,0.0
83,4111,9110,A,A,A,nan,False,0.0,0.0,nan,1.0,1.0,0.88889,0.66667,0.0,0.0,0.0,0.0,0.0,0.0,0.0,0.0,0.0,0.0,0.0,0.0,0.0,0.0,0.0,0.0,0.0,0.0,0.0,0.0,0.0
83,4111,9110,G,A,A,nan,False,0.025916,0.017568,nan,0.0,0.0,0.11111,0.33333,0.017585994,0.017584836,0.017583001,0.017580107999999997,0.017575505999999998,0.01756821,0.017556636,0.017538288,0.017509353999999998,0.017463342,0.017390373,0.017274638000000002,0.017091156,0.016801820000000002,0.016341703,0.015612009,0.014454660000000001,0.01261984,0.009726470000000001,0.005125304000000001,-0.002171635
84,4121,9120,G,T,T,nan,False,0.035837,0.024946,nan,0.0,0.0,0.22222,0.55556,0.02496951,0.024967999999999997,0.02496561,0.02496183,0.02495583,0.02494631,0.02493121,0.024907279999999997,0.02486953,0.024809499999999998,0.02471431,0.02456332,0.02432395,0.02394649,0.02334622,0.02239427,0.02088441,0.018490721,0.014716060999999999,0.008713431,-0.0008060768
84,4121,9120,T,T,T,nan,False,0.0,0.0,nan,1.0,1.0,0.77778,0.44444,0.0,0.0,0.0,0.0,0.0,0.0,0.0,0.0,0.0,0.0,0.0,0.0,0.0,0.0,0.0,0.0,0.0,0.0,0.0,0.0,0.0
85,4193,9192,-,G,G,nan,False,0.006985,0.006541,nan,0.0,0.0,0.0,0.11111,0.006542079,0.006542018,0.00654192,0.006541766,0.006541522,0.0065411340000000005,0.006540519,0.0065395439999999996,0.006538007,0.006535562,0.006531685000000001,0.006525535,0.006515786,0.0065004120000000006,0.006475964000000001,0.006437192,0.006375696,0.0062782029999999996,0.006124464,0.005879982000000001,0.0054922600000000005
85,4193,9192,G,G,G,nan,False,0.0,0.0,nan,1.0,1.0,1.0,0.88889,0.0,0.0,0.0,0.0,0.0,0.0,0.0,0.0,0.0,0.0,0.0,0.0,0.0,0.0,0.0,0.0,0.0,0.0,0.0,0.0,0.0
86,4341,9340,A,A,G,nan,False,0.0,0.0,nan,1.0,1.0,0.88889,1.0,0.0,0.0,0.0,0.0,0.0,0.0,0.0,0.0,0.0,0.0,0.0,0.0,0.0,0.0,0.0,0.0,0.0,0.0,0.0,0.0,0.0
86,4341,9340,C,A,G,nan,False,-0.007071,-0.010361,nan,0.0,0.0,0.11111,0.0,-0.010354304000000002,-0.010354760000000001,-0.010355484000000002,-0.010356623999999998,-0.010358438000000001,-0.010361314,-0.010365876,-0.010373107999999999,-0.010384514000000001,-0.01040265,-0.010431413,-0.010477034,-0.010549358,-0.010663408,-0.010844777,-0.011132406000000001,-0.011588608,-0.012311855,-0.01345236,-0.015266041000000001,-0.018142338
87,4484,9482,C,C,C,nan,False,0.0,0.0,nan,1.0,1.0,0.88889,0.88889,0.0,0.0,0.0,0.0,0.0,0.0,0.0,0.0,0.0,0.0,0.0,0.0,0.0,0.0,0.0,0.0,0.0,0.0,0.0,0.0,0.0
87,4484,9482,T,C,C,nan,False,0.003254,0.001806,nan,0.0,0.0,0.11111,0.11111,0.0018090123,0.0018088115,0.0018084933,0.0018079913,0.0018071933,0.0018059277,0.0018039203,0.0018007379,0.0017957193,0.0017877387,0.0017750823,0.0017550085,0.0017231839,0.0016729991,0.0015931929,0.0014666293,0.0012658899,0.0009476446999999999,0.00044579630000000003,-0.0003522649,-0.0016179017
88,4496,9494,A,G,G,nan,False,0.012828,0.009496,nan,0.0,0.0,0.0,0.11111,0.009502709,0.009502247,0.009501515,0.00950036,0.009498523,0.009495611000000001,0.009490992,0.009483668,0.009472119000000001,0.009453754,0.009424629,0.009378435000000001,0.0093052,0.009189713,0.009006062,0.008714811999999999,0.008252867,0.007520516,0.006365654,0.004529142,0.0016166374
88,4496,9494,G,G,G,nan,False,0.0,0.0,nan,1.0,1.0,1.0,0.88889,0.0,0.0,0.0,0.0,0.0,0.0,0.0,0.0,0.0,0.0,0.0,0.0,0.0,0.0,0.0,0.0,0.0,0.0,0.0,0.0,0.0
89,4534,9532,C,C,C,nan,False,0.0,0.0,nan,1.0,1.0,0.88889,1.0,0.0,0.0,0.0,0.0,0.0,0.0,0.0,0.0,0.0,0.0,0.0,0.0,0.0,0.0,0.0,0.0,0.0,0.0,0.0,0.0,0.0
89,4534,9532,T,C,C,nan,False,-0.007239,-0.010529,nan,0.0,0.0,0.11111,0.0,-0.010522324,-0.010522779999999999,-0.010523503,-0.010524643,-0.010526457,-0.010529333,-0.010533895,-0.010541128,-0.010552533,-0.01057067,-0.010599433,-0.010645053,-0.010717378,-0.010831428,-0.011012796,-0.011300425999999999,-0.011756628,-0.012479875,-0.013620380000000001,-0.01543406,-0.018310358
