polymorphic_index,alignment,HXB2_index,nucleotide,TF,epitope,escape,sc_old,sc_MPL,pc_MPL,f_at_0,f_at_14,f_at_28,f_at_70,f_at_183,f_at_434
0,0,5041,-,A,nan,False,0.000498,0.000404,nan,0.0,0.0,0.0,0.0,0.0,0.05
0,0,5041,A,A,nan,False,0.000000,0.000000,nan,1.0,1.0,1.0,1.0,1.0,0.95
1,1,5042,-,T,nan,False,0.000139,0.000045,nan,0.0,0.0,0.0,0.0,0.0,0.05
1,1,5042,T,T,nan,False,0.000000,0.000000,nan,1.0,1.0,1.0,1.0,1.0,0.95
2,2,5043,-,G,nan,False,0.000049,-0.000045,nan,0.0,0.0,0.0,0.0,0.0,0.05
2,2,5043,G,G,nan,False,0.000000,0.000000,nan,1.0,1.0,1.0,1.0,1.0,0.95
3,3,5044,-,G,nan,False,0.000049,-0.000045,nan,0.0,0.0,0.0,0.0,0.0,0.05
3,3,5044,G,G,nan,False,0.000000,0.000000,nan,1.0,1.0,1.0,1.0,1.0,0.95
4,4,5045,-,A,nan,False,0.000498,0.000404,nan,0.0,0.0,0.0,0.0,0.0,0.05
4,4,5045,A,A,nan,False,0.000000,0.000000,nan,1.0,1.0,1.0,1.0,1.0,0.95
5,5,5046,-,A,nan,False,0.000498,0.000404,nan,0.0,0.0,0.0,0.0,0.0,0.05
5,5,5046,A,A,nan,False,0.000000,0.000000,nan,1.0,1.0,1.0,1.0,1.0,0.95
6,6,5047,-,A,nan,False,0.000498,0.000404,nan,0.0,0.0,0.0,0.0,0.0,0.05
6,6,5047,A,A,nan,False,0.000000,0.000000,nan,1.0,1.0,1.0,1.0,1.0,0.95
7,7,5048,-,A,nan,False,0.000498,0.000404,nan,0.0,0.0,0.0,0.0,0.0,0.05
7,7,5048,A,A,nan,False,0.000000,0.000000,nan,1.0,1.0,1.0,1.0,1.0,0.95
8,8,5049,-,C,nan,False,0.000075,-0.000019,nan,0.0,0.0,0.0,0.0,0.0,0.05
8,8,5049,C,C,nan,False,0.000000,0.000000,nan,1.0,1.0,1.0,1.0,1.0,0.95
9,9,5050,-,A,nan,False,0.000498,0.000404,nan,0.0,0.0,0.0,0.0,0.0,0.05
9,9,5050,A,A,nan,False,0.000000,0.000000,nan,1.0,1.0,1.0,1.0,1.0,0.95
10,10,5051,-,G,nan,False,0.000049,-0.000045,nan,0.0,0.0,0.0,0.0,0.0,0.05
10,10,5051,G,G,nan,False,0.000000,0.000000,nan,1.0,1.0,1.0,1.0,1.0,0.95
11,11,5052,-,A,nan,False,0.000498,0.000404,nan,0.0,0.0,0.0,0.0,0.0,0.05
11,11,5052,A,A,nan,False,0.000000,0.000000,nan,1.0,1.0,1.0,1.0,1.0,0.95
12,12,5053,-,T,nan,False,0.000139,0.000045,nan,0.0,0.0,0.0,0.0,0.0,0.05
12,12,5053,T,T,nan,False,0.000000,0.000000,nan,1.0,1.0,1.0,1.0,1.0,0.95
13,13,5054,-,G,nan,False,0.000049,-0.000045,nan,0.0,0.0,0.0,0.0,0.0,0.05
13,13,5054,G,G,nan,False,0.000000,0.000000,nan,1.0,1.0,1.0,1.0,1.0,0.95
14,14,5055,-,G,nan,False,0.000049,-0.000045,nan,0.0,0.0,0.0,0.0,0.0,0.05
14,14,5055,G,G,nan,False,0.000000,0.000000,nan,1.0,1.0,1.0,1.0,1.0,0.95
15,15,5056,-,C,nan,False,0.000075,-0.000019,nan,0.0,0.0,0.0,0.0,0.0,0.05
15,15,5056,C,C,nan,False,0.000000,0.000000,nan,1.0,1.0,1.0,1.0,1.0,0.95
16,16,5057,-,A,nan,False,0.000498,0.000404,nan,0.0,0.0,0.0,0.0,0.0,0.05
16,16,5057,A,A,nan,False,0.000000,0.000000,nan,1.0,1.0,1.0,1.0,1.0,0.95
17,17,5058,-,G,nan,False,0.000049,-0.000045,nan,0.0,0.0,0.0,0.0,0.0,0.05
17,17,5058,G,G,nan,False,0.000000,0.000000,nan,1.0,1.0,1.0,1.0,1.0,0.95
18,18,5059,-,G,nan,False,0.000049,-0.000045,nan,0.0,0.0,0.0,0.0,0.0,0.05
18,18,5059,G,G,nan,False,0.000000,0.000000,nan,1.0,1.0,1.0,1.0,1.0,0.95
19,19,5060,-,T,nan,False,0.000139,0.000045,nan,0.0,0.0,0.0,0.0,0.0,0.05
19,19,5060,T,T,nan,False,0.000000,0.000000,nan,1.0,1.0,1.0,1.0,1.0,0.95
20,20,5061,-,G,nan,False,0.000049,-0.000045,nan,0.0,0.0,0.0,0.0,0.0,0.05
20,20,5061,G,G,nan,False,0.000000,0.000000,nan,1.0,1.0,1.0,1.0,1.0,0.95
21,21,5062,-,C,nan,False,0.000075,-0.000019,nan,0.0,0.0,0.0,0.0,0.0,0.05
21,21,5062,C,C,nan,False,0.000000,0.000000,nan,1.0,1.0,1.0,1.0,1.0,0.95
22,22,5063,-,T,nan,False,0.000139,0.000045,nan,0.0,0.0,0.0,0.0,0.0,0.05
22,22,5063,T,T,nan,False,0.000000,0.000000,nan,1.0,1.0,1.0,1.0,1.0,0.95
23,23,5064,-,G,nan,False,0.000049,-0.000045,nan,0.0,0.0,0.0,0.0,0.0,0.05
23,23,5064,G,G,nan,False,0.000000,0.000000,nan,1.0,1.0,1.0,1.0,1.0,0.95
24,24,5065,-,A,nan,False,0.000498,0.000404,nan,0.0,0.0,0.0,0.0,0.0,0.05
24,24,5065,A,A,nan,False,0.000000,0.000000,nan,1.0,1.0,1.0,1.0,1.0,0.95
25,25,5066,-,T,nan,False,0.000139,0.000045,nan,0.0,0.0,0.0,0.0,0.0,0.05
25,25,5066,T,T,nan,False,0.000000,0.000000,nan,1.0,1.0,1.0,1.0,1.0,0.95
26,26,5067,-,T,nan,False,0.000139,0.000045,nan,0.0,0.0,0.0,0.0,0.0,0.05
26,26,5067,T,T,nan,False,0.000000,0.000000,nan,1.0,1.0,1.0,1.0,1.0,0.95
27,27,5068,-,G,nan,False,0.000049,-0.000045,nan,0.0,0.0,0.0,0.0,0.0,0.05
27,27,5068,G,G,nan,False,0.000000,0.000000,nan,1.0,1.0,1.0,1.0,1.0,0.95
28,28,5069,-,T,nan,False,0.000139,0.000045,nan,0.0,0.0,0.0,0.0,0.0,0.05
28,28,5069,T,T,nan,False,0.000000,0.000000,nan,1.0,1.0,1.0,1.0,1.0,0.95
29,29,5070,-,G,nan,False,0.000049,-0.000045,nan,0.0,0.0,0.0,0.0,0.0,0.05
29,29,5070,G,G,nan,False,0.000000,0.000000,nan,1.0,1.0,1.0,1.0,1.0,0.95
30,30,5071,-,T,nan,False,0.000139,0.000045,nan,0.0,0.0,0.0,0.0,0.0,0.05
30,30,5071,T,T,nan,False,0.000000,0.000000,nan,1.0,1.0,1.0,1.0,1.0,0.95
31,31,5072,-,G,nan,False,0.000049,-0.000045,nan,0.0,0.0,0.0,0.0,0.0,0.05
31,31,5072,G,G,nan,False,0.000000,0.000000,nan,1.0,1.0,1.0,1.0,1.0,0.95
32,32,5073,-,G,nan,False,0.000049,-0.000045,nan,0.0,0.0,0.0,0.0,0.0,0.05
32,32,5073,G,G,nan,False,0.000000,0.000000,nan,1.0,1.0,1.0,1.0,1.0,0.95
33,33,5074,-,C,nan,False,0.000075,-0.000019,nan,0.0,0.0,0.0,0.0,0.0,0.05
33,33,5074,C,C,nan,False,0.000000,0.000000,nan,1.0,1.0,1.0,1.0,1.0,0.95
34,34,5075,-,A,nan,False,0.000498,0.000404,nan,0.0,0.0,0.0,0.0,0.0,0.05
34,34,5075,A,A,nan,False,0.000000,0.000000,nan,1.0,1.0,1.0,1.0,1.0,0.95
35,35,5076,-,G,nan,False,0.000049,-0.000045,nan,0.0,0.0,0.0,0.0,0.0,0.05
35,35,5076,G,G,nan,False,0.000000,0.000000,nan,1.0,1.0,1.0,1.0,1.0,0.95
36,36,5077,-,G,nan,False,0.000049,-0.000045,nan,0.0,0.0,0.0,0.0,0.0,0.05
36,36,5077,G,G,nan,False,0.000000,0.000000,nan,1.0,1.0,1.0,1.0,1.0,0.95
37,37,5078,-,T,nan,False,0.000139,0.000045,nan,0.0,0.0,0.0,0.0,0.0,0.05
37,37,5078,T,T,nan,False,0.000000,0.000000,nan,1.0,1.0,1.0,1.0,1.0,0.95
38,38,5079,-,A,nan,False,0.000498,0.000404,nan,0.0,0.0,0.0,0.0,0.0,0.05
38,38,5079,A,A,nan,False,0.000000,0.000000,nan,1.0,1.0,1.0,1.0,1.0,0.95
39,39,5080,-,G,nan,False,0.000049,-0.000045,nan,0.0,0.0,0.0,0.0,0.0,0.05
39,39,5080,G,G,nan,False,0.000000,0.000000,nan,1.0,1.0,1.0,1.0,1.0,0.95
40,40,5081,-,A,nan,False,0.000498,0.000404,nan,0.0,0.0,0.0,0.0,0.0,0.05
40,40,5081,A,A,nan,False,0.000000,0.000000,nan,1.0,1.0,1.0,1.0,1.0,0.95
41,41,5082,-,C,nan,False,0.000075,-0.000019,nan,0.0,0.0,0.0,0.0,0.0,0.05
41,41,5082,C,C,nan,False,0.000000,0.000000,nan,1.0,1.0,1.0,1.0,1.0,0.95
42,91,5132,C,C,nan,False,0.000000,0.000000,nan,1.0,1.0,1.0,1.0,1.0,0.95
42,91,5132,T,C,nan,False,-0.000422,-0.000516,nan,0.0,0.0,0.0,0.0,0.0,0.05
43,92,5133,G,T,nan,False,0.000163,-0.000941,nan,0.0,0.0,0.0,0.043478,0.0,0.0
43,92,5133,T,T,nan,False,0.000000,0.000000,nan,1.0,1.0,1.0,0.95652,1.0,1.0
44,97,5138,A,A,nan,False,0.000000,0.000000,nan,1.0,1.0,1.0,0.95652,1.0,1.0
44,97,5138,T,A,nan,False,0.000826,-0.001662,nan,0.0,0.0,0.0,0.043478,0.0,0.0
45,116,5157,G,T,nan,False,0.003520,0.000299,nan,0.0,0.0,0.0,0.043478,0.0,0.0
45,116,5157,T,T,nan,False,0.000000,0.000000,nan,1.0,1.0,1.0,0.95652,1.0,1.0
46,167,5208,C,C,nan,False,0.000000,0.000000,nan,1.0,1.0,1.0,1.0,1.0,0.95
46,167,5208,T,C,nan,False,-0.001292,-0.001166,nan,0.0,0.0,0.0,0.0,0.0,0.05
47,180,5221,A,G,nan,False,-0.001496,-0.001370,nan,0.0,0.0,0.0,0.0,0.0,0.05
47,180,5221,G,G,nan,False,0.000000,0.000000,nan,1.0,1.0,1.0,1.0,1.0,0.95
48,183,5224,A,G,nan,False,-0.001220,-0.001629,nan,0.0,0.0,0.0,0.0,0.0,0.05
48,183,5224,G,G,nan,False,0.000000,0.000000,nan,1.0,1.0,1.0,1.0,1.0,0.95
49,188,5229,A,A,nan,False,0.000000,0.000000,nan,1.0,1.0,1.0,1.0,1.0,0.95
49,188,5229,G,A,nan,False,-0.000090,-0.000383,nan,0.0,0.0,0.0,0.0,0.0,0.05
50,195,5236,A,A,nan,False,0.000000,0.000000,nan,1.0,1.0,0.9,1.0,1.0,1.0
50,195,5236,G,A,nan,False,0.035813,0.044639,nan,0.0,0.0,0.1,0.0,0.0,0.0
51,251,5292,A,A,nan,False,0.000000,0.000000,nan,1.0,1.0,1.0,0.95652,1.0,1.0
51,251,5292,G,A,nan,False,0.004780,0.000944,nan,0.0,0.0,0.0,0.043478,0.0,0.0
52,261,5302,A,G,nan,False,-0.001601,-0.001368,nan,0.0,0.0,0.0,0.0,0.0,0.05
52,261,5302,G,G,nan,False,0.000000,0.000000,nan,1.0,1.0,1.0,1.0,1.0,0.95
53,268,5309,A,G,nan,False,0.002164,0.003326,nan,0.0,0.0,0.0,0.043478,0.27273,0.1
53,268,5309,G,G,nan,False,0.000000,0.000000,nan,1.0,1.0,1.0,0.95652,0.72727,0.9
54,281,5322,C,T,nan,False,-0.002164,-0.001367,nan,0.0,0.0,0.0,0.0,0.0,0.05
54,281,5322,T,T,nan,False,0.000000,0.000000,nan,1.0,1.0,1.0,1.0,1.0,0.95
55,286,5327,C,C,nan,False,0.000000,0.000000,nan,1.0,1.0,1.0,1.0,1.0,0.9
55,286,5327,T,C,nan,False,-0.000947,-0.000737,nan,0.0,0.0,0.0,0.0,0.0,0.1
56,294,5335,A,G,nan,False,0.001154,0.000675,nan,0.0,0.0,0.0,0.0,0.090909,0.1
56,294,5335,G,G,nan,False,0.000000,0.000000,nan,1.0,1.0,1.0,1.0,0.90909,0.9
57,329,5370,C,C,nan,False,0.000000,0.000000,nan,1.0,1.0,1.0,1.0,1.0,0.9
57,329,5370,T,C,nan,False,-0.001598,-0.001405,nan,0.0,0.0,0.0,0.0,0.0,0.1
58,336,5377,A,G,nan,False,-0.001049,0.001530,nan,0.0,0.0,0.1,0.0,0.0,0.0
58,336,5377,G,G,nan,False,0.000000,0.000000,nan,1.0,1.0,0.9,1.0,1.0,1.0
59,372,5413,-,T,nan,False,0.000005,-0.000264,nan,0.0,0.0,0.0,0.0,0.0,0.05
59,372,5413,T,T,nan,False,0.000000,0.000000,nan,1.0,1.0,1.0,1.0,1.0,0.95
60,396,5437,G,T,nan,False,-0.001360,-0.003572,nan,0.0,0.027027,0.0,0.0,0.0,0.0
60,396,5437,T,T,nan,False,0.000000,0.000000,nan,1.0,0.97297,1.0,1.0,1.0,1.0
61,419,5460,C,C,nan,False,0.000000,0.000000,nan,1.0,1.0,1.0,0.95652,1.0,1.0
61,419,5460,T,C,nan,False,-0.001841,-0.001490,nan,0.0,0.0,0.0,0.043478,0.0,0.0
62,438,5479,C,T,nan,False,-0.000867,-0.001110,nan,0.0,0.0,0.0,0.0,0.0,0.05
62,438,5479,T,T,nan,False,0.000000,0.000000,nan,1.0,1.0,1.0,1.0,1.0,0.95
63,452,5493,A,A,nan,False,0.000000,0.000000,nan,1.0,1.0,1.0,1.0,1.0,0.95
63,452,5493,G,A,nan,False,-0.000797,-0.000836,nan,0.0,0.0,0.0,0.0,0.0,0.05
64,473,5514,A,G,nan,False,0.012269,0.015805,nan,0.0,0.0,0.1,0.0,0.0,0.0
64,473,5514,G,G,nan,False,0.000000,0.000000,nan,1.0,1.0,0.9,1.0,1.0,1.0
65,491,5532,C,T,nan,False,-0.000551,-0.000609,nan,0.0,0.0,0.0,0.0,0.0,0.05
65,491,5532,T,T,nan,False,0.000000,0.000000,nan,1.0,1.0,1.0,1.0,1.0,0.95
66,517,5558,G,G,nan,False,0.000000,0.000000,nan,1.0,0.97297,1.0,1.0,1.0,1.0
66,517,5558,T,G,nan,False,0.002037,0.002608,nan,0.0,0.027027,0.0,0.0,0.0,0.0
67,530,5571,C,C,nan,False,0.000000,0.000000,nan,1.0,1.0,1.0,1.0,1.0,0.95
67,530,5571,T,C,nan,False,-0.000247,-0.000283,nan,0.0,0.0,0.0,0.0,0.0,0.05
68,541,5582,G,G,nan,False,0.000000,0.000000,nan,1.0,1.0,1.0,1.0,1.0,0.95
68,541,5582,T,G,nan,False,-0.001085,-0.001123,nan,0.0,0.0,0.0,0.0,0.0,0.05
69,574,5615,A,A,nan,False,0.000000,0.000000,nan,1.0,1.0,1.0,1.0,1.0,0.95
69,574,5615,T,A,nan,False,0.000991,0.000404,nan,0.0,0.0,0.0,0.0,0.0,0.05
70,587,5628,G,G,nan,False,0.000000,0.000000,nan,1.0,1.0,0.9,1.0,1.0,1.0
70,587,5628,T,G,nan,False,0.020928,0.026060,nan,0.0,0.0,0.1,0.0,0.0,0.0
71,589,5630,A,G,nan,False,-0.000650,-0.000952,nan,0.0,0.0,0.0,0.0,0.0,0.1
71,589,5630,G,G,nan,False,0.000000,0.000000,nan,1.0,1.0,1.0,1.0,1.0,0.9
72,591,5632,A,A,nan,False,0.000000,0.000000,nan,1.0,1.0,1.0,1.0,1.0,0.95
72,591,5632,G,A,nan,False,-0.000090,-0.000383,nan,0.0,0.0,0.0,0.0,0.0,0.05
73,608,5649,A,G,nan,False,0.000675,-0.002269,nan,0.0,0.0,0.0,0.043478,0.0,0.0
73,608,5649,G,G,nan,False,0.000000,0.000000,nan,1.0,1.0,1.0,0.95652,1.0,1.0
74,673,5714,C,C,nan,False,0.000000,0.000000,nan,1.0,1.0,1.0,1.0,0.90909,1.0
74,673,5714,T,C,nan,False,0.001900,0.001525,nan,0.0,0.0,0.0,0.0,0.090909,0.0
75,683,5724,A,G,nan,False,-0.000160,-0.000405,nan,0.0,0.0,0.0,0.0,0.0,0.05
75,683,5724,G,G,nan,False,0.000000,0.000000,nan,1.0,1.0,1.0,1.0,1.0,0.95
76,685,5726,A,A,nan,False,0.000000,0.000000,nan,1.0,1.0,1.0,1.0,1.0,0.95
76,685,5726,G,A,nan,False,-0.000801,-0.001122,nan,0.0,0.0,0.0,0.0,0.0,0.05
77,712,5753,A,A,nan,False,0.000000,0.000000,nan,1.0,1.0,1.0,1.0,0.45455,1.0
77,712,5753,G,A,nan,False,0.009710,0.007936,nan,0.0,0.0,0.0,0.0,0.54545,0.0
78,752,5793,C,C,nan,False,0.000000,0.000000,nan,1.0,1.0,1.0,0.86957,0.72727,1.0
78,752,5793,T,C,nan,False,0.012648,0.003776,nan,0.0,0.0,0.0,0.13043,0.27273,0.0
79,755,5796,C,C,nan,False,0.000000,0.000000,nan,1.0,1.0,1.0,0.95652,1.0,1.0
79,755,5796,T,C,nan,False,0.009660,0.000495,nan,0.0,0.0,0.0,0.043478,0.0,0.0
80,766,5807,G,T,nan,False,0.000153,0.000029,nan,0.0,0.0,0.0,0.0,0.0,0.05
80,766,5807,T,T,nan,False,0.000000,0.000000,nan,1.0,1.0,1.0,1.0,1.0,0.95
81,768,5809,A,G,nan,False,0.006094,0.004878,nan,0.0,0.0,0.0,0.0,0.18182,0.05
81,768,5809,G,G,nan,False,0.000000,0.000000,nan,1.0,1.0,1.0,1.0,0.81818,0.95
82,778,5819,A,G,nan,False,-0.000489,-0.001594,nan,0.0,0.0,0.0,0.043478,0.0,0.0
82,778,5819,G,G,nan,False,0.000000,0.000000,nan,1.0,1.0,1.0,0.95652,1.0,1.0
83,780,5821,A,A,nan,False,0.000000,0.000000,nan,1.0,1.0,1.0,0.95652,1.0,1.0
83,780,5821,G,A,nan,False,0.003662,0.000441,nan,0.0,0.0,0.0,0.043478,0.0,0.0
84,784,5825,C,C,nan,False,0.000000,0.000000,nan,1.0,1.0,1.0,0.91304,1.0,1.0
84,784,5825,T,C,nan,False,0.006250,-0.000530,nan,0.0,0.0,0.0,0.086957,0.0,0.0
85,797,5838,C,C,nan,False,0.000000,0.000000,nan,1.0,1.0,1.0,0.91304,1.0,1.0
85,797,5838,T,C,nan,False,0.002152,-0.004325,nan,0.0,0.0,0.0,0.086957,0.0,0.0
86,861,5902,A,C,NCYCKMCSY,True,-0.000134,-0.000228,0.07565766,0.0,0.0,0.0,0.0,0.0,0.05
86,861,5902,C,C,NCYCKMCSY,False,0.000000,0.000000,nan,1.0,1.0,1.0,1.0,1.0,0.95
87,874,5915,A,A,NCYCKMCSY,False,0.000000,0.000000,nan,1.0,1.0,1.0,0.95652,0.0,0.0
87,874,5915,C,A,NCYCKMCSY,True,0.022107,0.018509,0.07565766,0.0,0.0,0.0,0.043478,1.0,1.0
88,875,5916,G,T,NCYCKMCSY,False,0.051900,0.024967,0.07565766,0.0,0.32432,0.7,1.0,1.0,1.0
88,875,5916,T,T,NCYCKMCSY,True,0.000000,0.000000,nan,1.0,0.67568,0.3,0.0,0.0,0.0
89,876,5917,G,G,NCYCKMCSY,False,0.000000,0.000000,nan,1.0,0.59459,0.3,0.0,0.0,0.0
89,876,5917,T,G,NCYCKMCSY,True,0.050045,0.016144,0.07565766,0.0,0.40541,0.7,1.0,1.0,1.0
90,892,5933,A,G,nan,False,0.001229,0.000773,nan,0.0,0.0,0.0,0.0,0.0,0.05
90,892,5933,G,G,nan,False,0.000000,0.000000,nan,1.0,1.0,1.0,1.0,1.0,0.0
90,892,5933,T,G,nan,False,0.003449,0.002976,nan,0.0,0.0,0.0,0.0,0.0,0.95
91,903,5944,C,C,nan,False,0.000000,0.000000,nan,1.0,1.0,1.0,0.82609,1.0,0.1
91,903,5944,T,C,nan,False,0.003954,-0.003623,nan,0.0,0.0,0.0,0.17391,0.0,0.9
92,956,5997,A,G,nan,False,-0.002881,-0.003678,nan,0.0,0.0,0.0,0.043478,0.0,0.0
92,956,5997,G,G,nan,False,0.000000,0.000000,nan,1.0,1.0,1.0,0.95652,1.0,1.0
93,960,6001,C,C,nan,False,0.000000,0.000000,nan,1.0,1.0,1.0,1.0,0.90909,1.0
93,960,6001,T,C,nan,False,-0.003700,-0.002486,nan,0.0,0.0,0.0,0.0,0.090909,0.0
94,1008,6049,A,A,nan,False,0.000000,0.000000,nan,1.0,1.0,1.0,1.0,1.0,0.95
94,1008,6049,G,A,nan,False,-0.000312,-0.000152,nan,0.0,0.0,0.0,0.0,0.0,0.05
95,1085,6107,C,C,nan,False,0.000000,0.000000,nan,1.0,1.0,1.0,1.0,0.90909,1.0
95,1085,6107,T,C,nan,False,-0.000336,-0.000423,nan,0.0,0.0,0.0,0.0,0.090909,0.0
96,1134,6156,A,G,nan,False,-0.000236,-0.000461,nan,0.0,0.0,0.0,0.0,0.090909,0.05
96,1134,6156,G,G,nan,False,0.000000,0.000000,nan,1.0,1.0,1.0,1.0,0.90909,0.95
97,1201,6223,C,T,nan,False,0.003342,0.000121,nan,0.0,0.0,0.0,0.043478,0.0,0.0
97,1201,6223,T,T,nan,False,0.000000,0.000000,nan,1.0,1.0,1.0,0.95652,1.0,1.0
98,1215,6237,A,G,nan,False,0.022409,0.000500,nan,0.0,0.0,0.0,0.43478,0.0,0.0
98,1215,6237,G,G,nan,False,0.000000,0.000000,nan,1.0,1.0,1.0,0.56522,1.0,1.0
99,1216,6238,A,A,nan,False,0.000000,0.000000,nan,1.0,1.0,1.0,0.65217,0.0,0.0
99,1216,6238,G,A,nan,False,0.030627,0.011783,nan,0.0,0.0,0.0,0.34783,1.0,1.0
100,1221,6239d,C,C,nan,False,0.000000,0.000000,nan,1.0,1.0,0.9,1.0,1.0,1.0
100,1221,6239d,T,C,nan,False,-0.000847,0.001732,nan,0.0,0.0,0.1,0.0,0.0,0.0
101,1222,6239e,A,G,nan,False,0.009190,-0.000017,nan,0.0,0.0,0.0,0.043478,0.0,0.05
101,1222,6239e,G,G,nan,False,0.000000,0.000000,nan,1.0,1.0,1.0,0.95652,1.0,0.95
102,1234,6247,C,T,nan,False,0.006402,-0.000378,nan,0.0,0.0,0.0,0.086957,0.0,0.0
102,1234,6247,T,T,nan,False,0.000000,0.000000,nan,1.0,1.0,1.0,0.91304,1.0,1.0
103,1236,6249,C,C,nan,False,0.000000,0.000000,nan,1.0,1.0,1.0,0.95652,1.0,1.0
103,1236,6249,T,C,nan,False,0.009660,0.000495,nan,0.0,0.0,0.0,0.043478,0.0,0.0
104,1279,6292,C,G,nan,False,-0.000239,-0.000321,nan,0.0,0.0,0.0,0.0,0.0,0.05
104,1279,6292,G,G,nan,False,0.000000,0.000000,nan,1.0,1.0,1.0,1.0,1.0,0.95
105,1292,6305,A,G,nan,False,-0.000293,0.000165,nan,0.0,0.0,0.0,0.0,0.090909,0.0
105,1292,6305,G,G,nan,False,0.000000,0.000000,nan,1.0,1.0,1.0,1.0,0.90909,1.0
106,1296,6309,A,A,nan,False,0.000000,0.000000,nan,1.0,1.0,1.0,0.95652,1.0,1.0
106,1296,6309,C,A,nan,False,0.001942,0.000708,nan,0.0,0.0,0.0,0.043478,0.0,0.0
107,1298,6311,G,T,nan,False,-0.000196,-0.001688,nan,0.0,0.0,0.0,0.043478,0.0,0.0
107,1298,6311,T,T,nan,False,0.000000,0.000000,nan,1.0,1.0,1.0,0.95652,1.0,1.0
108,1304,6317,A,G,nan,False,-0.001496,-0.001370,nan,0.0,0.0,0.0,0.0,0.0,0.05
108,1304,6317,G,G,nan,False,0.000000,0.000000,nan,1.0,1.0,1.0,1.0,1.0,0.95
109,1334,6347,A,G,nan,False,-0.005700,-0.006172,nan,0.0,0.027027,0.0,0.0,0.0,0.0
109,1334,6347,G,G,nan,False,0.000000,0.000000,nan,1.0,0.97297,1.0,1.0,1.0,1.0
110,1340,6353,G,T,nan,False,-0.000272,-0.000354,nan,0.0,0.0,0.0,0.0,0.0,0.05
110,1340,6353,T,T,nan,False,0.000000,0.000000,nan,1.0,1.0,1.0,1.0,1.0,0.95
111,1349,6362,A,A,nan,False,0.000000,0.000000,nan,1.0,1.0,1.0,1.0,1.0,0.95
111,1349,6362,G,A,nan,False,-0.000017,-0.000076,nan,0.0,0.0,0.0,0.0,0.0,0.05
112,1352,6365,A,A,nan,False,0.000000,0.000000,nan,1.0,1.0,1.0,1.0,1.0,0.85
112,1352,6365,C,A,nan,False,0.000165,-0.000319,nan,0.0,0.0,0.0,0.0,0.0,0.15
113,1413,6426,A,G,nan,False,-0.002521,-0.001724,nan,0.0,0.0,0.0,0.0,0.0,0.05
113,1413,6426,G,G,nan,False,0.000000,0.000000,nan,1.0,1.0,1.0,1.0,1.0,0.95
114,1440,6453,A,A,nan,False,0.000000,0.000000,nan,1.0,1.0,1.0,1.0,0.81818,1.0
114,1440,6453,G,A,nan,False,-0.001407,-0.001573,nan,0.0,0.0,0.0,0.0,0.18182,0.0
115,1493,6506,C,C,nan,False,0.000000,0.000000,nan,1.0,1.0,1.0,1.0,1.0,0.9
115,1493,6506,T,C,nan,False,0.000740,0.000581,nan,0.0,0.0,0.0,0.0,0.0,0.1
116,1500,6513,A,A,nan,False,0.000000,0.000000,nan,1.0,1.0,1.0,0.95652,1.0,1.0
116,1500,6513,G,A,nan,False,0.001726,0.000493,nan,0.0,0.0,0.0,0.043478,0.0,0.0
117,1502,6515,A,A,nan,False,0.000000,0.000000,nan,1.0,0.97297,1.0,1.0,1.0,1.0
117,1502,6515,G,A,nan,False,-0.001126,-0.003337,nan,0.0,0.027027,0.0,0.0,0.0,0.0
118,1513,6526,C,T,nan,False,-0.001140,-0.001014,nan,0.0,0.0,0.0,0.0,0.0,0.05
118,1513,6526,T,T,nan,False,0.000000,0.000000,nan,1.0,1.0,1.0,1.0,1.0,0.95
119,1515,6528,A,G,nan,False,-0.000160,-0.000405,nan,0.0,0.0,0.0,0.0,0.0,0.05
119,1515,6528,G,G,nan,False,0.000000,0.000000,nan,1.0,1.0,1.0,1.0,1.0,0.95
120,1603,6616,G,G,nan,False,0.000000,0.000000,nan,1.0,0.97297,1.0,1.0,1.0,1.0
120,1603,6616,T,G,nan,False,-0.005135,-0.005607,nan,0.0,0.027027,0.0,0.0,0.0,0.0
121,1609,6622,A,C,nan,False,-0.000414,-0.000472,nan,0.0,0.0,0.0,0.0,0.0,0.05
121,1609,6622,C,C,nan,False,0.000000,0.000000,nan,1.0,1.0,1.0,1.0,1.0,0.95
122,1614,6627,A,A,nan,False,0.000000,0.000000,nan,1.0,1.0,1.0,1.0,1.0,0.4
122,1614,6627,C,A,nan,False,-0.000139,0.000193,nan,0.0,0.0,0.0,0.0,0.0,0.6
123,1615,6628,A,T,nan,False,0.000140,0.000150,nan,0.0,0.0,0.0,0.0,0.0,0.65
123,1615,6628,G,T,nan,False,0.000088,0.000049,nan,0.0,0.0,0.0,0.0,0.0,0.05
123,1615,6628,T,T,nan,False,0.000000,0.000000,nan,1.0,1.0,1.0,1.0,1.0,0.3
124,1616,6629,A,T,nan,False,-0.000622,-0.000291,nan,0.0,0.0,0.0,0.0,0.0,0.6
124,1616,6629,T,T,nan,False,0.000000,0.000000,nan,1.0,1.0,1.0,1.0,1.0,0.4
125,1617,6630,-,G,nan,False,-0.000119,0.000037,nan,0.0,0.0,0.0,0.0,0.0,0.6
125,1617,6630,A,G,nan,False,-0.000398,-0.000437,nan,0.0,0.0,0.0,0.0,0.0,0.05
125,1617,6630,C,G,nan,False,0.000124,-0.000031,nan,0.0,0.0,0.0,0.0,0.0,0.05
125,1617,6630,G,G,nan,False,0.000000,0.000000,nan,1.0,1.0,1.0,1.0,1.0,0.3
126,1618,6631,-,C,nan,False,-0.000101,0.000055,nan,0.0,0.0,0.0,0.0,0.0,0.6
126,1618,6631,A,C,nan,False,0.000243,0.000059,nan,0.0,0.0,0.0,0.0,0.0,0.1
126,1618,6631,C,C,nan,False,0.000000,0.000000,nan,1.0,1.0,1.0,1.0,1.0,0.3
127,1619,6632,-,T,nan,False,-0.000332,-0.000146,nan,0.0,0.0,0.0,0.0,0.0,0.6
127,1619,6632,A,T,nan,False,-0.000196,-0.000323,nan,0.0,0.0,0.0,0.0,0.0,0.05
127,1619,6632,T,T,nan,False,0.000000,0.000000,nan,1.0,1.0,1.0,1.0,1.0,0.35
128,1620,6633,-,C,nan,False,0.000404,0.000385,nan,0.0,0.0,0.0,0.0,0.0,0.7
128,1620,6633,C,C,nan,False,0.000000,0.000000,nan,1.0,1.0,1.0,1.0,1.0,0.3
129,1621,6634,-,A,nan,False,0.001825,0.001637,nan,0.0,0.0,0.0,0.0,0.0,0.7
129,1621,6634,A,A,nan,False,0.000000,0.000000,nan,1.0,1.0,1.0,1.0,1.0,0.2
129,1621,6634,G,A,nan,False,0.001541,0.001315,nan,0.0,0.0,0.0,0.0,0.0,0.05
129,1621,6634,T,A,nan,False,0.001950,0.001649,nan,0.0,0.0,0.0,0.0,0.0,0.05
130,1622,6635,-,T,nan,False,0.000456,0.000437,nan,0.0,0.0,0.0,0.0,0.0,0.7
130,1622,6635,T,T,nan,False,0.000000,0.000000,nan,1.0,1.0,1.0,1.0,1.0,0.3
131,1623,6636,-,A,nan,False,0.001173,0.001107,nan,0.0,0.0,0.0,0.0,0.0,0.7
131,1623,6636,A,A,nan,False,0.000000,0.000000,nan,1.0,1.0,1.0,1.0,1.0,0.25
131,1623,6636,G,A,nan,False,0.000887,0.000784,nan,0.0,0.0,0.0,0.0,0.0,0.05
132,1624,6637,-,A,nan,False,0.001406,0.001265,nan,0.0,0.0,0.0,0.0,0.0,0.7
132,1624,6637,A,A,nan,False,0.000000,0.000000,nan,1.0,1.0,1.0,1.0,1.0,0.25
132,1624,6637,G,A,nan,False,0.001354,0.001100,nan,0.0,0.0,0.0,0.0,0.0,0.05
133,1625,6638,-,T,nan,False,0.001054,-0.000209,nan,0.0,0.0,0.0,0.0,0.0,0.7
133,1625,6638,C,T,nan,False,0.000800,-0.001697,nan,0.0,0.0,0.0,0.043478,0.0,0.0
133,1625,6638,T,T,nan,False,0.000000,0.000000,nan,1.0,1.0,1.0,0.95652,1.0,0.3
134,1626,6639,-,G,nan,False,0.000383,0.000364,nan,0.0,0.0,0.0,0.0,0.0,0.7
134,1626,6639,G,G,nan,False,0.000000,0.000000,nan,1.0,1.0,1.0,1.0,1.0,0.3
135,1627,6640,-,C,nan,False,-0.001608,-0.001847,nan,0.0,0.0,0.0,0.0,0.0,0.7
135,1627,6640,A,C,nan,False,-0.004299,-0.004748,nan,0.0,0.027027,0.0,0.0,0.0,0.0
135,1627,6640,C,C,nan,False,0.000000,0.000000,nan,1.0,0.97297,1.0,1.0,1.0,0.3
136,1628,6641,-,T,nan,False,0.000456,0.000437,nan,0.0,0.0,0.0,0.0,0.0,0.7
136,1628,6641,T,T,nan,False,0.000000,0.000000,nan,1.0,1.0,1.0,1.0,1.0,0.3
137,1629,6642,-,-,nan,False,0.000000,0.000000,nan,1.0,1.0,1.0,1.0,1.0,0.85
137,1629,6642,A,-,nan,False,0.000276,0.000283,nan,0.0,0.0,0.0,0.0,0.0,0.15
138,1630,6643,-,-,nan,False,0.000000,0.000000,nan,1.0,1.0,1.0,1.0,1.0,0.85
138,1630,6643,G,-,nan,False,0.000295,0.000302,nan,0.0,0.0,0.0,0.0,0.0,0.15
139,1631,6644,-,-,nan,False,0.000000,0.000000,nan,1.0,1.0,1.0,1.0,1.0,0.85
139,1631,6644,T,-,nan,False,0.000291,0.000298,nan,0.0,0.0,0.0,0.0,0.0,0.15
140,1632,6645,-,-,nan,False,0.000000,0.000000,nan,1.0,1.0,1.0,1.0,1.0,0.85
140,1632,6645,A,-,nan,False,0.000276,0.000283,nan,0.0,0.0,0.0,0.0,0.0,0.15
141,1633,6646,-,-,nan,False,0.000000,0.000000,nan,1.0,1.0,1.0,1.0,1.0,0.85
141,1633,6646,A,-,nan,False,0.000276,0.000283,nan,0.0,0.0,0.0,0.0,0.0,0.15
142,1634,6647,-,-,nan,False,0.000000,0.000000,nan,1.0,1.0,1.0,1.0,1.0,0.85
142,1634,6647,T,-,nan,False,0.000291,0.000298,nan,0.0,0.0,0.0,0.0,0.0,0.15
143,1644,6657,-,-,nan,False,0.000000,0.000000,nan,1.0,1.0,1.0,1.0,1.0,0.85
143,1644,6657,C,-,nan,False,0.000294,0.000301,nan,0.0,0.0,0.0,0.0,0.0,0.15
144,1645,6658,-,-,nan,False,0.000000,0.000000,nan,1.0,1.0,1.0,1.0,1.0,0.85
144,1645,6658,A,-,nan,False,0.000276,0.000283,nan,0.0,0.0,0.0,0.0,0.0,0.15
145,1646,6659,-,-,nan,False,0.000000,0.000000,nan,1.0,1.0,1.0,1.0,1.0,0.85
145,1646,6659,A,-,nan,False,0.000276,0.000283,nan,0.0,0.0,0.0,0.0,0.0,0.15
146,1647,6660,-,-,nan,False,0.000000,0.000000,nan,1.0,1.0,1.0,1.0,1.0,0.85
146,1647,6660,A,-,nan,False,0.000276,0.000283,nan,0.0,0.0,0.0,0.0,0.0,0.15
147,1648,6661,-,-,nan,False,0.000000,0.000000,nan,1.0,1.0,1.0,1.0,1.0,0.85
147,1648,6661,A,-,nan,False,0.000276,0.000283,nan,0.0,0.0,0.0,0.0,0.0,0.15
148,1649,6662,-,-,nan,False,0.000000,0.000000,nan,1.0,1.0,1.0,1.0,1.0,0.85
148,1649,6662,T,-,nan,False,0.000291,0.000298,nan,0.0,0.0,0.0,0.0,0.0,0.15
149,1650,6663,-,A,nan,False,-0.001265,-0.001504,nan,0.0,0.0,0.0,0.0,0.0,0.7
149,1650,6663,A,A,nan,False,0.000000,0.000000,nan,1.0,0.97297,1.0,1.0,1.0,0.3
149,1650,6663,G,A,nan,False,-0.003990,-0.004439,nan,0.0,0.027027,0.0,0.0,0.0,0.0
150,1651,6664,-,G,nan,False,0.000554,0.000538,nan,0.0,0.0,0.0,0.0,0.0,0.7
150,1651,6664,G,G,nan,False,0.000000,0.000000,nan,1.0,1.0,1.0,1.0,1.0,0.15
150,1651,6664,T,G,nan,False,0.000144,0.000142,nan,0.0,0.0,0.0,0.0,0.0,0.15
151,1652,6665,-,T,nan,False,0.000456,0.000437,nan,0.0,0.0,0.0,0.0,0.0,0.7
151,1652,6665,T,T,nan,False,0.000000,0.000000,nan,1.0,1.0,1.0,1.0,1.0,0.3
152,1653,6666,-,A,nan,False,0.000747,0.000728,nan,0.0,0.0,0.0,0.0,0.0,0.7
152,1653,6666,A,A,nan,False,0.000000,0.000000,nan,1.0,1.0,1.0,1.0,1.0,0.3
153,1654,6667,-,A,nan,False,0.000901,0.000886,nan,0.0,0.0,0.0,0.0,0.0,0.7
153,1654,6667,A,A,nan,False,0.000000,0.000000,nan,1.0,1.0,1.0,1.0,1.0,0.15
153,1654,6667,C,A,nan,False,0.000530,0.000528,nan,0.0,0.0,0.0,0.0,0.0,0.15
154,1655,6668,-,T,nan,False,0.000456,0.000437,nan,0.0,0.0,0.0,0.0,0.0,0.7
154,1655,6668,T,T,nan,False,0.000000,0.000000,nan,1.0,1.0,1.0,1.0,1.0,0.3
155,1656,6669,-,C,nan,False,0.000014,0.000057,nan,0.0,0.0,0.0,0.0,0.0,0.65
155,1656,6669,C,C,nan,False,0.000000,0.000000,nan,1.0,1.0,1.0,1.0,1.0,0.2
155,1656,6669,G,C,nan,False,-0.000071,-0.000045,nan,0.0,0.0,0.0,0.0,0.0,0.15
156,1657,6670,-,A,nan,False,0.000199,0.000238,nan,0.0,0.0,0.0,0.0,0.0,0.65
156,1657,6670,A,A,nan,False,0.000000,0.000000,nan,1.0,1.0,1.0,1.0,1.0,0.35
157,1658,6671,-,A,nan,False,0.000353,0.000396,nan,0.0,0.0,0.0,0.0,0.0,0.65
157,1658,6671,A,A,nan,False,0.000000,0.000000,nan,1.0,1.0,1.0,1.0,1.0,0.2
157,1658,6671,C,A,nan,False,0.000254,0.000280,nan,0.0,0.0,0.0,0.0,0.0,0.15
158,1665,6678,A,A,nan,False,0.000000,0.000000,nan,1.0,1.0,1.0,1.0,1.0,0.95
158,1665,6678,G,A,nan,False,0.000130,-0.000139,nan,0.0,0.0,0.0,0.0,0.0,0.05
159,1678,6691,A,G,nan,False,0.000911,0.000405,nan,0.0,0.0,0.0,0.0,0.0,0.25
159,1678,6691,G,G,nan,False,0.000000,0.000000,nan,1.0,1.0,1.0,1.0,1.0,0.75
160,1735,6748,C,T,nan,False,0.001029,-0.001915,nan,0.0,0.0,0.0,0.043478,0.0,0.0
160,1735,6748,T,T,nan,False,0.000000,0.000000,nan,1.0,1.0,1.0,0.95652,1.0,1.0
161,1773,6782d,-,G,nan,False,0.000049,-0.000045,nan,0.0,0.0,0.0,0.0,0.0,0.05
161,1773,6782d,G,G,nan,False,0.000000,0.000000,nan,1.0,1.0,1.0,1.0,1.0,0.95
162,1774,6782e,-,A,nan,False,0.000498,0.000404,nan,0.0,0.0,0.0,0.0,0.0,0.05
162,1774,6782e,A,A,nan,False,0.000000,0.000000,nan,1.0,1.0,1.0,1.0,1.0,0.95
163,1775,6782f,-,G,nan,False,0.000049,-0.000045,nan,0.0,0.0,0.0,0.0,0.0,0.05
163,1775,6782f,G,G,nan,False,0.000000,0.000000,nan,1.0,1.0,1.0,1.0,1.0,0.95
164,1776,6782g,-,A,nan,False,0.000498,0.000404,nan,0.0,0.0,0.0,0.0,0.0,0.05
164,1776,6782g,A,A,nan,False,0.000000,0.000000,nan,1.0,1.0,1.0,1.0,1.0,0.95
165,1777,6782h,-,C,nan,False,0.000075,-0.000019,nan,0.0,0.0,0.0,0.0,0.0,0.05
165,1777,6782h,C,C,nan,False,0.000000,0.000000,nan,1.0,1.0,1.0,1.0,1.0,0.95
166,1778,6782i,-,T,nan,False,0.000139,0.000045,nan,0.0,0.0,0.0,0.0,0.0,0.05
166,1778,6782i,T,T,nan,False,0.000000,0.000000,nan,1.0,1.0,1.0,1.0,1.0,0.95
167,1779,6782j,A,A,nan,False,0.000000,0.000000,nan,1.0,1.0,1.0,1.0,1.0,0.95
167,1779,6782j,G,A,nan,False,0.000263,0.000169,nan,0.0,0.0,0.0,0.0,0.0,0.05
168,1781,6782l,C,C,nan,False,0.000000,0.000000,nan,1.0,1.0,1.0,1.0,1.0,0.95
168,1781,6782l,G,C,nan,False,0.000065,-0.000029,nan,0.0,0.0,0.0,0.0,0.0,0.05
169,1783,6782n,A,A,nan,False,0.000000,0.000000,nan,1.0,1.0,1.0,1.0,1.0,0.95
169,1783,6782n,C,A,nan,False,0.000474,0.000380,nan,0.0,0.0,0.0,0.0,0.0,0.05
170,1784,6782o,C,C,nan,False,0.000000,0.000000,nan,1.0,1.0,1.0,1.0,1.0,0.95
170,1784,6782o,T,C,nan,False,-0.000422,-0.000516,nan,0.0,0.0,0.0,0.0,0.0,0.05
171,1786,6784,A,G,nan,False,-0.000627,-0.000721,nan,0.0,0.0,0.0,0.0,0.0,0.05
171,1786,6784,G,G,nan,False,0.000000,0.000000,nan,1.0,1.0,1.0,1.0,1.0,0.95
172,1788,6786,A,T,nan,False,0.000016,-0.000078,nan,0.0,0.0,0.0,0.0,0.0,0.05
172,1788,6786,T,T,nan,False,0.000000,0.000000,nan,1.0,1.0,1.0,1.0,1.0,0.95
173,1789,6787,A,T,nan,False,0.000016,-0.000078,nan,0.0,0.0,0.0,0.0,0.0,0.05
173,1789,6787,T,T,nan,False,0.000000,0.000000,nan,1.0,1.0,1.0,1.0,1.0,0.95
174,1790,6788,C,T,nan,False,-0.000270,-0.000364,nan,0.0,0.0,0.0,0.0,0.0,0.05
174,1790,6788,T,T,nan,False,0.000000,0.000000,nan,1.0,1.0,1.0,1.0,1.0,0.95
175,1791,6789,A,A,nan,False,0.000000,0.000000,nan,1.0,1.0,1.0,1.0,1.0,0.7
175,1791,6789,G,A,nan,False,0.001145,0.000760,nan,0.0,0.0,0.0,0.0,0.0,0.3
176,1792,6790,C,C,nan,False,0.000000,0.000000,nan,1.0,1.0,1.0,1.0,1.0,0.95
176,1792,6790,G,C,nan,False,0.000065,-0.000029,nan,0.0,0.0,0.0,0.0,0.0,0.05
177,1793,6791,A,A,nan,False,0.000000,0.000000,nan,1.0,1.0,1.0,1.0,1.0,0.95
177,1793,6791,C,A,nan,False,0.000474,0.000380,nan,0.0,0.0,0.0,0.0,0.0,0.05
178,1794,6792,G,G,nan,False,0.000000,0.000000,nan,1.0,1.0,1.0,1.0,1.0,0.95
178,1794,6792,T,G,nan,False,-0.000024,-0.000119,nan,0.0,0.0,0.0,0.0,0.0,0.05
179,1795,6793,A,A,nan,False,0.000000,0.000000,nan,1.0,1.0,1.0,1.0,1.0,0.95
179,1795,6793,T,A,nan,False,0.000480,0.000386,nan,0.0,0.0,0.0,0.0,0.0,0.05
180,1796,6794,A,A,nan,False,0.000000,0.000000,nan,1.0,1.0,1.0,1.0,1.0,0.95
180,1796,6794,T,A,nan,False,0.000480,0.000386,nan,0.0,0.0,0.0,0.0,0.0,0.05
181,1807,6805,G,T,nan,False,0.005304,0.004467,nan,0.0,0.0,0.0,0.0,0.090909,0.0
181,1807,6805,T,T,nan,False,0.000000,0.000000,nan,1.0,1.0,1.0,1.0,0.90909,1.0
182,1851,6849,A,T,SFDPIPIHY,True,0.003408,0.003089,-0.002088551,0.0,0.0,0.0,0.0,0.0,0.75
182,1851,6849,T,T,SFDPIPIHY,False,0.000000,0.000000,nan,1.0,1.0,1.0,1.0,1.0,0.25
183,1860,6858,-,C,SFDPIPIHY,True,0.001355,0.001821,-0.002088551,0.0,0.027027,0.0,0.0,0.0,0.0
183,1860,6858,C,C,SFDPIPIHY,False,0.000000,0.000000,nan,1.0,0.97297,1.0,1.0,1.0,1.0
184,1861,6859,-,C,SFDPIPIHY,True,0.001355,0.001821,-0.002088551,0.0,0.027027,0.0,0.0,0.0,0.0
184,1861,6859,C,C,SFDPIPIHY,False,0.000000,0.000000,nan,1.0,0.97297,1.0,1.0,1.0,1.0
185,1862,6860,-,A,SFDPIPIHY,True,0.001784,0.002251,-0.002088551,0.0,0.027027,0.0,0.0,0.0,0.0
185,1862,6860,A,A,SFDPIPIHY,False,0.000000,0.000000,nan,1.0,0.97297,1.0,1.0,1.0,1.0
186,1863,6861,-,A,SFDPIPIHY,True,0.001784,0.002251,-0.002088551,0.0,0.027027,0.0,0.0,0.0,0.0
186,1863,6861,A,A,SFDPIPIHY,False,0.000000,0.000000,nan,1.0,0.97297,1.0,1.0,1.0,1.0
187,1864,6862,-,T,SFDPIPIHY,True,0.001420,0.001886,-0.002088551,0.0,0.027027,0.0,0.0,0.0,0.0
187,1864,6862,T,T,SFDPIPIHY,False,0.000000,0.000000,nan,1.0,0.97297,1.0,1.0,1.0,1.0
188,1865,6863,-,T,SFDPIPIHY,True,0.001420,0.001886,-0.002088551,0.0,0.027027,0.0,0.0,0.0,0.0
188,1865,6863,T,T,SFDPIPIHY,False,0.000000,0.000000,nan,1.0,0.97297,1.0,1.0,1.0,1.0
189,1931,6929,A,G,nan,False,-0.001498,-0.001610,nan,0.0,0.0,0.0,0.0,0.0,0.3
189,1931,6929,G,G,nan,False,0.000000,0.000000,nan,1.0,1.0,1.0,1.0,1.0,0.7
190,1934,6932,A,A,nan,False,0.000000,0.000000,nan,1.0,1.0,1.0,1.0,1.0,0.95
190,1934,6932,G,A,nan,False,-0.000312,-0.000152,nan,0.0,0.0,0.0,0.0,0.0,0.05
191,1936,6934,A,G,nan,False,0.000837,-0.000397,nan,0.0,0.0,0.0,0.043478,0.0,0.0
191,1936,6934,G,G,nan,False,0.000000,0.000000,nan,1.0,1.0,1.0,0.95652,1.0,1.0
192,1955,6953,C,C,nan,False,0.000000,0.000000,nan,1.0,1.0,1.0,1.0,1.0,0.95
192,1955,6953,T,C,nan,False,-0.000293,-0.000416,nan,0.0,0.0,0.0,0.0,0.0,0.05
193,1976,6974,A,A,nan,False,0.000000,0.000000,nan,1.0,1.0,1.0,1.0,0.72727,1.0
193,1976,6974,G,A,nan,False,0.003545,0.005123,nan,0.0,0.0,0.0,0.0,0.27273,0.0
194,2006,7004,A,A,nan,False,0.000000,0.000000,nan,1.0,0.97297,1.0,0.95652,1.0,1.0
194,2006,7004,C,A,nan,False,0.007252,0.004169,nan,0.0,0.027027,0.0,0.043478,0.0,0.0
195,2007,7005,C,T,nan,False,-0.000316,-0.000917,nan,0.0,0.0,0.0,0.0,0.0,0.3
195,2007,7005,T,T,nan,False,0.000000,0.000000,nan,1.0,1.0,1.0,1.0,1.0,0.7
196,2093,7091,C,T,nan,False,-0.000846,-0.000686,nan,0.0,0.0,0.0,0.0,0.0,0.05
196,2093,7091,T,T,nan,False,0.000000,0.000000,nan,1.0,1.0,1.0,1.0,1.0,0.95
197,2104,7102,A,A,nan,False,0.000000,0.000000,nan,1.0,1.0,1.0,1.0,1.0,0.95
197,2104,7102,G,A,nan,False,-0.000801,-0.001122,nan,0.0,0.0,0.0,0.0,0.0,0.05
198,2165,7163,A,A,nan,False,0.000000,0.000000,nan,1.0,1.0,1.0,1.0,0.90909,1.0
198,2165,7163,G,A,nan,False,0.000639,0.001043,nan,0.0,0.0,0.0,0.0,0.090909,0.0
199,2177,7175,C,C,nan,False,0.000000,0.000000,nan,1.0,1.0,1.0,0.95652,1.0,1.0
199,2177,7175,T,C,nan,False,-0.004465,-0.006324,nan,0.0,0.0,0.0,0.043478,0.0,0.0
200,2228,7223,C,T,nan,False,0.000295,0.000384,nan,0.0,0.0,0.0,0.0,0.0,0.15
200,2228,7223,T,T,nan,False,0.000000,0.000000,nan,1.0,1.0,1.0,1.0,1.0,0.85
201,2232,7227,A,A,nan,False,0.000000,0.000000,nan,1.0,1.0,1.0,1.0,1.0,0.95
201,2232,7227,G,A,nan,False,-0.000032,-0.000114,nan,0.0,0.0,0.0,0.0,0.0,0.05
202,2240,7235,A,A,nan,False,0.000000,0.000000,nan,1.0,1.0,1.0,1.0,1.0,0.95
202,2240,7235,G,A,nan,False,-0.001659,-0.001541,nan,0.0,0.0,0.0,0.0,0.0,0.05
203,2244,7239,A,A,nan,False,0.000000,0.000000,nan,1.0,1.0,1.0,1.0,0.36364,0.2
203,2244,7239,G,A,nan,False,0.011791,0.010074,nan,0.0,0.0,0.0,0.0,0.63636,0.8
204,2250,7245,A,A,nan,False,0.000000,0.000000,nan,1.0,1.0,1.0,1.0,0.90909,1.0
204,2250,7245,G,A,nan,False,0.005552,0.004715,nan,0.0,0.0,0.0,0.0,0.090909,0.0
205,2269,7264,A,G,nan,False,-0.001632,-0.001325,nan,0.0,0.0,0.0,0.0,0.0,0.15
205,2269,7264,G,G,nan,False,0.000000,0.000000,nan,1.0,1.0,1.0,1.0,1.0,0.85
206,2283,7278,C,C,nan,False,0.000000,0.000000,nan,1.0,1.0,1.0,1.0,1.0,0.9
206,2283,7278,T,C,nan,False,-0.001598,-0.001405,nan,0.0,0.0,0.0,0.0,0.0,0.1
207,2299,7294,A,C,nan,False,0.001710,0.001555,nan,0.0,0.0,0.0,0.0,0.0,0.2
207,2299,7294,C,C,nan,False,0.000000,0.000000,nan,1.0,1.0,1.0,1.0,1.0,0.8
208,2302,7297,C,C,nan,False,0.000000,0.000000,nan,1.0,1.0,1.0,1.0,1.0,0.8
208,2302,7297,T,C,nan,False,0.001176,0.001230,nan,0.0,0.0,0.0,0.0,0.0,0.2
209,2307,7302,A,A,nan,False,0.000000,0.000000,nan,1.0,1.0,1.0,1.0,1.0,0.15
209,2307,7302,G,A,nan,False,0.001701,0.001504,nan,0.0,0.0,0.0,0.0,0.0,0.85
210,2318,7313,A,A,nan,False,0.000000,0.000000,nan,1.0,1.0,1.0,1.0,1.0,0.95
210,2318,7313,G,A,nan,False,-0.000534,-0.000059,nan,0.0,0.0,0.0,0.0,0.0,0.05
211,2319,7314,C,T,nan,False,0.001191,-0.000043,nan,0.0,0.0,0.0,0.043478,0.0,0.0
211,2319,7314,T,T,nan,False,0.000000,0.000000,nan,1.0,1.0,1.0,0.95652,1.0,1.0
212,2328,7323,A,G,nan,False,-0.000497,-0.000621,nan,0.0,0.0,0.0,0.0,0.0,0.05
212,2328,7323,G,G,nan,False,0.000000,0.000000,nan,1.0,1.0,1.0,1.0,1.0,0.95
213,2330,7325,A,G,nan,False,-0.000972,-0.001342,nan,0.0,0.0,0.0,0.0,0.0,0.15
213,2330,7325,G,G,nan,False,0.000000,0.000000,nan,1.0,1.0,1.0,1.0,1.0,0.85
214,2347,7342,A,C,nan,False,0.003427,0.000207,nan,0.0,0.0,0.0,0.043478,0.0,0.0
214,2347,7342,C,C,nan,False,0.000000,0.000000,nan,1.0,1.0,1.0,0.95652,1.0,1.0
215,2367,7362,A,G,nan,False,0.022457,0.036650,nan,0.0,0.0,0.0,0.043478,0.0,0.0
215,2367,7362,G,G,nan,False,0.000000,0.000000,nan,1.0,1.0,1.0,0.95652,1.0,1.0
216,2370,7365,A,G,nan,False,0.012269,0.015805,nan,0.0,0.0,0.1,0.0,0.0,0.0
216,2370,7365,G,G,nan,False,0.000000,0.000000,nan,1.0,1.0,0.9,1.0,1.0,1.0
217,2392,7387,A,A,nan,False,0.000000,0.000000,nan,1.0,1.0,1.0,0.91304,1.0,1.0
217,2392,7387,G,A,nan,False,0.010484,0.001531,nan,0.0,0.0,0.0,0.086957,0.0,0.0
218,2408,7403,C,T,nan,False,-0.000184,-0.000271,nan,0.0,0.0,0.0,0.0,0.090909,0.0
218,2408,7403,T,T,nan,False,0.000000,0.000000,nan,1.0,1.0,1.0,1.0,0.90909,1.0
219,2415,7410,A,A,nan,False,0.000000,0.000000,nan,1.0,0.97297,1.0,1.0,1.0,1.0
219,2415,7410,T,A,nan,False,0.000696,0.001067,nan,0.0,0.027027,0.0,0.0,0.0,0.0
220,2416,7411,A,A,nan,False,0.000000,0.000000,nan,1.0,0.97297,1.0,1.0,1.0,0.9
220,2416,7411,G,A,nan,False,0.002403,0.002130,nan,0.0,0.027027,0.0,0.0,0.0,0.1
221,2417,7412,G,T,nan,False,0.000232,0.000603,nan,0.0,0.027027,0.0,0.0,0.0,0.0
221,2417,7412,T,T,nan,False,0.000000,0.000000,nan,1.0,0.97297,1.0,1.0,1.0,1.0
222,2418,7413,A,A,nan,False,0.000000,0.000000,nan,1.0,0.97297,1.0,1.0,1.0,0.8
222,2418,7413,C,A,nan,False,0.001110,0.001321,nan,0.0,0.027027,0.0,0.0,0.0,0.0
222,2418,7413,G,A,nan,False,0.000781,0.000646,nan,0.0,0.0,0.0,0.0,0.0,0.2
223,2419,7414,C,G,nan,False,0.000266,0.000637,nan,0.0,0.027027,0.0,0.0,0.0,0.0
223,2419,7414,G,G,nan,False,0.000000,0.000000,nan,1.0,0.97297,1.0,1.0,1.0,1.0
224,2420,7415,C,T,nan,False,-0.000071,0.000300,nan,0.0,0.027027,0.0,0.0,0.0,0.0
224,2420,7415,T,T,nan,False,0.000000,0.000000,nan,1.0,0.97297,1.0,1.0,1.0,1.0
225,2422,7417,C,C,nan,False,0.000000,0.000000,nan,1.0,0.97297,1.0,1.0,1.0,1.0
225,2422,7417,G,C,nan,False,0.000275,0.000646,nan,0.0,0.027027,0.0,0.0,0.0,0.0
226,2423,7418,A,A,nan,False,0.000000,0.000000,nan,1.0,0.97297,1.0,1.0,1.0,1.0
226,2423,7418,G,A,nan,False,0.000466,0.000837,nan,0.0,0.027027,0.0,0.0,0.0,0.0
227,2424,7419,-,T,nan,False,0.000361,0.000732,nan,0.0,0.027027,0.0,0.0,0.0,0.0
227,2424,7419,T,T,nan,False,0.000000,0.000000,nan,1.0,0.97297,1.0,1.0,1.0,1.0
228,2425,7420,-,A,nan,False,0.000725,0.001096,nan,0.0,0.027027,0.0,0.0,0.0,0.0
228,2425,7420,A,A,nan,False,0.000000,0.000000,nan,1.0,0.97297,1.0,1.0,1.0,1.0
229,2426,7421,-,C,nan,False,0.000296,0.000667,nan,0.0,0.027027,0.0,0.0,0.0,0.0
229,2426,7421,C,C,nan,False,0.000000,0.000000,nan,1.0,0.97297,1.0,1.0,1.0,1.0
230,2427,7422,-,T,nan,False,0.001665,0.001907,nan,0.0,0.027027,0.0,0.0,0.0,0.4
230,2427,7422,T,T,nan,False,0.000000,0.000000,nan,1.0,0.97297,1.0,1.0,1.0,0.6
231,2428,7423,-,G,nan,False,0.001585,0.001827,nan,0.0,0.027027,0.0,0.0,0.0,0.4
231,2428,7423,G,G,nan,False,0.000000,0.000000,nan,1.0,0.97297,1.0,1.0,1.0,0.6
232,2429,7424,-,G,nan,False,0.001585,0.001827,nan,0.0,0.027027,0.0,0.0,0.0,0.4
232,2429,7424,G,G,nan,False,0.000000,0.000000,nan,1.0,0.97297,1.0,1.0,1.0,0.6
233,2436,7431,-,C,nan,False,0.003238,0.002900,nan,0.0,0.027027,0.0,0.0,0.0,0.85
233,2436,7431,C,C,nan,False,0.000000,0.000000,nan,1.0,0.97297,1.0,1.0,1.0,0.15
234,2437,7432,-,C,nan,False,0.003238,0.002900,nan,0.0,0.027027,0.0,0.0,0.0,0.85
234,2437,7432,C,C,nan,False,0.000000,0.000000,nan,1.0,0.97297,1.0,1.0,1.0,0.15
235,2438,7433,-,C,nan,False,0.003238,0.002900,nan,0.0,0.027027,0.0,0.0,0.0,0.85
235,2438,7433,C,C,nan,False,0.000000,0.000000,nan,1.0,0.97297,1.0,1.0,1.0,0.15
236,2439,7434,-,A,nan,False,0.002931,0.002993,nan,0.0,0.027027,0.0,0.0,0.0,0.0
236,2439,7434,A,A,nan,False,0.000000,0.000000,nan,1.0,0.97297,1.0,1.0,1.0,0.0
236,2439,7434,C,A,nan,False,0.003190,0.002776,nan,0.0,0.0,0.0,0.0,0.0,0.45
236,2439,7434,G,A,nan,False,0.002895,0.002815,nan,0.0,0.0,0.0,0.0,0.0,0.15
236,2439,7434,T,A,nan,False,0.003003,0.002814,nan,0.0,0.0,0.0,0.0,0.0,0.4
237,2440,7435,-,G,nan,False,0.001140,0.001222,nan,0.0,0.027027,0.0,0.0,0.0,0.0
237,2440,7435,C,G,nan,False,0.001474,0.001080,nan,0.0,0.0,0.0,0.0,0.0,0.45
237,2440,7435,G,G,nan,False,0.000000,0.000000,nan,1.0,0.97297,1.0,1.0,1.0,0.55
238,2441,7436,-,G,nan,False,0.001140,0.001222,nan,0.0,0.027027,0.0,0.0,0.0,0.0
238,2441,7436,C,G,nan,False,0.001474,0.001080,nan,0.0,0.0,0.0,0.0,0.0,0.45
238,2441,7436,G,G,nan,False,0.000000,0.000000,nan,1.0,0.97297,1.0,1.0,1.0,0.55
239,2442,7437,A,T,nan,False,0.003577,0.003722,nan,0.0,0.0,0.0,0.0,0.0,0.45
239,2442,7437,C,T,nan,False,0.003373,0.003743,nan,0.0,0.0,0.0,0.0,0.0,0.4
239,2442,7437,G,T,nan,False,0.004876,0.006100,nan,0.0,0.0,0.0,0.0,0.27273,0.0
239,2442,7437,T,T,nan,False,0.000000,0.000000,nan,1.0,1.0,1.0,1.0,0.72727,0.15
240,2443,7438,A,A,nan,False,0.000000,0.000000,nan,1.0,1.0,1.0,1.0,1.0,0.25
240,2443,7438,C,A,nan,False,0.000894,0.000732,nan,0.0,0.0,0.0,0.0,0.0,0.4
240,2443,7438,G,A,nan,False,-0.000127,-0.000257,nan,0.0,0.0,0.0,0.0,0.0,0.35
241,2444,7439,C,T,nan,False,0.000272,0.000110,nan,0.0,0.0,0.0,0.0,0.0,0.4
241,2444,7439,G,T,nan,False,-0.000336,-0.000467,nan,0.0,0.0,0.0,0.0,0.0,0.35
241,2444,7439,T,T,nan,False,0.000000,0.000000,nan,1.0,1.0,1.0,1.0,1.0,0.25
242,2448,7443,A,G,nan,False,0.001299,-0.001306,nan,0.0,0.0,0.0,0.043478,0.0,0.1
242,2448,7443,G,G,nan,False,0.000000,0.000000,nan,1.0,1.0,1.0,0.95652,1.0,0.9
243,2449,7444,A,C,nan,False,0.001468,0.001362,nan,0.0,0.0,0.0,0.0,0.0,0.9
243,2449,7444,C,C,nan,False,0.000000,0.000000,nan,1.0,1.0,1.0,1.0,1.0,0.1
244,2450,7445,C,C,nan,False,0.000000,0.000000,nan,1.0,1.0,1.0,1.0,1.0,0.25
244,2450,7445,T,C,nan,False,0.000017,-0.000178,nan,0.0,0.0,0.0,0.0,0.0,0.75
245,2451,7446,A,A,nan,False,0.000000,0.000000,nan,1.0,1.0,1.0,1.0,1.0,0.35
245,2451,7446,G,A,nan,False,-0.000952,-0.001030,nan,0.0,0.0,0.0,0.0,0.0,0.65
246,2452,7447,C,G,nan,False,0.000326,0.000131,nan,0.0,0.0,0.0,0.0,0.0,0.75
246,2452,7447,G,G,nan,False,0.000000,0.000000,nan,1.0,1.0,1.0,1.0,1.0,0.25
247,2453,7448,C,T,nan,False,0.000169,-0.000026,nan,0.0,0.0,0.0,0.0,0.0,0.75
247,2453,7448,T,T,nan,False,0.000000,0.000000,nan,1.0,1.0,1.0,1.0,1.0,0.25
248,2454,7449,A,C,nan,False,0.000091,-0.000104,nan,0.0,0.0,0.0,0.0,0.0,0.75
248,2454,7449,C,C,nan,False,0.000000,0.000000,nan,1.0,1.0,1.0,1.0,1.0,0.25
249,2455,7450,A,A,nan,False,0.000000,0.000000,nan,1.0,1.0,1.0,1.0,1.0,0.25
249,2455,7450,G,A,nan,False,0.000634,0.000439,nan,0.0,0.0,0.0,0.0,0.0,0.75
250,2457,7452,A,A,nan,False,0.000000,0.000000,nan,1.0,1.0,1.0,1.0,1.0,0.25
250,2457,7452,C,A,nan,False,0.000698,0.000503,nan,0.0,0.0,0.0,0.0,0.0,0.75
251,2460,7455,A,G,nan,False,-0.000256,-0.000451,nan,0.0,0.0,0.0,0.0,0.0,0.75
251,2460,7455,G,G,nan,False,0.000000,0.000000,nan,1.0,1.0,1.0,1.0,1.0,0.25
252,2461,7456,A,G,nan,False,-0.000256,-0.000451,nan,0.0,0.0,0.0,0.0,0.0,0.75
252,2461,7456,G,G,nan,False,0.000000,0.000000,nan,1.0,1.0,1.0,1.0,1.0,0.25
253,2463,7458,A,A,nan,False,0.000000,0.000000,nan,1.0,1.0,1.0,1.0,1.0,0.25
253,2463,7458,G,A,nan,False,0.000634,0.000439,nan,0.0,0.0,0.0,0.0,0.0,0.75
254,2464,7459,C,C,nan,False,0.000000,0.000000,nan,1.0,1.0,1.0,1.0,1.0,0.25
254,2464,7459,G,C,nan,False,0.000335,0.000140,nan,0.0,0.0,0.0,0.0,0.0,0.75
255,2465,7460,G,G,nan,False,0.000000,0.000000,nan,1.0,1.0,1.0,1.0,1.0,0.25
255,2465,7460,T,G,nan,False,0.000271,0.000076,nan,0.0,0.0,0.0,0.0,0.0,0.75
256,2467,7462,A,A,nan,False,0.000000,0.000000,nan,1.0,1.0,1.0,1.0,1.0,0.25
256,2467,7462,C,A,nan,False,0.000698,0.000503,nan,0.0,0.0,0.0,0.0,0.0,0.75
257,2478,7473,C,T,nan,False,0.000114,0.000518,nan,0.0,0.0,0.0,0.0,0.090909,0.0
257,2478,7473,T,T,nan,False,0.000000,0.000000,nan,1.0,1.0,1.0,1.0,0.90909,1.0
258,2513,7508,A,G,nan,False,-0.001223,-0.001467,nan,0.0,0.0,0.0,0.0,0.0,0.05
258,2513,7508,G,G,nan,False,0.000000,0.000000,nan,1.0,1.0,1.0,1.0,1.0,0.95
259,2516,7511,A,G,nan,False,-0.001687,-0.001726,nan,0.0,0.0,0.0,0.0,0.0,0.05
259,2516,7511,G,G,nan,False,0.000000,0.000000,nan,1.0,1.0,1.0,1.0,1.0,0.95
260,2553,7548,-,A,nan,False,0.000291,0.000348,nan,0.0,0.027027,0.0,0.0,0.0,0.0
260,2553,7548,A,A,nan,False,0.000000,0.000000,nan,1.0,0.97297,1.0,1.0,1.0,1.0
261,2554,7549,-,A,nan,False,0.000291,0.000348,nan,0.0,0.027027,0.0,0.0,0.0,0.0
261,2554,7549,A,A,nan,False,0.000000,0.000000,nan,1.0,0.97297,1.0,1.0,1.0,1.0
262,2555,7550,-,C,nan,False,0.002048,0.002715,nan,0.0,0.027027,0.0,0.0,0.0,0.0
262,2555,7550,C,C,nan,False,0.000000,0.000000,nan,1.0,0.91892,1.0,1.0,1.0,1.0
262,2555,7550,T,C,nan,False,0.003405,0.004653,nan,0.0,0.054054,0.0,0.0,0.0,0.0
263,2556,7551,-,A,nan,False,0.000291,0.000348,nan,0.0,0.027027,0.0,0.0,0.0,0.0
263,2556,7551,A,A,nan,False,0.000000,0.000000,nan,1.0,0.97297,1.0,1.0,1.0,1.0
264,2557,7552,-,T,nan,False,-0.000073,-0.000016,nan,0.0,0.027027,0.0,0.0,0.0,0.0
264,2557,7552,T,T,nan,False,0.000000,0.000000,nan,1.0,0.97297,1.0,1.0,1.0,1.0
265,2558,7553,-,A,nan,False,0.000291,0.000348,nan,0.0,0.027027,0.0,0.0,0.0,0.0
265,2558,7553,A,A,nan,False,0.000000,0.000000,nan,1.0,0.97297,1.0,1.0,1.0,1.0
266,2559,7554,-,A,nan,False,0.000223,0.000397,nan,0.0,0.027027,0.0,0.0,0.0,0.0
266,2559,7554,A,A,nan,False,0.000000,0.000000,nan,1.0,0.97297,1.0,1.0,1.0,0.95
266,2559,7554,C,A,nan,False,-0.000190,0.000071,nan,0.0,0.0,0.0,0.0,0.0,0.05
267,2560,7555,-,C,nan,False,-0.000278,0.000012,nan,0.0,0.027027,0.0,0.0,0.0,0.05
267,2560,7555,C,C,nan,False,0.000000,0.000000,nan,1.0,0.97297,1.0,1.0,1.0,0.95
268,2561,7556,-,A,nan,False,0.000291,0.000348,nan,0.0,0.027027,0.0,0.0,0.0,0.0
268,2561,7556,A,A,nan,False,0.000000,0.000000,nan,1.0,0.97297,1.0,1.0,1.0,1.0
269,2562,7557,-,T,nan,False,-0.000073,-0.000016,nan,0.0,0.027027,0.0,0.0,0.0,0.0
269,2562,7557,T,T,nan,False,0.000000,0.000000,nan,1.0,0.97297,1.0,1.0,1.0,1.0
270,2563,7558,-,G,nan,False,-0.000164,-0.000107,nan,0.0,0.027027,0.0,0.0,0.0,0.0
270,2563,7558,G,G,nan,False,0.000000,0.000000,nan,1.0,0.97297,1.0,1.0,1.0,1.0
271,2564,7559,-,T,nan,False,-0.000073,-0.000016,nan,0.0,0.027027,0.0,0.0,0.0,0.0
271,2564,7559,T,T,nan,False,0.000000,0.000000,nan,1.0,0.97297,1.0,1.0,1.0,1.0
272,2565,7560,-,A,nan,False,0.000291,0.000348,nan,0.0,0.027027,0.0,0.0,0.0,0.0
272,2565,7560,A,A,nan,False,0.000000,0.000000,nan,1.0,0.97297,1.0,1.0,1.0,1.0
273,2566,7561,-,A,nan,False,0.000291,0.000348,nan,0.0,0.027027,0.0,0.0,0.0,0.0
273,2566,7561,A,A,nan,False,0.000000,0.000000,nan,1.0,0.97297,1.0,1.0,1.0,1.0
274,2567,7562,-,A,nan,False,0.000291,0.000348,nan,0.0,0.027027,0.0,0.0,0.0,0.0
274,2567,7562,A,A,nan,False,0.000000,0.000000,nan,1.0,0.97297,1.0,1.0,1.0,1.0
275,2568,7563,-,T,nan,False,-0.000073,-0.000016,nan,0.0,0.027027,0.0,0.0,0.0,0.0
275,2568,7563,T,T,nan,False,0.000000,0.000000,nan,1.0,0.97297,1.0,1.0,1.0,1.0
276,2569,7564,-,C,nan,False,-0.000222,0.001583,nan,0.0,0.027027,0.0,0.0,0.0,0.0
276,2569,7564,A,C,nan,False,-0.000834,0.002690,nan,0.0,0.0,0.1,0.0,0.0,0.0
276,2569,7564,C,C,nan,False,0.000000,0.000000,nan,1.0,0.97297,0.9,1.0,1.0,1.0
277,2570,7565,-,A,nan,False,0.000291,0.000348,nan,0.0,0.027027,0.0,0.0,0.0,0.0
277,2570,7565,A,A,nan,False,0.000000,0.000000,nan,1.0,0.97297,1.0,1.0,1.0,1.0
278,2571,7566,-,A,nan,False,0.000283,0.000403,nan,0.0,0.027027,0.0,0.0,0.0,0.0
278,2571,7566,A,A,nan,False,0.000000,0.000000,nan,1.0,0.97297,1.0,1.0,1.0,0.95
278,2571,7566,G,A,nan,False,-0.000296,-0.000141,nan,0.0,0.0,0.0,0.0,0.0,0.05
279,2572,7567,-,A,nan,False,0.000291,0.000348,nan,0.0,0.027027,0.0,0.0,0.0,0.0
279,2572,7567,A,A,nan,False,0.000000,0.000000,nan,1.0,0.97297,1.0,1.0,1.0,1.0
280,2573,7568,-,C,nan,False,-0.000138,-0.000081,nan,0.0,0.027027,0.0,0.0,0.0,0.0
280,2573,7568,C,C,nan,False,0.000000,0.000000,nan,1.0,0.97297,1.0,1.0,1.0,1.0
281,2574,7569,-,A,nan,False,0.000291,0.000348,nan,0.0,0.027027,0.0,0.0,0.0,0.0
281,2574,7569,A,A,nan,False,0.000000,0.000000,nan,1.0,0.97297,1.0,1.0,1.0,1.0
282,2575,7570,-,T,nan,False,-0.000073,-0.000016,nan,0.0,0.027027,0.0,0.0,0.0,0.0
282,2575,7570,T,T,nan,False,0.000000,0.000000,nan,1.0,0.97297,1.0,1.0,1.0,1.0
283,2576,7571,-,C,nan,False,-0.000138,-0.000081,nan,0.0,0.027027,0.0,0.0,0.0,0.0
283,2576,7571,C,C,nan,False,0.000000,0.000000,nan,1.0,0.97297,1.0,1.0,1.0,1.0
284,2577,7572,-,A,nan,False,0.000291,0.000348,nan,0.0,0.027027,0.0,0.0,0.0,0.0
284,2577,7572,A,A,nan,False,0.000000,0.000000,nan,1.0,0.97297,1.0,1.0,1.0,1.0
285,2578,7573,-,C,nan,False,-0.000138,-0.000081,nan,0.0,0.027027,0.0,0.0,0.0,0.0
285,2578,7573,C,C,nan,False,0.000000,0.000000,nan,1.0,0.97297,1.0,1.0,1.0,1.0
286,2579,7574,-,A,nan,False,0.000291,0.000348,nan,0.0,0.027027,0.0,0.0,0.0,0.0
286,2579,7574,A,A,nan,False,0.000000,0.000000,nan,1.0,0.97297,1.0,1.0,1.0,1.0
287,2580,7575,-,G,nan,False,-0.000164,-0.000107,nan,0.0,0.027027,0.0,0.0,0.0,0.0
287,2580,7575,G,G,nan,False,0.000000,0.000000,nan,1.0,0.97297,1.0,1.0,1.0,1.0
288,2581,7576,-,G,nan,False,-0.000164,-0.000107,nan,0.0,0.027027,0.0,0.0,0.0,0.0
288,2581,7576,G,G,nan,False,0.000000,0.000000,nan,1.0,0.97297,1.0,1.0,1.0,1.0
289,2582,7577,-,A,nan,False,0.000291,0.000348,nan,0.0,0.027027,0.0,0.0,0.0,0.0
289,2582,7577,A,A,nan,False,0.000000,0.000000,nan,1.0,0.97297,1.0,1.0,1.0,1.0
290,2583,7578,-,C,nan,False,-0.000138,-0.000081,nan,0.0,0.027027,0.0,0.0,0.0,0.0
290,2583,7578,C,C,nan,False,0.000000,0.000000,nan,1.0,0.97297,1.0,1.0,1.0,1.0
291,2584,7579,-,T,nan,False,-0.000073,-0.000016,nan,0.0,0.027027,0.0,0.0,0.0,0.0
291,2584,7579,T,T,nan,False,0.000000,0.000000,nan,1.0,0.97297,1.0,1.0,1.0,1.0
292,2585,7580,-,A,nan,False,0.000291,0.000348,nan,0.0,0.027027,0.0,0.0,0.0,0.0
292,2585,7580,A,A,nan,False,0.000000,0.000000,nan,1.0,0.97297,1.0,1.0,1.0,1.0
293,2586,7581,-,C,nan,False,-0.000138,-0.000081,nan,0.0,0.027027,0.0,0.0,0.0,0.0
293,2586,7581,C,C,nan,False,0.000000,0.000000,nan,1.0,0.97297,1.0,1.0,1.0,1.0
294,2587,7582,-,T,nan,False,-0.000073,-0.000016,nan,0.0,0.027027,0.0,0.0,0.0,0.0
294,2587,7582,T,T,nan,False,0.000000,0.000000,nan,1.0,0.97297,1.0,1.0,1.0,1.0
295,2588,7583,-,A,nan,False,0.000291,0.000348,nan,0.0,0.027027,0.0,0.0,0.0,0.0
295,2588,7583,A,A,nan,False,0.000000,0.000000,nan,1.0,0.97297,1.0,1.0,1.0,1.0
296,2589,7584,-,T,nan,False,-0.000073,-0.000016,nan,0.0,0.027027,0.0,0.0,0.0,0.0
296,2589,7584,T,T,nan,False,0.000000,0.000000,nan,1.0,0.97297,1.0,1.0,1.0,1.0
297,2590,7585,-,T,nan,False,-0.000073,-0.000016,nan,0.0,0.027027,0.0,0.0,0.0,0.0
297,2590,7585,T,T,nan,False,0.000000,0.000000,nan,1.0,0.97297,1.0,1.0,1.0,1.0
298,2591,7586,-,G,nan,False,-0.000164,-0.000107,nan,0.0,0.027027,0.0,0.0,0.0,0.0
298,2591,7586,G,G,nan,False,0.000000,0.000000,nan,1.0,0.97297,1.0,1.0,1.0,1.0
299,2592,7587,-,G,nan,False,-0.000164,-0.000107,nan,0.0,0.027027,0.0,0.0,0.0,0.0
299,2592,7587,G,G,nan,False,0.000000,0.000000,nan,1.0,0.97297,1.0,1.0,1.0,1.0
300,2593,7588,-,T,nan,False,-0.000073,-0.000016,nan,0.0,0.027027,0.0,0.0,0.0,0.0
300,2593,7588,T,T,nan,False,0.000000,0.000000,nan,1.0,0.97297,1.0,1.0,1.0,1.0
301,2594,7589,-,A,nan,False,0.000291,0.000348,nan,0.0,0.027027,0.0,0.0,0.0,0.0
301,2594,7589,A,A,nan,False,0.000000,0.000000,nan,1.0,0.97297,1.0,1.0,1.0,1.0
302,2595,7590,-,C,nan,False,-0.000138,-0.000081,nan,0.0,0.027027,0.0,0.0,0.0,0.0
302,2595,7590,C,C,nan,False,0.000000,0.000000,nan,1.0,0.97297,1.0,1.0,1.0,1.0
303,2596,7591,-,G,nan,False,-0.000164,-0.000107,nan,0.0,0.027027,0.0,0.0,0.0,0.0
303,2596,7591,G,G,nan,False,0.000000,0.000000,nan,1.0,0.97297,1.0,1.0,1.0,1.0
304,2597,7592,-,T,nan,False,-0.000073,-0.000016,nan,0.0,0.027027,0.0,0.0,0.0,0.0
304,2597,7592,T,T,nan,False,0.000000,0.000000,nan,1.0,0.97297,1.0,1.0,1.0,1.0
305,2598,7593,-,G,nan,False,-0.000164,-0.000107,nan,0.0,0.027027,0.0,0.0,0.0,0.0
305,2598,7593,G,G,nan,False,0.000000,0.000000,nan,1.0,0.97297,1.0,1.0,1.0,1.0
306,2599,7594,-,A,nan,False,0.000291,0.000348,nan,0.0,0.027027,0.0,0.0,0.0,0.0
306,2599,7594,A,A,nan,False,0.000000,0.000000,nan,1.0,0.97297,1.0,1.0,1.0,1.0
307,2600,7595,-,T,nan,False,-0.000073,-0.000016,nan,0.0,0.027027,0.0,0.0,0.0,0.0
307,2600,7595,T,T,nan,False,0.000000,0.000000,nan,1.0,0.97297,1.0,1.0,1.0,1.0
308,2601,7596,-,G,nan,False,-0.000164,-0.000107,nan,0.0,0.027027,0.0,0.0,0.0,0.0
308,2601,7596,G,G,nan,False,0.000000,0.000000,nan,1.0,0.97297,1.0,1.0,1.0,1.0
309,2602,7597,-,G,nan,False,-0.000164,-0.000107,nan,0.0,0.027027,0.0,0.0,0.0,0.0
309,2602,7597,G,G,nan,False,0.000000,0.000000,nan,1.0,0.97297,1.0,1.0,1.0,1.0
310,2603,7598,-,A,nan,False,0.000291,0.000348,nan,0.0,0.027027,0.0,0.0,0.0,0.0
310,2603,7598,A,A,nan,False,0.000000,0.000000,nan,1.0,0.97297,1.0,1.0,1.0,1.0
311,2604,7599,-,G,nan,False,-0.000164,-0.000107,nan,0.0,0.027027,0.0,0.0,0.0,0.0
311,2604,7599,G,G,nan,False,0.000000,0.000000,nan,1.0,0.97297,1.0,1.0,1.0,1.0
312,2605,7600,-,G,nan,False,0.000541,0.000643,nan,0.0,0.027027,0.0,0.0,0.0,0.0
312,2605,7600,A,G,nan,False,0.000241,0.000358,nan,0.0,0.0,0.0,0.0,0.0,0.15
312,2605,7600,G,G,nan,False,0.000000,0.000000,nan,1.0,0.97297,1.0,1.0,1.0,0.85
313,2606,7601,-,T,nan,False,-0.000073,-0.000016,nan,0.0,0.027027,0.0,0.0,0.0,0.0
313,2606,7601,T,T,nan,False,0.000000,0.000000,nan,1.0,0.97297,1.0,1.0,1.0,1.0
314,2607,7602,-,A,nan,False,0.000291,0.000348,nan,0.0,0.027027,0.0,0.0,0.0,0.0
314,2607,7602,A,A,nan,False,0.000000,0.000000,nan,1.0,0.97297,1.0,1.0,1.0,1.0
315,2608,7603,-,T,nan,False,0.001402,0.001445,nan,0.0,0.027027,0.0,0.0,0.0,0.0
315,2608,7603,A,T,nan,False,0.002418,0.002418,nan,0.0,0.0,0.0,0.0,0.0,0.25
315,2608,7603,T,T,nan,False,0.000000,0.000000,nan,1.0,0.97297,1.0,1.0,1.0,0.75
316,2609,7604,-,C,nan,False,-0.000138,-0.000081,nan,0.0,0.027027,0.0,0.0,0.0,0.0
316,2609,7604,C,C,nan,False,0.000000,0.000000,nan,1.0,0.97297,1.0,1.0,1.0,1.0
317,2610,7605,-,A,nan,False,0.000291,0.000348,nan,0.0,0.027027,0.0,0.0,0.0,0.0
317,2610,7605,A,A,nan,False,0.000000,0.000000,nan,1.0,0.97297,1.0,1.0,1.0,1.0
318,2611,7606,-,C,nan,False,-0.000138,-0.000081,nan,0.0,0.027027,0.0,0.0,0.0,0.0
318,2611,7606,C,C,nan,False,0.000000,0.000000,nan,1.0,0.97297,1.0,1.0,1.0,1.0
319,2612,7607,-,A,nan,False,0.000291,0.000348,nan,0.0,0.027027,0.0,0.0,0.0,0.0
319,2612,7607,A,A,nan,False,0.000000,0.000000,nan,1.0,0.97297,1.0,1.0,1.0,1.0
320,2613,7608,-,A,nan,False,0.000291,0.000348,nan,0.0,0.027027,0.0,0.0,0.0,0.0
320,2613,7608,A,A,nan,False,0.000000,0.000000,nan,1.0,0.97297,1.0,1.0,1.0,1.0
321,2614,7609,-,A,nan,False,0.000717,0.000728,nan,0.0,0.027027,0.0,0.0,0.0,0.0
321,2614,7609,A,A,nan,False,0.000000,0.000000,nan,1.0,0.97297,1.0,1.0,1.0,0.95
321,2614,7609,G,A,nan,False,0.000574,0.000508,nan,0.0,0.0,0.0,0.0,0.0,0.05
322,2615,7610,-,T,nan,False,0.000196,0.000345,nan,0.0,0.027027,0.0,0.0,0.0,0.0
322,2615,7610,A,T,nan,False,-0.000010,-0.000036,nan,0.0,0.0,0.0,0.0,0.0,0.05
322,2615,7610,G,T,nan,False,-0.000220,0.000138,nan,0.0,0.0,0.0,0.0,0.0,0.05
322,2615,7610,T,T,nan,False,0.000000,0.000000,nan,1.0,0.97297,1.0,1.0,1.0,0.9
323,2616,7611,-,A,nan,False,0.000678,0.000613,nan,0.0,0.027027,0.0,0.0,0.0,0.0
323,2616,7611,A,A,nan,False,0.000000,0.000000,nan,1.0,0.97297,1.0,1.0,1.0,0.8
323,2616,7611,G,A,nan,False,0.000495,0.000281,nan,0.0,0.0,0.0,0.0,0.0,0.2
324,2617,7612,-,A,nan,False,0.000291,0.000348,nan,0.0,0.027027,0.0,0.0,0.0,0.0
324,2617,7612,A,A,nan,False,0.000000,0.000000,nan,1.0,0.97297,1.0,1.0,1.0,1.0
325,2618,7613,-,C,nan,False,0.000518,0.000453,nan,0.0,0.027027,0.0,0.0,0.0,0.0
325,2618,7613,A,C,nan,False,0.000644,0.000428,nan,0.0,0.0,0.0,0.0,0.0,0.05
325,2618,7613,C,C,nan,False,0.000000,0.000000,nan,1.0,0.97297,1.0,1.0,1.0,0.95
326,2619,7614,-,A,nan,False,0.000291,0.000348,nan,0.0,0.027027,0.0,0.0,0.0,0.0
326,2619,7614,A,A,nan,False,0.000000,0.000000,nan,1.0,0.97297,1.0,1.0,1.0,1.0
327,2620,7615,-,A,nan,False,0.001127,0.000889,nan,0.0,0.027027,0.0,0.0,0.0,0.0
327,2620,7615,A,A,nan,False,0.000000,0.000000,nan,1.0,0.97297,1.0,1.0,1.0,0.25
327,2620,7615,G,A,nan,False,0.001398,0.000836,nan,0.0,0.0,0.0,0.0,0.0,0.75
328,2621,7616,-,C,nan,False,-0.000138,-0.000081,nan,0.0,0.027027,0.0,0.0,0.0,0.0
328,2621,7616,C,C,nan,False,0.000000,0.000000,nan,1.0,0.97297,1.0,1.0,1.0,1.0
329,2622,7617,-,A,nan,False,0.000291,0.000348,nan,0.0,0.027027,0.0,0.0,0.0,0.0
329,2622,7617,A,A,nan,False,0.000000,0.000000,nan,1.0,0.97297,1.0,1.0,1.0,1.0
330,2623,7618,-,C,nan,False,0.001178,0.000990,nan,0.0,0.027027,0.0,0.0,0.0,0.0
330,2623,7618,C,C,nan,False,0.000000,0.000000,nan,1.0,0.97297,1.0,1.0,1.0,0.45
330,2623,7618,T,C,nan,False,0.001667,0.001204,nan,0.0,0.0,0.0,0.0,0.0,0.55
331,2624,7619,-,A,nan,False,0.000291,0.000348,nan,0.0,0.027027,0.0,0.0,0.0,0.0
331,2624,7619,A,A,nan,False,0.000000,0.000000,nan,1.0,0.97297,1.0,1.0,1.0,1.0
332,2625,7620,-,G,nan,False,-0.000164,-0.000107,nan,0.0,0.027027,0.0,0.0,0.0,0.0
332,2625,7620,G,G,nan,False,0.000000,0.000000,nan,1.0,0.97297,1.0,1.0,1.0,1.0
333,2626,7621,-,A,nan,False,0.000291,0.000348,nan,0.0,0.027027,0.0,0.0,0.0,0.0
333,2626,7621,A,A,nan,False,0.000000,0.000000,nan,1.0,0.97297,1.0,1.0,1.0,1.0
334,2627,7622,-,G,nan,False,-0.000164,-0.000107,nan,0.0,0.027027,0.0,0.0,0.0,0.0
334,2627,7622,G,G,nan,False,0.000000,0.000000,nan,1.0,0.97297,1.0,1.0,1.0,1.0
335,2628,7623,-,A,nan,False,0.000291,0.000348,nan,0.0,0.027027,0.0,0.0,0.0,0.0
335,2628,7623,A,A,nan,False,0.000000,0.000000,nan,1.0,0.97297,1.0,1.0,1.0,1.0
336,2629,7624,-,C,nan,False,0.000785,0.000765,nan,0.0,0.027027,0.0,0.0,0.0,0.0
336,2629,7624,C,C,nan,False,0.000000,0.000000,nan,1.0,0.97297,1.0,1.0,1.0,0.45
336,2629,7624,T,C,nan,False,0.000880,0.000755,nan,0.0,0.0,0.0,0.0,0.0,0.55
337,2630,7625,-,A,nan,False,0.000291,0.000348,nan,0.0,0.027027,0.0,0.0,0.0,0.0
337,2630,7625,A,A,nan,False,0.000000,0.000000,nan,1.0,0.97297,1.0,1.0,1.0,1.0
338,2631,7626,-,T,nan,False,-0.000073,-0.000016,nan,0.0,0.027027,0.0,0.0,0.0,0.0
338,2631,7626,T,T,nan,False,0.000000,0.000000,nan,1.0,0.97297,1.0,1.0,1.0,1.0
339,2632,7627,-,T,nan,False,-0.000073,-0.000016,nan,0.0,0.027027,0.0,0.0,0.0,0.0
339,2632,7627,T,T,nan,False,0.000000,0.000000,nan,1.0,0.97297,1.0,1.0,1.0,1.0
340,2633,7628,-,C,nan,False,0.003627,0.000294,nan,0.0,0.027027,0.0,0.0,0.0,0.0
340,2633,7628,C,C,nan,False,0.000000,0.000000,nan,1.0,0.97297,1.0,0.91304,1.0,1.0
340,2633,7628,T,C,nan,False,0.006562,-0.000190,nan,0.0,0.0,0.0,0.086957,0.0,0.0
341,2634,7629,-,A,nan,False,0.000291,0.000348,nan,0.0,0.027027,0.0,0.0,0.0,0.0
341,2634,7629,A,A,nan,False,0.000000,0.000000,nan,1.0,0.97297,1.0,1.0,1.0,1.0
342,2635,7630,-,G,nan,False,-0.000164,-0.000107,nan,0.0,0.027027,0.0,0.0,0.0,0.0
342,2635,7630,G,G,nan,False,0.000000,0.000000,nan,1.0,0.97297,1.0,1.0,1.0,1.0
343,2636,7631,-,A,nan,False,0.000291,0.000348,nan,0.0,0.027027,0.0,0.0,0.0,0.0
343,2636,7631,A,A,nan,False,0.000000,0.000000,nan,1.0,0.97297,1.0,1.0,1.0,1.0
344,2637,7632,-,C,nan,False,-0.000138,-0.000081,nan,0.0,0.027027,0.0,0.0,0.0,0.0
344,2637,7632,C,C,nan,False,0.000000,0.000000,nan,1.0,0.97297,1.0,1.0,1.0,1.0
345,2638,7633,-,C,nan,False,-0.000138,-0.000081,nan,0.0,0.027027,0.0,0.0,0.0,0.0
345,2638,7633,C,C,nan,False,0.000000,0.000000,nan,1.0,0.97297,1.0,1.0,1.0,1.0
346,2639,7634,-,T,nan,False,-0.000073,-0.000016,nan,0.0,0.027027,0.0,0.0,0.0,0.0
346,2639,7634,T,T,nan,False,0.000000,0.000000,nan,1.0,0.97297,1.0,1.0,1.0,1.0
347,2640,7635,-,G,nan,False,-0.000164,-0.000107,nan,0.0,0.027027,0.0,0.0,0.0,0.0
347,2640,7635,G,G,nan,False,0.000000,0.000000,nan,1.0,0.97297,1.0,1.0,1.0,1.0
348,2641,7636,-,G,nan,False,-0.000164,-0.000107,nan,0.0,0.027027,0.0,0.0,0.0,0.0
348,2641,7636,G,G,nan,False,0.000000,0.000000,nan,1.0,0.97297,1.0,1.0,1.0,1.0
349,2642,7637,-,A,nan,False,0.000291,0.000348,nan,0.0,0.027027,0.0,0.0,0.0,0.0
349,2642,7637,A,A,nan,False,0.000000,0.000000,nan,1.0,0.97297,1.0,1.0,1.0,1.0
350,2643,7638,-,G,nan,False,-0.000164,-0.000107,nan,0.0,0.027027,0.0,0.0,0.0,0.0
350,2643,7638,G,G,nan,False,0.000000,0.000000,nan,1.0,0.97297,1.0,1.0,1.0,1.0
351,2644,7639,-,G,nan,False,-0.000164,-0.000107,nan,0.0,0.027027,0.0,0.0,0.0,0.0
351,2644,7639,G,G,nan,False,0.000000,0.000000,nan,1.0,0.97297,1.0,1.0,1.0,1.0
352,2645,7640,-,A,nan,False,0.000291,0.000348,nan,0.0,0.027027,0.0,0.0,0.0,0.0
352,2645,7640,A,A,nan,False,0.000000,0.000000,nan,1.0,0.97297,1.0,1.0,1.0,1.0
353,2646,7641,-,G,nan,False,-0.000164,-0.000107,nan,0.0,0.027027,0.0,0.0,0.0,0.0
353,2646,7641,G,G,nan,False,0.000000,0.000000,nan,1.0,0.97297,1.0,1.0,1.0,1.0
354,2647,7642,-,G,nan,False,-0.000164,-0.000107,nan,0.0,0.027027,0.0,0.0,0.0,0.0
354,2647,7642,G,G,nan,False,0.000000,0.000000,nan,1.0,0.97297,1.0,1.0,1.0,1.0
355,2648,7643,-,A,nan,False,0.000291,0.000348,nan,0.0,0.027027,0.0,0.0,0.0,0.0
355,2648,7643,A,A,nan,False,0.000000,0.000000,nan,1.0,0.97297,1.0,1.0,1.0,1.0
356,2649,7644,-,G,nan,False,-0.000164,-0.000107,nan,0.0,0.027027,0.0,0.0,0.0,0.0
356,2649,7644,G,G,nan,False,0.000000,0.000000,nan,1.0,0.97297,1.0,1.0,1.0,1.0
357,2650,7645,-,A,nan,False,0.000462,-0.000339,nan,0.0,0.027027,0.0,0.043478,0.0,0.0
357,2650,7645,A,A,nan,False,0.000000,0.000000,nan,1.0,0.97297,1.0,0.95652,1.0,1.0
358,2651,7646,-,T,nan,False,0.000101,-0.000700,nan,0.0,0.027027,0.0,0.043478,0.0,0.0
358,2651,7646,T,T,nan,False,0.000000,0.000000,nan,1.0,0.97297,1.0,0.95652,1.0,1.0
359,2652,7647,-,A,nan,False,0.000291,0.000348,nan,0.0,0.027027,0.0,0.0,0.0,0.0
359,2652,7647,A,A,nan,False,0.000000,0.000000,nan,1.0,0.97297,1.0,1.0,1.0,1.0
360,2653,7648,-,T,nan,False,-0.000073,-0.000016,nan,0.0,0.027027,0.0,0.0,0.0,0.0
360,2653,7648,T,T,nan,False,0.000000,0.000000,nan,1.0,0.97297,1.0,1.0,1.0,1.0
361,2654,7649,-,G,nan,False,-0.000164,-0.000107,nan,0.0,0.027027,0.0,0.0,0.0,0.0
361,2654,7649,G,G,nan,False,0.000000,0.000000,nan,1.0,0.97297,1.0,1.0,1.0,1.0
362,2655,7650,-,A,nan,False,0.000291,0.000348,nan,0.0,0.027027,0.0,0.0,0.0,0.0
362,2655,7650,A,A,nan,False,0.000000,0.000000,nan,1.0,0.97297,1.0,1.0,1.0,1.0
363,2656,7651,-,G,nan,False,-0.000164,-0.000107,nan,0.0,0.027027,0.0,0.0,0.0,0.0
363,2656,7651,G,G,nan,False,0.000000,0.000000,nan,1.0,0.97297,1.0,1.0,1.0,1.0
364,2657,7652,-,G,nan,False,-0.000164,-0.000107,nan,0.0,0.027027,0.0,0.0,0.0,0.0
364,2657,7652,G,G,nan,False,0.000000,0.000000,nan,1.0,0.97297,1.0,1.0,1.0,1.0
365,2658,7653,-,G,nan,False,-0.000164,-0.000107,nan,0.0,0.027027,0.0,0.0,0.0,0.0
365,2658,7653,G,G,nan,False,0.000000,0.000000,nan,1.0,0.97297,1.0,1.0,1.0,1.0
366,2659,7654,-,A,nan,False,0.000291,0.000348,nan,0.0,0.027027,0.0,0.0,0.0,0.0
366,2659,7654,A,A,nan,False,0.000000,0.000000,nan,1.0,0.97297,1.0,1.0,1.0,1.0
367,2660,7655,-,C,nan,False,-0.000138,-0.000081,nan,0.0,0.027027,0.0,0.0,0.0,0.0
367,2660,7655,C,C,nan,False,0.000000,0.000000,nan,1.0,0.97297,1.0,1.0,1.0,1.0
368,2661,7656,-,A,nan,False,0.000291,0.000348,nan,0.0,0.027027,0.0,0.0,0.0,0.0
368,2661,7656,A,A,nan,False,0.000000,0.000000,nan,1.0,0.97297,1.0,1.0,1.0,1.0
369,2662,7657,-,A,nan,False,0.000291,0.000348,nan,0.0,0.027027,0.0,0.0,0.0,0.0
369,2662,7657,A,A,nan,False,0.000000,0.000000,nan,1.0,0.97297,1.0,1.0,1.0,1.0
370,2663,7658,-,T,nan,False,-0.000073,-0.000016,nan,0.0,0.027027,0.0,0.0,0.0,0.0
370,2663,7658,T,T,nan,False,0.000000,0.000000,nan,1.0,0.97297,1.0,1.0,1.0,1.0
371,2664,7659,-,T,nan,False,-0.000073,-0.000016,nan,0.0,0.027027,0.0,0.0,0.0,0.0
371,2664,7659,T,T,nan,False,0.000000,0.000000,nan,1.0,0.97297,1.0,1.0,1.0,1.0
372,2665,7660,-,G,nan,False,-0.000164,-0.000107,nan,0.0,0.027027,0.0,0.0,0.0,0.0
372,2665,7660,G,G,nan,False,0.000000,0.000000,nan,1.0,0.97297,1.0,1.0,1.0,1.0
373,2666,7661,-,G,nan,False,-0.000164,-0.000107,nan,0.0,0.027027,0.0,0.0,0.0,0.0
373,2666,7661,G,G,nan,False,0.000000,0.000000,nan,1.0,0.97297,1.0,1.0,1.0,1.0
374,2667,7662,-,A,nan,False,0.000291,0.000348,nan,0.0,0.027027,0.0,0.0,0.0,0.0
374,2667,7662,A,A,nan,False,0.000000,0.000000,nan,1.0,0.97297,1.0,1.0,1.0,1.0
375,2668,7663,-,G,nan,False,-0.000164,-0.000107,nan,0.0,0.027027,0.0,0.0,0.0,0.0
375,2668,7663,G,G,nan,False,0.000000,0.000000,nan,1.0,0.97297,1.0,1.0,1.0,1.0
376,2669,7664,-,A,nan,False,0.000291,0.000348,nan,0.0,0.027027,0.0,0.0,0.0,0.0
376,2669,7664,A,A,nan,False,0.000000,0.000000,nan,1.0,0.97297,1.0,1.0,1.0,1.0
377,2670,7665,-,A,nan,False,0.000291,0.000348,nan,0.0,0.027027,0.0,0.0,0.0,0.0
377,2670,7665,A,A,nan,False,0.000000,0.000000,nan,1.0,0.97297,1.0,1.0,1.0,1.0
378,2671,7666,-,G,nan,False,-0.000164,-0.000107,nan,0.0,0.027027,0.0,0.0,0.0,0.0
378,2671,7666,G,G,nan,False,0.000000,0.000000,nan,1.0,0.97297,1.0,1.0,1.0,1.0
379,2672,7667,-,C,nan,False,-0.000138,-0.000081,nan,0.0,0.027027,0.0,0.0,0.0,0.0
379,2672,7667,C,C,nan,False,0.000000,0.000000,nan,1.0,0.97297,1.0,1.0,1.0,1.0
380,2673,7668,-,G,nan,False,-0.000164,-0.000107,nan,0.0,0.027027,0.0,0.0,0.0,0.0
380,2673,7668,G,G,nan,False,0.000000,0.000000,nan,1.0,0.97297,1.0,1.0,1.0,1.0
381,2674,7669,-,A,nan,False,0.000291,0.000348,nan,0.0,0.027027,0.0,0.0,0.0,0.0
381,2674,7669,A,A,nan,False,0.000000,0.000000,nan,1.0,0.97297,1.0,1.0,1.0,1.0
382,2675,7670,-,A,nan,False,0.000291,0.000348,nan,0.0,0.027027,0.0,0.0,0.0,0.0
382,2675,7670,A,A,nan,False,0.000000,0.000000,nan,1.0,0.97297,1.0,1.0,1.0,1.0
383,2676,7671,-,T,nan,False,-0.000073,-0.000016,nan,0.0,0.027027,0.0,0.0,0.0,0.0
383,2676,7671,T,T,nan,False,0.000000,0.000000,nan,1.0,0.97297,1.0,1.0,1.0,1.0
384,2677,7672,-,T,nan,False,-0.000073,-0.000016,nan,0.0,0.027027,0.0,0.0,0.0,0.0
384,2677,7672,T,T,nan,False,0.000000,0.000000,nan,1.0,0.97297,1.0,1.0,1.0,1.0
385,2678,7673,-,A,nan,False,0.000291,0.000348,nan,0.0,0.027027,0.0,0.0,0.0,0.0
385,2678,7673,A,A,nan,False,0.000000,0.000000,nan,1.0,0.97297,1.0,1.0,1.0,1.0
386,2679,7674,-,T,nan,False,-0.000073,-0.000016,nan,0.0,0.027027,0.0,0.0,0.0,0.0
386,2679,7674,T,T,nan,False,0.000000,0.000000,nan,1.0,0.97297,1.0,1.0,1.0,1.0
387,2680,7675,-,A,nan,False,0.000291,0.000348,nan,0.0,0.027027,0.0,0.0,0.0,0.0
387,2680,7675,A,A,nan,False,0.000000,0.000000,nan,1.0,0.97297,1.0,1.0,1.0,1.0
388,2681,7676,-,T,nan,False,-0.000073,-0.000016,nan,0.0,0.027027,0.0,0.0,0.0,0.0
388,2681,7676,T,T,nan,False,0.000000,0.000000,nan,1.0,0.97297,1.0,1.0,1.0,1.0
389,2682,7677,-,A,nan,False,0.000291,0.000348,nan,0.0,0.027027,0.0,0.0,0.0,0.0
389,2682,7677,A,A,nan,False,0.000000,0.000000,nan,1.0,0.97297,1.0,1.0,1.0,1.0
390,2683,7678,-,A,nan,False,0.000430,0.000567,nan,0.0,0.027027,0.0,0.0,0.0,0.0
390,2683,7678,A,A,nan,False,0.000000,0.000000,nan,1.0,0.97297,1.0,1.0,1.0,0.95
390,2683,7678,G,A,nan,False,-0.000002,0.000187,nan,0.0,0.0,0.0,0.0,0.0,0.05
391,2684,7679,-,A,nan,False,0.000291,0.000348,nan,0.0,0.027027,0.0,0.0,0.0,0.0
391,2684,7679,A,A,nan,False,0.000000,0.000000,nan,1.0,0.97297,1.0,1.0,1.0,1.0
392,2685,7680,-,T,nan,False,-0.000073,-0.000016,nan,0.0,0.027027,0.0,0.0,0.0,0.0
392,2685,7680,T,T,nan,False,0.000000,0.000000,nan,1.0,0.97297,1.0,1.0,1.0,1.0
393,2686,7681,-,A,nan,False,0.000291,0.000348,nan,0.0,0.027027,0.0,0.0,0.0,0.0
393,2686,7681,A,A,nan,False,0.000000,0.000000,nan,1.0,0.97297,1.0,1.0,1.0,1.0
394,2687,7682,-,T,nan,False,-0.000073,-0.000016,nan,0.0,0.027027,0.0,0.0,0.0,0.0
394,2687,7682,T,T,nan,False,0.000000,0.000000,nan,1.0,0.97297,1.0,1.0,1.0,1.0
395,2688,7683,-,A,nan,False,0.000291,0.000348,nan,0.0,0.027027,0.0,0.0,0.0,0.0
395,2688,7683,A,A,nan,False,0.000000,0.000000,nan,1.0,0.97297,1.0,1.0,1.0,1.0
396,2689,7684,-,A,nan,False,0.000291,0.000348,nan,0.0,0.027027,0.0,0.0,0.0,0.0
396,2689,7684,A,A,nan,False,0.000000,0.000000,nan,1.0,0.97297,1.0,1.0,1.0,1.0
397,2690,7685,-,A,nan,False,0.000383,0.000011,nan,0.0,0.027027,0.0,0.0,0.0,0.0
397,2690,7685,A,A,nan,False,0.000000,0.000000,nan,1.0,0.97297,1.0,0.95652,1.0,1.0
397,2690,7685,G,A,nan,False,-0.000095,-0.000925,nan,0.0,0.0,0.0,0.043478,0.0,0.0
398,2691,7686,-,G,nan,False,0.010737,0.013360,nan,0.0,0.027027,0.0,0.0,0.0,0.0
398,2691,7686,A,G,nan,False,0.020634,0.025795,nan,0.0,0.0,0.1,0.0,0.0,0.0
398,2691,7686,G,G,nan,False,0.000000,0.000000,nan,1.0,0.97297,0.9,1.0,1.0,1.0
399,2692,7687,-,T,nan,False,-0.000073,-0.000016,nan,0.0,0.027027,0.0,0.0,0.0,0.0
399,2692,7687,T,T,nan,False,0.000000,0.000000,nan,1.0,0.97297,1.0,1.0,1.0,1.0
400,2693,7688,-,G,nan,False,0.000496,0.000431,nan,0.0,0.027027,0.0,0.0,0.0,0.0
400,2693,7688,A,G,nan,False,0.000151,-0.000064,nan,0.0,0.0,0.0,0.0,0.0,0.05
400,2693,7688,G,G,nan,False,0.000000,0.000000,nan,1.0,0.97297,1.0,1.0,1.0,0.95
401,2694,7689,-,G,nan,False,-0.000164,-0.000107,nan,0.0,0.027027,0.0,0.0,0.0,0.0
401,2694,7689,G,G,nan,False,0.000000,0.000000,nan,1.0,0.97297,1.0,1.0,1.0,1.0
402,2695,7690,-,T,nan,False,-0.000073,-0.000016,nan,0.0,0.027027,0.0,0.0,0.0,0.0
402,2695,7690,T,T,nan,False,0.000000,0.000000,nan,1.0,0.97297,1.0,1.0,1.0,1.0
403,2696,7691,-,A,nan,False,0.000291,0.000348,nan,0.0,0.027027,0.0,0.0,0.0,0.0
403,2696,7691,A,A,nan,False,0.000000,0.000000,nan,1.0,0.97297,1.0,1.0,1.0,1.0
404,2697,7692,-,G,nan,False,-0.000164,-0.000107,nan,0.0,0.027027,0.0,0.0,0.0,0.0
404,2697,7692,G,G,nan,False,0.000000,0.000000,nan,1.0,0.97297,1.0,1.0,1.0,1.0
405,2698,7693,-,A,nan,False,0.000291,0.000348,nan,0.0,0.027027,0.0,0.0,0.0,0.0
405,2698,7693,A,A,nan,False,0.000000,0.000000,nan,1.0,0.97297,1.0,1.0,1.0,1.0
406,2729,7724,A,G,nan,False,-0.001223,-0.001467,nan,0.0,0.0,0.0,0.0,0.0,0.05
406,2729,7724,G,G,nan,False,0.000000,0.000000,nan,1.0,1.0,1.0,1.0,1.0,0.95
407,2750,7745,A,G,nan,False,-0.002521,-0.001724,nan,0.0,0.0,0.0,0.0,0.0,0.05
407,2750,7745,G,G,nan,False,0.000000,0.000000,nan,1.0,1.0,1.0,1.0,1.0,0.95
408,2752,7747,A,G,nan,False,0.012269,0.015805,nan,0.0,0.0,0.1,0.0,0.0,0.0
408,2752,7747,G,G,nan,False,0.000000,0.000000,nan,1.0,1.0,0.9,1.0,1.0,1.0
409,2756,7751,A,A,nan,False,0.000000,0.000000,nan,1.0,1.0,1.0,1.0,1.0,0.95
409,2756,7751,G,A,nan,False,-0.001631,-0.000834,nan,0.0,0.0,0.0,0.0,0.0,0.05
410,2775,7770,G,G,nan,False,0.000000,0.000000,nan,1.0,1.0,1.0,0.95652,1.0,1.0
410,2775,7770,T,G,nan,False,-0.002276,-0.003073,nan,0.0,0.0,0.0,0.043478,0.0,0.0
411,2780,7775,C,T,nan,False,0.001059,0.001393,nan,0.0,0.0,0.0,0.0,0.090909,0.05
411,2780,7775,T,T,nan,False,0.000000,0.000000,nan,1.0,1.0,1.0,1.0,0.90909,0.95
412,2781,7776,A,A,nan,False,0.000000,0.000000,nan,1.0,0.97297,1.0,1.0,1.0,0.95
412,2781,7776,G,A,nan,False,-0.003710,-0.004239,nan,0.0,0.027027,0.0,0.0,0.0,0.05
413,2854,7849,A,G,nan,False,-0.001223,-0.001467,nan,0.0,0.0,0.0,0.0,0.0,0.05
413,2854,7849,G,G,nan,False,0.000000,0.000000,nan,1.0,1.0,1.0,1.0,1.0,0.95
414,2887,7882,A,G,nan,False,-0.001601,-0.001368,nan,0.0,0.0,0.0,0.0,0.0,0.05
414,2887,7882,G,G,nan,False,0.000000,0.000000,nan,1.0,1.0,1.0,1.0,1.0,0.95
415,2913,7908,C,C,nan,False,0.000000,0.000000,nan,1.0,0.97297,1.0,1.0,1.0,1.0
415,2913,7908,T,C,nan,False,-0.005253,-0.005688,nan,0.0,0.027027,0.0,0.0,0.0,0.0
416,2921,7916,C,T,nan,False,0.000604,0.001319,nan,0.0,0.0,0.0,0.0,0.090909,0.0
416,2921,7916,T,T,nan,False,0.000000,0.000000,nan,1.0,1.0,1.0,1.0,0.90909,1.0
417,2930,7925,A,A,nan,False,0.000000,0.000000,nan,1.0,1.0,1.0,1.0,1.0,0.95
417,2930,7925,G,A,nan,False,-0.001659,-0.001541,nan,0.0,0.0,0.0,0.0,0.0,0.05
418,2946,7941,A,A,nan,False,0.000000,0.000000,nan,1.0,1.0,1.0,1.0,0.90909,1.0
418,2946,7941,G,A,nan,False,0.005552,0.004715,nan,0.0,0.0,0.0,0.0,0.090909,0.0
419,2951,7946,A,G,nan,False,0.000559,0.000046,nan,0.0,0.0,0.0,0.0,0.0,0.1
419,2951,7946,G,G,nan,False,0.000000,0.000000,nan,1.0,1.0,1.0,1.0,1.0,0.9
420,2999,7994,A,A,nan,False,0.000000,0.000000,nan,1.0,1.0,1.0,1.0,1.0,0.95
420,2999,7994,G,A,nan,False,-0.000017,-0.000076,nan,0.0,0.0,0.0,0.0,0.0,0.05
421,3103,8098,A,A,nan,False,0.000000,0.000000,nan,1.0,1.0,0.9,1.0,1.0,1.0
421,3103,8098,G,A,nan,False,-0.000783,0.002722,nan,0.0,0.0,0.1,0.0,0.0,0.0
422,3125,8120,C,T,nan,False,-0.000371,-0.000304,nan,0.0,0.0,0.0,0.0,0.090909,0.0
422,3125,8120,T,T,nan,False,0.000000,0.000000,nan,1.0,1.0,1.0,1.0,0.90909,1.0
423,3158,8153,C,C,nan,False,0.000000,0.000000,nan,1.0,1.0,1.0,1.0,1.0,0.95
423,3158,8153,T,C,nan,False,-0.000293,-0.000416,nan,0.0,0.0,0.0,0.0,0.0,0.05
424,3168,8163,A,G,nan,False,-0.002881,-0.003678,nan,0.0,0.0,0.0,0.043478,0.0,0.0
424,3168,8163,G,G,nan,False,0.000000,0.000000,nan,1.0,1.0,1.0,0.95652,1.0,1.0
425,3181,8176,A,C,nan,False,0.012768,0.016304,nan,0.0,0.0,0.1,0.0,0.0,0.0
425,3181,8176,C,C,nan,False,0.000000,0.000000,nan,1.0,1.0,0.9,1.0,1.0,1.0
426,3184,8179,A,A,nan,False,0.000000,0.000000,nan,1.0,1.0,1.0,1.0,1.0,0.95
426,3184,8179,G,A,nan,False,-0.001631,-0.000834,nan,0.0,0.0,0.0,0.0,0.0,0.05
427,3191,8186,A,G,nan,False,-0.000497,-0.000621,nan,0.0,0.0,0.0,0.0,0.0,0.05
427,3191,8186,G,G,nan,False,0.000000,0.000000,nan,1.0,1.0,1.0,1.0,1.0,0.95
428,3192,8187,A,A,nan,False,0.000000,0.000000,nan,1.0,1.0,1.0,1.0,1.0,0.3
428,3192,8187,G,A,nan,False,0.001622,0.001267,nan,0.0,0.0,0.0,0.0,0.0,0.7
429,3228,8223,-,A,nan,False,0.000821,0.000706,nan,0.0,0.0,0.0,0.0,0.090909,0.0
429,3228,8223,A,A,nan,False,0.000000,0.000000,nan,1.0,1.0,1.0,1.0,0.90909,0.95
429,3228,8223,G,A,nan,False,0.000431,0.000330,nan,0.0,0.0,0.0,0.0,0.0,0.05
430,3326,8321,G,T,nan,False,-0.000573,-0.000817,nan,0.0,0.0,0.0,0.0,0.0,0.05
430,3326,8321,T,T,nan,False,0.000000,0.000000,nan,1.0,1.0,1.0,1.0,1.0,0.95
431,3399,8393a,-,C,nan,False,0.001997,0.001235,nan,0.0,0.0,0.0,0.043478,0.36364,1.0
431,3399,8393a,C,C,nan,False,0.000000,0.000000,nan,1.0,1.0,1.0,0.95652,0.63636,0.0
432,3400,8393b,-,C,nan,False,0.001997,0.001235,nan,0.0,0.0,0.0,0.043478,0.36364,1.0
432,3400,8393b,C,C,nan,False,0.000000,0.000000,nan,1.0,1.0,1.0,0.95652,0.63636,0.0
433,3401,8393c,-,G,nan,False,0.001983,0.001221,nan,0.0,0.0,0.0,0.043478,0.36364,1.0
433,3401,8393c,G,G,nan,False,0.000000,0.000000,nan,1.0,1.0,1.0,0.95652,0.63636,0.0
434,3402,8394,A,A,nan,False,0.000000,0.000000,nan,1.0,1.0,1.0,0.95652,0.63636,0.0
434,3402,8394,C,A,nan,False,0.002651,0.001889,nan,0.0,0.0,0.0,0.043478,0.36364,1.0
435,3406,8398,C,G,nan,False,0.000197,-0.000907,nan,0.0,0.0,0.0,0.043478,0.0,0.0
435,3406,8398,G,G,nan,False,0.000000,0.000000,nan,1.0,1.0,1.0,0.95652,1.0,1.0
436,3419,8411,A,G,nan,False,-0.000580,-0.000437,nan,0.0,0.0,0.0,0.0,0.0,0.4
436,3419,8411,G,G,nan,False,0.000000,0.000000,nan,1.0,1.0,1.0,1.0,1.0,0.6
437,3460,8452,A,G,nan,False,0.001784,0.001076,nan,0.0,0.0,0.0,0.0,0.0,0.85
437,3460,8452,G,G,nan,False,0.000000,0.000000,nan,1.0,1.0,1.0,1.0,1.0,0.15
438,3467,8459,A,C,nan,False,0.000401,0.000490,nan,0.0,0.0,0.0,0.0,0.0,0.15
438,3467,8459,C,C,nan,False,0.000000,0.000000,nan,1.0,1.0,1.0,1.0,1.0,0.85
439,3493,8485,C,C,nan,False,0.000000,0.000000,nan,1.0,0.97297,1.0,1.0,1.0,1.0
439,3493,8485,T,C,nan,False,0.001658,0.002229,nan,0.0,0.027027,0.0,0.0,0.0,0.0
440,3635,8606,A,G,nan,False,-0.002521,-0.001724,nan,0.0,0.0,0.0,0.0,0.0,0.05
440,3635,8606,G,G,nan,False,0.000000,0.000000,nan,1.0,1.0,1.0,1.0,1.0,0.95
441,3700,8671,A,A,nan,False,0.000000,0.000000,nan,1.0,0.97297,1.0,1.0,1.0,1.0
441,3700,8671,T,A,nan,False,-0.000908,-0.003119,nan,0.0,0.027027,0.0,0.0,0.0,0.0
442,3722,8693,A,T,nan,False,-0.001045,-0.001083,nan,0.0,0.0,0.0,0.0,0.0,0.05
442,3722,8693,T,T,nan,False,0.000000,0.000000,nan,1.0,1.0,1.0,1.0,1.0,0.95
443,3724,8695,A,A,nan,False,0.000000,0.000000,nan,1.0,1.0,1.0,1.0,1.0,0.95
443,3724,8695,G,A,nan,False,-0.000606,-0.000481,nan,0.0,0.0,0.0,0.0,0.0,0.05
444,3744,8715,A,G,nan,False,0.014424,0.015016,nan,0.0,0.0,0.1,0.043478,0.0,0.0
444,3744,8715,G,G,nan,False,0.000000,0.000000,nan,1.0,1.0,0.9,0.95652,1.0,1.0
445,3753,8724,A,A,nan,False,0.000000,0.000000,nan,1.0,1.0,1.0,1.0,1.0,0.95
445,3753,8724,C,A,nan,False,0.000120,-0.000172,nan,0.0,0.0,0.0,0.0,0.0,0.05
446,3754,8725,A,G,nan,False,0.000675,-0.002269,nan,0.0,0.0,0.0,0.043478,0.0,0.0
446,3754,8725,G,G,nan,False,0.000000,0.000000,nan,1.0,1.0,1.0,0.95652,1.0,1.0
447,3807,8778,A,G,nan,False,0.020323,0.025454,nan,0.0,0.0,0.1,0.0,0.0,0.0
447,3807,8778,G,G,nan,False,0.000000,0.000000,nan,1.0,1.0,0.9,1.0,1.0,1.0
448,3952,8917,A,G,nan,False,0.001472,0.002043,nan,0.0,0.027027,0.0,0.0,0.0,0.0
448,3952,8917,G,G,nan,False,0.000000,0.000000,nan,1.0,0.97297,1.0,1.0,1.0,1.0
449,3964,8929,A,A,nan,False,0.000000,0.000000,nan,1.0,1.0,1.0,0.95652,1.0,1.0
449,3964,8929,C,A,nan,False,-0.000238,-0.000026,nan,0.0,0.0,0.0,0.043478,0.0,0.0
450,3971,8936,A,A,nan,False,0.000000,0.000000,nan,1.0,1.0,1.0,0.95652,1.0,1.0
450,3971,8936,C,A,nan,False,-0.000238,-0.000026,nan,0.0,0.0,0.0,0.043478,0.0,0.0
451,3984,8949,C,T,nan,False,-0.000398,-0.000407,nan,0.0,0.0,0.0,0.0,0.0,0.35
451,3984,8949,T,T,nan,False,0.000000,0.000000,nan,1.0,1.0,1.0,1.0,1.0,0.65
452,4016,8981,A,A,nan,False,0.000000,0.000000,nan,1.0,1.0,1.0,1.0,1.0,0.95
452,4016,8981,C,A,nan,False,0.000120,-0.000172,nan,0.0,0.0,0.0,0.0,0.0,0.05
453,4023,8988,A,A,EEVGFPVRPQV,False,0.000000,0.000000,nan,1.0,1.0,1.0,0.95652,1.0,1.0
453,4023,8988,C,A,EEVGFPVRPQV,True,-0.000238,-0.000026,0.08521389,0.0,0.0,0.0,0.043478,0.0,0.0
454,4024,8988a,A,G,EEVGFPVRPQV,True,0.025596,0.005546,0.08521389,0.0,0.0,0.0,0.3913,0.0,0.0
454,4024,8988a,G,G,EEVGFPVRPQV,False,0.000000,0.000000,nan,1.0,1.0,1.0,0.6087,1.0,1.0
455,4025,8988b,A,A,EEVGFPVRPQV,False,0.000000,0.000000,nan,1.0,1.0,1.0,0.86957,0.72727,1.0
455,4025,8988b,G,A,EEVGFPVRPQV,True,0.018760,0.001724,0.08521389,0.0,0.0,0.0,0.13043,0.27273,0.0
456,4026,8988c,A,A,EEVGFPVRPQV,False,0.000000,0.000000,nan,1.0,1.0,1.0,1.0,1.0,0.15
456,4026,8988c,C,A,EEVGFPVRPQV,True,0.002717,0.002008,0.08521389,0.0,0.0,0.0,0.0,0.0,0.85
457,4028,8990,A,A,EEVGFPVRPQV,False,0.000000,0.000000,nan,1.0,1.0,1.0,0.6087,0.27273,1.0
457,4028,8990,G,A,EEVGFPVRPQV,True,0.022653,0.002821,0.08521389,0.0,0.0,0.0,0.3913,0.72727,0.0
458,4029,8991,A,A,EEVGFPVRPQV,False,0.000000,0.000000,nan,1.0,1.0,1.0,0.95652,1.0,0.85
458,4029,8991,C,A,EEVGFPVRPQV,True,0.011941,0.002865,0.08521389,0.0,0.0,0.0,0.043478,0.0,0.15
459,4035,8997,C,C,EEVGFPVRPQV,False,0.000000,0.000000,nan,1.0,1.0,1.0,1.0,1.0,0.8
459,4035,8997,T,C,EEVGFPVRPQV,False,-0.000943,-0.001230,nan,0.0,0.0,0.0,0.0,0.0,0.2
460,4059,9021,A,T,nan,False,-0.000118,-0.000387,nan,0.0,0.0,0.0,0.0,0.0,0.05
460,4059,9021,T,T,nan,False,0.000000,0.000000,nan,1.0,1.0,1.0,1.0,1.0,0.95
461,4089,9051,C,T,nan,False,-0.000864,-0.001273,nan,0.0,0.0,0.0,0.0,0.0,0.05
461,4089,9051,T,T,nan,False,0.000000,0.000000,nan,1.0,1.0,1.0,1.0,1.0,0.95
462,4138,9100,C,C,nan,False,0.000000,0.000000,nan,1.0,1.0,1.0,1.0,1.0,0.95
462,4138,9100,T,C,nan,False,0.000089,-0.000498,nan,0.0,0.0,0.0,0.0,0.0,0.05
463,4148,9110,A,A,KRQDILDLWVY,False,0.000000,0.000000,nan,1.0,1.0,1.0,1.0,0.81818,0.0
463,4148,9110,G,A,KRQDILDLWVY,True,0.002577,0.002340,nan,0.0,0.0,0.0,0.0,0.18182,1.0
464,4212,9174,C,C,nan,False,0.000000,0.000000,nan,1.0,1.0,1.0,1.0,1.0,0.9
464,4212,9174,T,C,nan,False,-0.001311,-0.001228,nan,0.0,0.0,0.0,0.0,0.0,0.1
465,4221,9183,A,G,nan,False,-0.001223,-0.001467,nan,0.0,0.0,0.0,0.0,0.0,0.05
465,4221,9183,G,G,nan,False,0.000000,0.000000,nan,1.0,1.0,1.0,1.0,1.0,0.95
466,4231,9193,A,G,nan,False,-0.003913,-0.002698,nan,0.0,0.0,0.0,0.0,0.090909,0.0
466,4231,9193,G,G,nan,False,0.000000,0.000000,nan,1.0,1.0,1.0,1.0,0.90909,1.0
467,4276,9238,A,G,nan,False,0.000837,-0.000397,nan,0.0,0.0,0.0,0.043478,0.0,0.0
467,4276,9238,G,G,nan,False,0.000000,0.000000,nan,1.0,1.0,1.0,0.95652,1.0,1.0
468,4285,9247,A,A,nan,False,0.000000,0.000000,nan,1.0,1.0,1.0,1.0,1.0,0.8
468,4285,9247,G,A,nan,False,0.001076,0.000921,nan,0.0,0.0,0.0,0.0,0.0,0.2
469,4291,9253,A,G,nan,False,-0.000497,-0.000621,nan,0.0,0.0,0.0,0.0,0.0,0.05
469,4291,9253,G,G,nan,False,0.000000,0.000000,nan,1.0,1.0,1.0,1.0,1.0,0.95
470,4301,9263,C,C,nan,False,0.000000,0.000000,nan,1.0,1.0,1.0,1.0,1.0,0.95
470,4301,9263,T,C,nan,False,-0.000998,-0.000838,nan,0.0,0.0,0.0,0.0,0.0,0.05
471,4315,9277,A,A,nan,False,0.000000,0.000000,nan,1.0,1.0,1.0,1.0,1.0,0.95
471,4315,9277,G,A,nan,False,-0.000090,-0.000383,nan,0.0,0.0,0.0,0.0,0.0,0.05
472,4319,9281,A,A,nan,False,0.000000,0.000000,nan,1.0,1.0,1.0,1.0,1.0,0.45
472,4319,9281,G,A,nan,False,-0.000463,-0.000242,nan,0.0,0.0,0.0,0.0,0.0,0.55
473,4327,9289,C,C,nan,False,0.000000,0.000000,nan,1.0,1.0,1.0,1.0,1.0,0.8
473,4327,9289,T,C,nan,False,0.001045,0.000418,nan,0.0,0.0,0.0,0.0,0.0,0.2
474,4414,9376,A,A,nan,False,0.000000,0.000000,nan,1.0,1.0,1.0,1.0,1.0,0.95
474,4414,9376,T,A,nan,False,0.000610,0.000486,nan,0.0,0.0,0.0,0.0,0.0,0.05
475,4415,9377,C,T,nan,False,0.002655,0.002159,nan,0.0,0.0,0.0,0.0,0.0,0.95
475,4415,9377,T,T,nan,False,0.000000,0.000000,nan,1.0,1.0,1.0,1.0,1.0,0.05
476,4426,9388,A,C,nan,False,-0.000004,-0.000128,nan,0.0,0.0,0.0,0.0,0.0,0.05
476,4426,9388,C,C,nan,False,0.000000,0.000000,nan,1.0,1.0,1.0,1.0,1.0,0.95
477,4443,9405,C,C,nan,False,0.000000,0.000000,nan,1.0,1.0,1.0,1.0,1.0,0.95
477,4443,9405,T,C,nan,False,-0.001016,-0.001425,nan,0.0,0.0,0.0,0.0,0.0,0.05
478,4487,9449,G,G,nan,False,0.000000,0.000000,nan,1.0,0.97297,1.0,1.0,1.0,1.0
478,4487,9449,T,G,nan,False,-0.001420,-0.003631,nan,0.0,0.027027,0.0,0.0,0.0,0.0
479,4521,9471,G,T,nan,False,-0.000110,-0.000379,nan,0.0,0.0,0.0,0.0,0.0,0.05
479,4521,9471,T,T,nan,False,0.000000,0.000000,nan,1.0,1.0,1.0,1.0,1.0,0.95
480,4532,9482,C,C,nan,False,0.000000,0.000000,nan,1.0,1.0,1.0,1.0,1.0,0.95
480,4532,9482,T,C,nan,False,-0.000293,-0.000416,nan,0.0,0.0,0.0,0.0,0.0,0.05
481,4578,9528,C,T,nan,False,-0.000298,-0.000372,nan,0.0,0.0,0.0,0.0,0.0,0.1
481,4578,9528,T,T,nan,False,0.000000,0.000000,nan,1.0,1.0,1.0,1.0,1.0,0.9
482,4588,9538,G,T,nan,False,-0.000542,-0.000429,nan,0.0,0.0,0.0,0.0,0.0,0.25
482,4588,9538,T,T,nan,False,0.000000,0.000000,nan,1.0,1.0,1.0,1.0,1.0,0.75
483,4622,9572,A,G,nan,False,0.012269,0.015805,nan,0.0,0.0,0.1,0.0,0.0,0.0
483,4622,9572,G,G,nan,False,0.000000,0.000000,nan,1.0,1.0,0.9,1.0,1.0,1.0
484,4640,9590,-,G,nan,False,-0.000090,-0.000023,nan,0.0,0.0,0.0,0.0,0.090909,0.0
484,4640,9590,G,G,nan,False,0.000000,0.000000,nan,1.0,1.0,1.0,1.0,0.90909,1.0
