polymorphic_index,HXB2_index,nucleotide,TF,consensus,epitope,escape,sc_old,sc_MPL,tc_MPL,f_at_0,f_at_21,f_at_77,f_at_179,f_at_438,xp_at_0,xp_at_21,xp_at_77,xp_at_179,xp_at_438,tc_0,tc_1,tc_2,tc_3,tc_4,tc_5,tc_6,tc_7,tc_8,tc_9,tc_10,tc_11,tc_12,tc_13,tc_14,tc_15,tc_16,tc_17,tc_18,tc_19,tc_20
6,1057,G,A,G,VHKGIKVKD,True,0.007224,0.004484,0.03362371,0.0,0.0,0.0,0.0,0.95,0.0,0.0,0.0,1.0,1.0,0.03668022,0.0364813,0.03616595,0.03566866,0.03487785,0.03362371,0.03163456,0.02848102,0.02350813,0.01560002,0.003058634,-0.01683292,-0.04836832,-0.09809721,-0.1771783,-0.3025921,-0.5015077,-0.8168617,-1.314151,-2.104961,-3.3591
7,1067,C,A,A,VHKGIKVKD,True,0.023934,0.001309,0.03362371,0.0,0.0,0.0,0.125,0.0,0.0,0.0,0.0,1.0,1.0,0.03668022,0.0364813,0.03616595,0.03566866,0.03487785,0.03362371,0.03163456,0.02848102,0.02350813,0.01560002,0.003058634,-0.01683292,-0.04836832,-0.09809721,-0.1771783,-0.3025921,-0.5015077,-0.8168617,-1.314151,-2.104961,-3.3591
8,1069,A,G,G,VHKGIKVKD,True,0.033897,0.005566,0.03362371,0.0,0.0,0.0,0.875,1.0,0.0,0.0,0.0,1.0,1.0,0.03668022,0.0364813,0.03616595,0.03566866,0.03487785,0.03362371,0.03163456,0.02848102,0.02350813,0.01560002,0.003058634,-0.01683292,-0.04836832,-0.09809721,-0.1771783,-0.3025921,-0.5015077,-0.8168617,-1.314151,-2.104961,-3.3591
30,1979,G,A,A,GKEGHIAKN,True,0.01004,0.004338,0.07449132,0.0,0.0,0.75,0.0,0.0,0.0,0.0,1.0,1.0,1.0,0.07284324,0.0729505,0.07312054,0.07338868,0.07381508,0.07449132,0.07556388,0.07726428,0.07994568,0.08420975,0.09097211,0.1016977,0.1187017,0.1455157,0.1881564,0.25578,0.3630359,0.5330757,0.8012155,1.227623,1.903859
31,1990,C,A,A,GKEGHIAKN,True,0.001386,0.000341,0.07449132,0.0,0.0,0.25,0.0,0.0,0.0,0.0,1.0,1.0,1.0,0.07284324,0.0729505,0.07312054,0.07338868,0.07381508,0.07449132,0.07556388,0.07726428,0.07994568,0.08420975,0.09097211,0.1016977,0.1187017,0.1455157,0.1881564,0.25578,0.3630359,0.5330757,0.8012155,1.227623,1.903859
33,1997,G,A,G,GKEGHIAKN,True,0.059138,0.008183,0.07449132,0.0,0.0,0.0,1.0,1.0,0.0,0.0,1.0,1.0,1.0,0.07284324,0.0729505,0.07312054,0.07338868,0.07381508,0.07449132,0.07556388,0.07726428,0.07994568,0.08420975,0.09097211,0.1016977,0.1187017,0.1455157,0.1881564,0.25578,0.3630359,0.5330757,0.8012155,1.227623,1.903859
38,2352,A,G,G,EEMNLTGKW,True,-0.000353,-0.000615,0.04065495,0.0,0.0,0.0,0.0,0.05,0.0,0.0,0.0,1.0,1.0,0.03724726,0.03746903,0.03782062,0.03837504,0.03925672,0.04065495,0.04287266,0.04638854,0.0519328,0.06074954,0.07473191,0.09690898,0.1320677,0.1875104,0.2756778,0.4155015,0.6372722,0.9888599,1.543287,2.42496,3.823197
39,2361,C,A,A,EEMNLTGKW,True,0.005786,0.00025,0.04065495,0.0,0.0,0.0,0.125,0.0,0.0,0.0,0.0,1.0,1.0,0.03724726,0.03746903,0.03782062,0.03837504,0.03925672,0.04065495,0.04287266,0.04638854,0.0519328,0.06074954,0.07473191,0.09690898,0.1320677,0.1875104,0.2756778,0.4155015,0.6372722,0.9888599,1.543287,2.42496,3.823197
40,2362,G,A,A,EEMNLTGKW,True,0.015356,-0.001298,0.04065495,0.0,0.0,0.0,0.25,0.0,0.0,0.0,0.0,1.0,1.0,0.03724726,0.03746903,0.03782062,0.03837504,0.03925672,0.04065495,0.04287266,0.04638854,0.0519328,0.06074954,0.07473191,0.09690898,0.1320677,0.1875104,0.2756778,0.4155015,0.6372722,0.9888599,1.543287,2.42496,3.823197
42,2367,C,A,C,EEMNLTGKW,True,0.011295,0.005248,0.04065495,0.0,0.0,0.0,0.0,1.0,0.0,0.0,0.0,1.0,1.0,0.03724726,0.03746903,0.03782062,0.03837504,0.03925672,0.04065495,0.04287266,0.04638854,0.0519328,0.06074954,0.07473191,0.09690898,0.1320677,0.1875104,0.2756778,0.4155015,0.6372722,0.9888599,1.543287,2.42496,3.823197
42,2367,G,A,C,EEMNLTGKW,True,0.010961,0.001216,0.04065495,0.0,0.0,0.0,0.25,0.0,0.0,0.0,0.0,1.0,1.0,0.03724726,0.03746903,0.03782062,0.03837504,0.03925672,0.04065495,0.04287266,0.04638854,0.0519328,0.06074954,0.07473191,0.09690898,0.1320677,0.1875104,0.2756778,0.4155015,0.6372722,0.9888599,1.543287,2.42496,3.823197
43,2374,G,A,A,EEMNLTGKW,True,0.004559,-1.6e-05,0.04065495,0.0,0.0,0.0,0.5,0.0,0.0,0.0,0.0,1.0,1.0,0.03724726,0.03746903,0.03782062,0.03837504,0.03925672,0.04065495,0.04287266,0.04638854,0.0519328,0.06074954,0.07473191,0.09690898,0.1320677,0.1875104,0.2756778,0.4155015,0.6372722,0.9888599,1.543287,2.42496,3.823197
