tag,HXB2_index,protein, epitope, nucleotide,TF,sc_MPL,tc_MPL
700010040-3,5404,vif,AIRKAILGR,G,A,-0.004503,0.03006724
700010040-3,5405,vif,AIRKAILGR,C,A,0.000792,0.03006724
700010040-3,5410,vif,AIRKAILGR,C,A,0.011371,0.03006724
700010040-3,5413,vif,AIRKAILGR,G,T,0.002124,0.03006724
700010040-3,8745,gp41,RACRAILHI,T,C,0.004907,0.01388921
700010040-3,8746,gp41,RACRAILHI,G,T,-0.012055,0.01388921
700010040-3,8752,gp41,RACRAILHI,C,T,0.010187,0.01388921
700010040-3,9359,nef,SSLAFRHVAR,A,G,0.01208,-0.009853399
700010040-3,9360,nef,SSLAFRHVAR,A,C,0.001572,-0.009853399
700010040-3,9360,nef,SSLAFRHVAR,G,C,-0.015822,-0.009853399
700010040-3,9371,nef,SSLAFRHVAR,A,G,0.000188,-0.009853399
700010040-3,9377,nef,SSLAFRHVAR,A,T,-0.01839,-0.009853399
700010040-3,9383,nef,SSLAFRHVAR,A,G,0.000332,-0.009853399
700010058-3,7980,gp41,ERYLRDQQL,C,T,0.004003,0.08540438
700010058-3,7986,gp41,ERYLRDQQL,G,A,-0.010883,0.08540438
700010058-3,7987,gp41,ERYLRDQQL,A,G,0.023642,0.08540438
700010058-3,7988,gp41,ERYLRDQQL,C,G,-0.000215,0.08540438
700010077-3,6000,rev,DLLKTVRLI,A,G,0.001039,0.014323
700010077-3,6012,rev,DLLKTVRLI,G,A,0.002236,0.014323
700010077-3,6013,rev,DLLKTVRLI,T,C,-0.004543,0.014323
700010077-3,6018,rev,DLLKTVRLI,G,A,0.002689,0.014323
700010077-3,6021,rev,DLLKTVRLI,A,T,0.02604,0.014323
700010077-3,6021,rev,DLLKTVRLI,G,T,0.023215,0.014323
700010077-3,7251,gp120,TLSHVVDKL,G,A,0.002797,0.01923678
700010077-3,7252,gp120,TLSHVVDKL,A,G,0.003276,0.01923678
700010077-3,7254,gp120,TLSHVVDKL,T,C,-0.004555,0.01923678
700010077-3,7263,gp120,TLSHVVDKL,A,G,0.002161,0.01923678
700010077-3,7285,gp120,QF-RNKTIVF,A,G,0.028781,0.1631719
700010077-3,7286,gp120,QF-RNKTIVF,C,G,0.003529,0.1631719
700010077-3,7296,gp120,QF-RNKTIVF,G,A,0.002125,0.1631719
700010077-3,8704,gp41,DRVIEELQR,G,A,0.00098,0.06463941
700010077-3,8709,gp41,DRVIEELQR,A,G,0.001031,0.06463941
700010077-3,8719,gp41,DRVIEELQR,C,A,0.008116,0.06463941
700010077-3,8719,gp41,DRVIEELQR,G,A,0.012893,0.06463941
700010077-3,8722,gp41,DRVIEELQR,C,T,-0.000791,0.06463941
700010077-3,8865y,nef,DEPAAVGVG,A,G,0.001256,0.02897636
700010077-3,8865z,nef,DEPAAVGVG,G,A,5e-05,0.02897636
700010077-3,8865A,nef,DEPAAVGVG,A,T,0.003509,0.02897636
700010077-3,8865A,nef,DEPAAVGVG,G,T,0.006986,0.02897636
700010077-3,8866,nef,DEPAAVGVG,A,G,-0.000276,0.02897636
700010077-3,8867,nef,DEPAAVGVG,G,A,5e-05,0.02897636
700010077-3,8869,nef,DEPAAVGVG,T,C,0.004939,0.02897636
700010077-3,8875,nef,DEPAAVGVG,-,G,0.001566,0.02897636
700010077-3,8876,nef,DEPAAVGVG,-,C,0.001575,0.02897636
700010077-3,8877,nef,DEPAAVGVG,-,A,0.00173,0.02897636
700010077-3,8878,nef,DEPAAVGVG,-,G,0.001566,0.02897636
700010077-3,8879,nef,DEPAAVGVG,-,T,0.001599,0.02897636
700010077-3,8880,nef,DEPAAVGVG,-,G,0.002725,0.02897636
700010077-3,8881,nef,DEPAAVGVG,-,G,0.001566,0.02897636
700010077-3,8882,nef,DEPAAVGVG,-,G,0.001566,0.02897636
700010077-3,8883,nef,DEPAAVGVG,-,G,0.001566,0.02897636
700010077-3,8884,nef,DEPAAVGVG,-,G,0.001566,0.02897636
700010077-3,8885,nef,DEPAAVGVG,-,T,0.001599,0.02897636
700010077-3,8886,nef,DEPAAVGVG,-,G,0.001566,0.02897636
700010077-3,8887,nef,DEPAAVGVG,-,G,0.001566,0.02897636
700010077-3,8888,nef,DEPAAVGVG,-,G,0.001566,0.02897636
700010077-3,8889,nef,DEPAAVGVG,-,A,0.00173,0.02897636
700010077-3,8890,nef,DEPAAVGVG,-,C,0.000986,0.02897636
700010077-3,8890,nef,DEPAAVGVG,A,C,-0.001738,0.02897636
700010077-3,8890,nef,DEPAAVGVG,T,C,0.001009,0.02897636
700010077-3,9040,nef,KAALDLSHF,C,A,0.02607,0.1954455
700010077-3,9041,nef,KAALDLSHF,C,A,0.004349,0.1954455
700010077-3,9044,nef,KAALDLSHF,G,C,0.009461,0.1954455
700010077-3,9050,nef,KAALDLSHF,A,T,0.002008,0.1954455
700010077-3,9055,nef,KAALDLSHF,A,C,0.002721,0.1954455
700010470-3,5096,vif,RIKTWKSLVK,G,A,-0.001043,0.08201361
700010470-3,5097,vif,RIKTWKSLVK,T,A,0.027426,0.08201361
700010470-3,5106,vif,RIKTWKSLVK,C,A,-0.014382,0.08201361
700010470-3,5107,vif,RIKTWKSLVK,G,A,-0.010419,0.08201361
700010470-3,8776,gp41,RQGLERALI,C,T,-0.00204,0.03309678
700010470-3,8784,gp41,RQGLERALI,A,G,0.003908,0.03309678
700010470-3,8785,gp41,RQGLERALI,T,C,0.001354,0.03309678
700010470-3,8789,gp41,RQGLERALI,T,A,0.001554,0.03309678
700010470-3,9359,nef,RLAYQHIAKEK,A,G,-0.002222,0.1481088
700010470-3,9359,nef,RLAYQHIAKEK,T,G,0.007074,0.1481088
700010470-3,9370,nef,RLAYQHIAKEK,A,C,-0.000292,0.1481088
700010470-3,9383,nef,RLAYQHIAKEK,G,A,0.029415,0.1481088
700010470-5,1069,p17,DIKDTKEAL,G,A,0.005013,0.01389613
700010470-5,1072,p17,DIKDTKEAL,C,A,-0.000384,0.01389613
700010470-5,1082,p17,DIKDTKEAL,G,A,-0.002073,0.01389613
700010470-5,2236,p6,ELYPMTSLK,A,C,0.000857,0.006073396
700010470-5,2249,p6,ELYPMTSLK,A,C,-0.00102,0.006073396
700010470-5,2258,p6,ELYPMTSLK,G,A,0.002222,0.006073396
700010470-5,3931,rnase,RGRQKVVSL,A,G,-0.012085,0.0380773
700010470-5,3939,rnase,RGRQKVVSL,A,C,0.002137,0.0380773
700010470-5,3946,rnase,RGRQKVVSL,C,T,0.00156,0.0380773
700010470-5,3951,rnase,RGRQKVVSL,C,T,0.010648,0.0380773
700010607-3,9111,nef,KRREILDLWVY,C,A,0.007948,0.2588864
700010607-3,9116,nef,KRREILDLWVY,A,G,0.020999,0.2588864
700010607-3,9122,nef,KRREILDLWVY,C,T,0.002775,0.2588864
700010607-3,9137,nef,KRREILDLWVY,C,T,0.001432,0.2588864
700010607-3,9139,nef,KRREILDLWVY,C,T,0.018282,0.2588864
703010131-3,8988a,nef,EEVGFPVKPQV,-,G,-0.014669,0.1587205
703010131-3,8988a,nef,EEVGFPVKPQV,A,G,-0.021666,0.1587205
703010131-3,8988b,nef,EEVGFPVKPQV,-,A,0.002384,0.1587205
703010131-3,8988b,nef,EEVGFPVKPQV,G,A,0.01243,0.1587205
703010131-3,8988c,nef,EEVGFPVKPQV,-,A,0.016185,0.1587205
703010131-3,8988c,nef,EEVGFPVKPQV,C,A,0.035017,0.1587205
703010131-3,8988c,nef,EEVGFPVKPQV,T,A,0.023776,0.1587205
703010131-3,8990,nef,EEVGFPVKPQV,G,A,0.019291,0.1587205
703010131-3,9008,nef,EEVGFPVKPQV,G,A,0.016143,0.1587205
703010131-5,1261,p24,VKVIEEKAF,A,G,-0.000484,0.007694054
703010131-5,1270,p24,VKVIEEKAF,C,G,0.003686,0.007694054
703010131-5,1272,p24,VKVIEEKAF,C,G,0.003437,0.007694054
703010131-5,1272,p24,VKVIEEKAF,T,G,0.00457,0.007694054
703010131-5,1276,p24,VKVIEEKAF,C,G,-0.001262,0.007694054
703010159-3,8501,rev,PTEPVPFQL,T,C,0.006241,0.189012
703010159-3,8502,rev,PTEPVPFQL,A,C,0.037577,0.189012
703010159-3,8502,rev,PTEPVPFQL,T,C,0.027072,0.189012
703010159-3,8511,rev,PTEPVPFQL,T,C,0.008497,0.189012
703010159-3,8516,rev,PTEPVPFQL,T,C,-0.033087,0.189012
703010159-3,8519,rev,PTEPVPFQL,C,T,0.028459,0.189012
703010159-3,8521,rev,PTEPVPFQL,A,T,-0.019975,0.189012
703010159-3,8521,rev,PTEPVPFQL,G,T,-0.009522,0.189012
703010159-3,9328,nef,REVLIWKFD,G,A,-0.00428,0.246674
703010159-3,9329,nef,REVLIWKFD,A,G,-0.004176,0.246674
703010159-3,9331,nef,REVLIWKFD,A,G,-0.017979,0.246674
703010159-3,9331,nef,REVLIWKFD,C,G,-0.006594,0.246674
703010159-3,9333,nef,REVLIWKFD,C,A,0.00867,0.246674
703010159-3,9333,nef,REVLIWKFD,T,A,0.022259,0.246674
703010159-3,9335,nef,REVLIWKFD,A,T,-0.014338,0.246674
703010159-3,9339,nef,REVLIWKFD,C,A,0.028493,0.246674
703010159-3,9341,nef,REVLIWKFD,A,T,0.024594,0.246674
703010159-3,9341,nef,REVLIWKFD,C,T,0.021955,0.246674
703010159-3,9341,nef,REVLIWKFD,G,T,0.02362,0.246674
703010256-3,5558,vif,EDRWNKPQK,A,G,-0.003681,0.03818566
703010256-3,5566,vif,EDRWNKPQK,G,A,0.000383,0.03818566
703010256-3,5569,vif,EDRWNKPQK,T,C,0.010259,0.03818566
703010256-3,5570,vif,EDRWNKPQK,T,C,-0.005259,0.03818566
703010256-3,5573,vif,EDRWNKPQK,G,A,0.00074,0.03818566
703010256-3,5575,vif,EDRWNKPQK,G,A,-0.00024,0.03818566
703010256-3,8449,gp41,RNRSIRLVN,A,G,0.002787,0.06166157
703010256-3,8451,gp41,RNRSIRLVN,G,A,0.006043,0.06166157
703010256-3,8452,gp41,RNRSIRLVN,G,A,-0.005867,0.06166157
703010256-3,8456,gp41,RNRSIRLVN,C,A,0.000691,0.06166157
703010256-3,8458,gp41,RNRSIRLVN,T,C,0.008927,0.06166157
703010256-3,8625,gp41,LVQDWGLEL,A,C,0.000425,0.01193843
703010256-3,8628,gp41,LVQDWGLEL,A,G,-0.001006,0.01193843
703010256-3,8628,gp41,LVQDWGLEL,T,G,0.00427,0.01193843
703010256-3,8629,gp41,LVQDWGLEL,G,A,0.001173,0.01193843
703010256-3,8629,gp41,LVQDWGLEL,T,A,-0.002531,0.01193843
703010256-3,8644,gp41,LVQDWGLEL,A,T,-0.002239,0.01193843
703010256-3,9368,nef,QLAHRHMAR,G,A,-0.001909,0.03890897
703010256-3,9371,nef,QLAHRHMAR,A,G,0.009271,0.03890897
703010256-3,9376,nef,QLAHRHMAR,C,A,-0.0012,0.03890897
703010256-5,3276,rt,PIQLPEKDS,T,C,0.00304,0.04566084
703010256-5,3280,rt,PIQLPEKDS,C,T,-0.015073,0.04566084
703010256-5,3282,rt,PIQLPEKDS,A,C,0.000222,0.04566084
703010256-5,3283,rt,PIQLPEKDS,T,A,0.022093,0.04566084
703010256-5,3293,rt,PIQLPEKDS,C,A,-0.000881,0.04566084
703010256-5,3297,rt,PIQLPEKDS,A,G,0.000553,0.04566084
703010256-5,3300,rt,PIQLPEKDS,T,A,-0.006581,0.04566084
703010256-5,3301,rt,PIQLPEKDS,A,G,-0.003143,0.04566084
704010042-3,6732,gp120,KQRVHALFY,A,C,-0.001679,0.01071262
704010042-3,6733,gp120,KQRVHALFY,G,A,-0.001677,0.01071262
704010042-3,6735,gp120,KQRVHALFY,G,A,-0.000732,0.01071262
704010042-3,6736,gp120,KQRVHALFY,A,G,0.009434,0.01071262
704010042-3,6737,gp120,KQRVHALFY,C,A,-0.000716,0.01071262
704010042-3,6739,gp120,KQRVHALFY,A,T,-0.000757,0.01071262
704010042-3,6739,gp120,KQRVHALFY,C,T,-0.000698,0.01071262
704010042-3,6741,gp120,KQRVHALFY,A,C,0.000148,0.01071262
704010042-3,6741,gp120,KQRVHALFY,T,C,0.001308,0.01071262
704010042-3,6742,gp120,KQRVHALFY,G,A,-0.001984,0.01071262
704010042-3,6757,gp120,KQRVHALFY,A,G,-0.005892,0.01071262
704010042-3,8133,gp41,NYTDIIYRL,-,A,0.000488,0.03284686
704010042-3,8134,gp41,NYTDIIYRL,-,A,0.000488,0.03284686
704010042-3,8135,gp41,NYTDIIYRL,-,T,-7.8e-05,0.03284686
704010042-3,8142,gp41,NYTDIIYRL,A,G,-0.003377,0.03284686
704010042-3,8144,gp41,NYTDIIYRL,A,T,0.002731,0.03284686
704010042-3,8144,gp41,NYTDIIYRL,G,T,0.001354,0.03284686
704010042-3,8146,gp41,NYTDIIYRL,C,T,0.003563,0.03284686
705010162-3,8852,nef,RIRKTAPTA,A,G,0.010479,0.0357667
705010162-3,8856,nef,RIRKTAPTA,G,A,-0.002646,0.0357667
705010162-3,8861,nef,RIRKTAPTA,G,A,0.000925,0.0357667
705010162-3,8865a,nef,RIRKTAPTA,-,G,-0.000255,0.0357667
705010162-3,8865b,nef,RIRKTAPTA,-,C,-0.000235,0.0357667
705010162-3,8865c,nef,RIRKTAPTA,-,A,-5.3e-05,0.0357667
705010162-3,8865d,nef,RIRKTAPTA,-,C,-0.000235,0.0357667
705010162-3,8865e,nef,RIRKTAPTA,-,C,-0.000235,0.0357667
705010162-3,8865f,nef,RIRKTAPTA,-,A,9.4e-05,0.0357667
705010162-3,8865g,nef,RIRKTAPTA,-,A,9.4e-05,0.0357667
705010162-3,8865h,nef,RIRKTAPTA,-,C,-0.000235,0.0357667
705010162-3,8865i,nef,RIRKTAPTA,-,A,9.4e-05,0.0357667
705010162-3,8865j,nef,RIRKTAPTA,-,G,-0.000255,0.0357667
705010162-3,8865k,nef,RIRKTAPTA,-,C,-0.000235,0.0357667
705010162-3,8865l,nef,RIRKTAPTA,-,A,9.4e-05,0.0357667
705010162-3,8865m,nef,RIRKTAPTA,-,G,-1.3e-05,0.0357667
705010162-3,8865n,nef,RIRKTAPTA,-,A,0.000316,0.0357667
705010162-3,8865o,nef,RIRKTAPTA,-,G,-1.3e-05,0.0357667
705010162-3,8865p,nef,RIRKTAPTA,-,A,-0.000377,0.0357667
705010162-3,8865q,nef,RIRKTAPTA,-,G,0.001689,0.0357667
705010162-3,8865q,nef,RIRKTAPTA,A,G,0.003622,0.0357667
705010162-3,8865r,nef,RIRKTAPTA,-,A,-0.000377,0.0357667
705010162-3,8865s,nef,RIRKTAPTA,-,A,-0.000377,0.0357667
705010162-3,8865t,nef,RIRKTAPTA,-,A,-0.000377,0.0357667
705010162-3,8865u,nef,RIRKTAPTA,-,A,-0.000377,0.0357667
705010162-3,8865v,nef,RIRKTAPTA,-,A,-0.000377,0.0357667
705010162-3,8865w,nef,RIRKTAPTA,-,C,-0.000712,0.0357667
705010162-3,8865x,nef,RIRKTAPTA,-,T,-0.000661,0.0357667
705010162-3,8868,nef,RIRKTAPTA,T,A,-0.000651,0.0357667
705010162-3,9119,nef,EILDLWVYH,G,A,0.000862,0.03745473
705010162-3,9120,nef,EILDLWVYH,T,G,0.008467,0.03745473
705010162-3,9142,nef,EILDLWVYH,A,C,-0.006494,0.03745473
705010162-5,1057,p17,VHKGIKVKD,G,A,0.004484,0.03362371
705010162-5,1067,p17,VHKGIKVKD,C,A,0.001309,0.03362371
705010162-5,1069,p17,VHKGIKVKD,A,G,0.005566,0.03362371
705010162-5,1979,p7,GKEGHIAKN,G,A,0.004338,0.07449132
705010162-5,1990,p7,GKEGHIAKN,C,A,0.000341,0.07449132
705010162-5,1997,p7,GKEGHIAKN,G,A,0.008183,0.07449132
705010162-5,2352,pro,EEMNLTGKW,A,G,-0.000615,0.04065495
705010162-5,2361,pro,EEMNLTGKW,C,A,0.00025,0.04065495
705010162-5,2362,pro,EEMNLTGKW,G,A,-0.001298,0.04065495
705010162-5,2367,pro,EEMNLTGKW,C,A,0.005248,0.04065495
705010162-5,2367,pro,EEMNLTGKW,G,A,0.001216,0.04065495
705010162-5,2374,pro,EEMNLTGKW,G,A,-1.6e-05,0.04065495
705010185-5,1003,p17,GTEELRSLY,T,A,0.006109,0.08134024
705010185-5,1006,p17,GTEELRSLY,A,G,0.008162,0.08134024
705010185-5,1011,p17,GTEELRSLY,C,A,0.001322,0.08134024
705010185-5,1016,p17,GTEELRSLY,A,G,-0.013513,0.08134024
705010185-5,1024,p17,GTEELRSLY,C,T,0.014003,0.08134024
705010198-3,9044,nef,KAAFDLSFF,A,C,0.00871,0.1030668
705010198-3,9044,nef,KAAFDLSFF,G,C,0.015327,0.1030668
705010198-3,9064,nef,KAAFDLSFF,C,T,-0.004865,0.1030668
705010198-3,9065,nef,KAAFDLSFF,A,T,0.009012,0.1030668
706010164-3,5902,tat,NCYCKMCSY,A,C,-0.000229,0.07556745
706010164-3,5915,tat,NCYCKMCSY,C,A,0.018476,0.07556745
706010164-3,5916,tat,NCYCKMCSY,G,T,0.024967,0.07556745
706010164-3,5917,tat,NCYCKMCSY,T,G,0.016155,0.07556745
706010164-3,6849,gp120,SFDPIPIHY,A,T,0.003089,-0.002115374
706010164-3,6858,gp120,SFDPIPIHY,-,C,0.001821,-0.002115374
706010164-3,6859,gp120,SFDPIPIHY,-,C,0.001821,-0.002115374
706010164-3,6860,gp120,SFDPIPIHY,-,A,0.00225,-0.002115374
706010164-3,6861,gp120,SFDPIPIHY,-,A,0.00225,-0.002115374
706010164-3,6862,gp120,SFDPIPIHY,-,T,0.001886,-0.002115374
706010164-3,6863,gp120,SFDPIPIHY,-,T,0.001886,-0.002115374
706010164-3,8988,nef,EEVGFPVRPQV,C,A,-2.4e-05,0.08603164
706010164-3,8988a,nef,EEVGFPVRPQV,A,G,0.005361,0.08603164
706010164-3,8988b,nef,EEVGFPVRPQV,G,A,0.001568,0.08603164
706010164-3,8988c,nef,EEVGFPVRPQV,C,A,0.002003,0.08603164
706010164-3,8990,nef,EEVGFPVRPQV,G,A,0.002637,0.08603164
706010164-3,8991,nef,EEVGFPVRPQV,C,A,0.002781,0.08603164
