polymorphic_index,HXB2_index,nucleotide,TF,consensus,epitope,escape,sc_old,sc_MPL,tc_MPL,f_at_0,f_at_8,f_at_12,f_at_22,f_at_29,f_at_56,f_at_85,f_at_302,xp_at_0,xp_at_8,xp_at_12,xp_at_22,xp_at_29,xp_at_56,xp_at_85,xp_at_302
370,8501,T,C,T,PTEPVPFQL,True,0.041675,0.00636,0.1883751,0.0,0.0,0.0,0.16667,0.14286,0.30769,0.9,0.78571,0.000000,0.000000,0.000000,0.333333,0.857143,0.923077,1.000000,1.000000
371,8502,A,C,C,PTEPVPFQL,True,0.050078,0.037619,0.1883751,0.0,0.0,0.0,0.0,0.0,0.30769,0.1,0.21429,0.000000,0.000000,0.000000,0.333333,0.857143,0.923077,1.000000,1.000000
371,8502,T,C,C,PTEPVPFQL,True,0.035155,0.027099,0.1883751,0.0,0.0,0.0,0.0,0.0,0.076923,0.0,0.0,0.000000,0.000000,0.000000,0.333333,0.857143,0.923077,1.000000,1.000000
372,8511,T,C,C,PTEPVPFQL,True,0.018771,0.008532,0.1883751,0.0,0.0,0.0,0.0,0.0,0.076923,0.0,0.0,0.000000,0.000000,0.000000,0.333333,0.857143,0.923077,1.000000,1.000000
374,8516,T,C,C,PTEPVPFQL,True,0.000692,-0.032974,0.1883751,0.0,0.0,0.0,0.16667,0.14286,0.0,0.0,0.0,0.000000,0.000000,0.000000,0.333333,0.857143,0.923077,1.000000,1.000000
375,8519,C,T,C,PTEPVPFQL,True,0.022815,0.028439,0.1883751,0.0,0.0,0.0,0.0,0.42857,0.076923,0.0,0.0,0.000000,0.000000,0.000000,0.333333,0.857143,0.923077,1.000000,1.000000
376,8521,A,T,T,PTEPVPFQL,True,0.006473,-0.019885,0.1883751,0.0,0.0,0.0,0.0,0.14286,0.0,0.0,0.0,0.000000,0.000000,0.000000,0.333333,0.857143,0.923077,1.000000,1.000000
376,8521,G,T,T,PTEPVPFQL,True,0.010127,-0.009455,0.1883751,0.0,0.0,0.0,0.0,0.0,0.076923,0.0,0.0,0.000000,0.000000,0.000000,0.333333,0.857143,0.923077,1.000000,1.000000
417,9328,G,A,A,REVLIWKFD,True,0.007514,-0.00424,0.2458323,0.0,0.0,0.0,0.0,0.0,0.15385,0.0,0.0,0.000000,0.000000,0.076923,0.166667,0.857143,1.000000,1.000000,1.000000
418,9329,A,G,G,REVLIWKFD,True,0.025294,-0.004075,0.2458323,0.0,0.0,0.0,0.16667,0.42857,0.076923,0.0,0.0,0.000000,0.000000,0.076923,0.166667,0.857143,1.000000,1.000000,1.000000
420,9331,A,G,G,REVLIWKFD,True,-0.001461,-0.017922,0.2458323,0.0,0.0,0.076923,0.0,0.0,0.0,0.0,0.0,0.000000,0.000000,0.076923,0.166667,0.857143,1.000000,1.000000,1.000000
420,9331,C,G,G,REVLIWKFD,True,0.001506,-0.006567,0.2458323,0.0,0.0,0.0,0.0,0.0,0.0,0.0,0.071429,0.000000,0.000000,0.076923,0.166667,0.857143,1.000000,1.000000,1.000000
421,9333,C,A,A,REVLIWKFD,True,0.024266,0.008723,0.2458323,0.0,0.0,0.0,0.0,0.0,0.15385,0.1,0.42857,0.000000,0.000000,0.076923,0.166667,0.857143,1.000000,1.000000,1.000000
421,9333,T,A,A,REVLIWKFD,True,0.030556,0.022287,0.2458323,0.0,0.0,0.0,0.0,0.0,0.076923,0.8,0.5,0.000000,0.000000,0.076923,0.166667,0.857143,1.000000,1.000000,1.000000
422,9335,A,T,T,REVLIWKFD,True,0.021001,-0.014218,0.2458323,0.0,0.0,0.0,0.0,0.28571,0.15385,0.0,0.0,0.000000,0.000000,0.076923,0.166667,0.857143,1.000000,1.000000,1.000000
423,9339,C,A,A,REVLIWKFD,True,0.013284,0.028441,0.2458323,0.0,0.0,0.0,0.0,0.0,0.076923,0.0,0.0,0.000000,0.000000,0.076923,0.166667,0.857143,1.000000,1.000000,1.000000
424,9341,A,T,A,REVLIWKFD,True,0.047354,0.024672,0.2458323,0.0,0.0,0.0,0.0,0.0,0.15385,0.0,0.0,0.000000,0.000000,0.076923,0.166667,0.857143,1.000000,1.000000,1.000000
424,9341,C,T,A,REVLIWKFD,True,0.046154,0.022037,0.2458323,0.0,0.0,0.0,0.0,0.0,0.076923,0.0,0.0,0.000000,0.000000,0.076923,0.166667,0.857143,1.000000,1.000000,1.000000
424,9341,G,T,A,REVLIWKFD,True,0.05291,0.02372,0.2458323,0.0,0.0,0.0,0.0,0.14286,0.076923,0.1,0.0,0.000000,0.000000,0.076923,0.166667,0.857143,1.000000,1.000000,1.000000
