polymorphic_index,HXB2_index,nucleotide,TF,epitope,sc_old,sc_MPL,pc_MPL,f_at_0,f_at_21,f_at_77,f_at_179,f_at_438,xp_at_0,xp_at_21,xp_at_77,xp_at_179,xp_at_438
290,8852,A,G,RIRKTAPTA,0.027322,0.011037,0.0381731,0.0,0.0,0.57143,1.0,0.40909,0.000000,0.000000,0.857143,1.000000,1.000000
291,8856,G,A,RIRKTAPTA,0.000555,-0.002243,0.0381731,0.0,0.0,0.14286,0.0,0.0,0.000000,0.000000,0.857143,1.000000,1.000000
291,8856,T,A,RIRKTAPTA,-0.00127,-0.00604,0.0381731,0.0,0.0,0.14286,0.0,0.0,0.000000,0.000000,0.857143,1.000000,1.000000
292,8861,G,A,RIRKTAPTA,0.006505,0.001333,0.0381731,0.0,0.0,0.14286,0.0,0.0,0.000000,0.000000,0.857143,1.000000,1.000000
293,8865a,-,G,RIRKTAPTA,0.000475,-0.000183,0.0381731,0.0,0.0,0.28571,0.0,0.63636,0.000000,0.000000,0.857143,1.000000,1.000000
294,8865b,-,C,RIRKTAPTA,0.000495,-0.000163,0.0381731,0.0,0.0,0.28571,0.0,0.63636,0.000000,0.000000,0.857143,1.000000,1.000000
295,8865c,-,A,RIRKTAPTA,0.001246,-0.00028,0.0381731,0.0,0.0,0.28571,0.0,0.63636,0.000000,0.000000,0.857143,1.000000,1.000000
295,8865c,T,A,RIRKTAPTA,0.001112,-0.000953,0.0381731,0.0,0.0,0.14286,0.0,0.0,0.000000,0.000000,0.857143,1.000000,1.000000
296,8865d,-,C,RIRKTAPTA,0.000495,-0.000163,0.0381731,0.0,0.0,0.28571,0.0,0.63636,0.000000,0.000000,0.857143,1.000000,1.000000
297,8865e,-,C,RIRKTAPTA,0.000495,-0.000163,0.0381731,0.0,0.0,0.28571,0.0,0.63636,0.000000,0.000000,0.857143,1.000000,1.000000
298,8865f,-,A,RIRKTAPTA,0.000824,0.000167,0.0381731,0.0,0.0,0.28571,0.0,0.63636,0.000000,0.000000,0.857143,1.000000,1.000000
299,8865g,-,A,RIRKTAPTA,0.000824,0.000167,0.0381731,0.0,0.0,0.28571,0.0,0.63636,0.000000,0.000000,0.857143,1.000000,1.000000
300,8865h,-,C,RIRKTAPTA,0.000495,-0.000163,0.0381731,0.0,0.0,0.28571,0.0,0.63636,0.000000,0.000000,0.857143,1.000000,1.000000
301,8865i,-,A,RIRKTAPTA,0.000824,0.000167,0.0381731,0.0,0.0,0.28571,0.0,0.63636,0.000000,0.000000,0.857143,1.000000,1.000000
302,8865j,-,G,RIRKTAPTA,0.000475,-0.000183,0.0381731,0.0,0.0,0.28571,0.0,0.63636,0.000000,0.000000,0.857143,1.000000,1.000000
303,8865k,-,C,RIRKTAPTA,0.000495,-0.000163,0.0381731,0.0,0.0,0.28571,0.0,0.63636,0.000000,0.000000,0.857143,1.000000,1.000000
304,8865l,-,A,RIRKTAPTA,0.000824,0.000167,0.0381731,0.0,0.0,0.28571,0.0,0.63636,0.000000,0.000000,0.857143,1.000000,1.000000
305,8865m,-,G,RIRKTAPTA,0.000262,1.5e-05,0.0381731,0.0,0.0,0.28571,0.11111,0.63636,0.000000,0.000000,0.857143,1.000000,1.000000
306,8865n,-,A,RIRKTAPTA,0.00059,0.000344,0.0381731,0.0,0.0,0.28571,0.11111,0.63636,0.000000,0.000000,0.857143,1.000000,1.000000
307,8865o,-,G,RIRKTAPTA,0.000262,1.5e-05,0.0381731,0.0,0.0,0.28571,0.11111,0.63636,0.000000,0.000000,0.857143,1.000000,1.000000
308,8865p,-,A,RIRKTAPTA,0.001332,-0.000226,0.0381731,0.0,0.0,0.28571,0.0,0.59091,0.000000,0.000000,0.857143,1.000000,1.000000
309,8865q,-,G,RIRKTAPTA,0.00427,0.001938,0.0381731,0.0,0.0,0.28571,0.0,0.59091,0.000000,0.000000,0.857143,1.000000,1.000000
309,8865q,A,G,RIRKTAPTA,0.006221,0.003895,0.0381731,0.0,0.0,0.0,0.55556,0.0,0.000000,0.000000,0.857143,1.000000,1.000000
310,8865r,-,A,RIRKTAPTA,0.001332,-0.000226,0.0381731,0.0,0.0,0.28571,0.0,0.59091,0.000000,0.000000,0.857143,1.000000,1.000000
311,8865s,-,A,RIRKTAPTA,0.001332,-0.000226,0.0381731,0.0,0.0,0.28571,0.0,0.59091,0.000000,0.000000,0.857143,1.000000,1.000000
312,8865t,-,A,RIRKTAPTA,0.001332,-0.000226,0.0381731,0.0,0.0,0.28571,0.0,0.59091,0.000000,0.000000,0.857143,1.000000,1.000000
313,8865u,-,A,RIRKTAPTA,0.001332,-0.000226,0.0381731,0.0,0.0,0.28571,0.0,0.59091,0.000000,0.000000,0.857143,1.000000,1.000000
314,8865v,-,A,RIRKTAPTA,0.001332,-0.000226,0.0381731,0.0,0.0,0.28571,0.0,0.59091,0.000000,0.000000,0.857143,1.000000,1.000000
315,8865w,-,C,RIRKTAPTA,0.000997,-0.000562,0.0381731,0.0,0.0,0.28571,0.0,0.59091,0.000000,0.000000,0.857143,1.000000,1.000000
316,8865x,-,T,RIRKTAPTA,0.001048,-0.000511,0.0381731,0.0,0.0,0.28571,0.0,0.59091,0.000000,0.000000,0.857143,1.000000,1.000000
317,8868,T,A,RIRKTAPTA,0.000486,-0.00125,0.0381731,0.0,0.0,0.14286,0.0,0.0,0.000000,0.000000,0.857143,1.000000,1.000000
334,9119,G,A,EILDLWVYH,0.001542,0.000991,0.02885493,0.0,0.0,0.14286,0.0,0.0,0.000000,0.000000,0.714286,0.888889,1.000000
335,9120,T,G,EILDLWVYH,0.011039,0.008817,0.02885493,0.0,0.0,0.0,0.22222,1.0,0.000000,0.000000,0.714286,0.888889,1.000000
337,9142,A,C,EILDLWVYH,0.011064,-0.004645,0.02885493,0.0,0.0,0.57143,0.66667,0.0,0.000000,0.000000,0.714286,0.888889,1.000000
